# https://github.com/mikedh/trimesh
v 0.27969701 0.01175123 1.28459942
v 0.38350072 0.01175123 1.28459942
v 0.27969701 -0.15620670 1.28459942
v 0.38350072 -0.15620670 1.28459942
v 0.33159886 -0.12412959 1.39377207
v 0.33159886 -0.02032588 1.39377207
v 0.33159886 -0.12412959 1.17542676
v 0.33159886 -0.02032588 1.17542676
v 0.41557783 -0.07222773 1.21712700
v 0.41557783 -0.07222773 1.35207183
v 0.24761990 -0.07222773 1.21712700
v 0.24761990 -0.07222773 1.35207183
v 0.33159886 0.02649546 1.28459942
v 0.33159886 -0.17095093 1.28459942
v 0.30109172 -0.15209648 1.34876949
v 0.36210601 -0.15209648 1.34876949
v 0.30109172 0.00764101 1.34876949
v 0.36210601 0.00764101 1.34876949
v 0.33159886 -0.07222773 1.41293957
v 0.30109172 -0.15209648 1.22042934
v 0.36210601 -0.15209648 1.22042934
v 0.30109172 0.00764101 1.22042934
v 0.36210601 0.00764101 1.22042934
v 0.33159886 -0.07222773 1.15625926
v 0.41146761 -0.02286613 1.24494013
v 0.41146761 -0.12158933 1.24494013
v 0.38096046 -0.10273488 1.18077005
v 0.38096046 -0.04172059 1.18077005
v 0.41146761 -0.02286613 1.32425871
v 0.41146761 -0.12158933 1.32425871
v 0.38096046 -0.10273488 1.38842878
v 0.38096046 -0.04172059 1.38842878
v 0.43032206 -0.07222773 1.28459942
v 0.25173012 -0.02286613 1.24494013
v 0.25173012 -0.12158933 1.24494013
v 0.28223726 -0.10273488 1.18077005
v 0.28223726 -0.04172059 1.18077005
v 0.25173012 -0.02286613 1.32425871
v 0.25173012 -0.12158933 1.32425871
v 0.28223726 -0.10273488 1.38842878
v 0.28223726 -0.04172059 1.38842878
v 0.23287567 -0.07222773 1.28459942
v 0.30462112 0.02273790 1.28459942
v 0.35857661 0.02273790 1.28459942
v 0.30462112 -0.16719336 1.28459942
v 0.35857661 -0.16719336 1.28459942
v 0.28876400 -0.15739312 1.31795398
v 0.31574174 -0.14071996 1.37470017
v 0.31556031 -0.16611907 1.31833562
v 0.37443373 -0.15739312 1.31795398
v 0.34745598 -0.14071996 1.37470017
v 0.34763742 -0.16611907 1.31833562
v 0.33159886 -0.15620670 1.35207183
v 0.28876400 0.01293766 1.31795398
v 0.31574174 -0.00373551 1.37470017
v 0.31556031 0.02166361 1.31833562
v 0.37443373 0.01293766 1.31795398
v 0.34745598 -0.00373551 1.37470017
v 0.34763742 0.02166361 1.31833562
v 0.33159886 0.01175123 1.35207183
v 0.33159886 -0.09920548 1.40805473
v 0.33159886 -0.04524999 1.40805473
v 0.28876400 -0.15739312 1.25124485
v 0.31574174 -0.14071996 1.19449867
v 0.31556031 -0.16611907 1.25086321
v 0.37443373 -0.15739312 1.25124485
v 0.34745598 -0.14071996 1.19449867
v 0.34763742 -0.16611907 1.25086321
v 0.33159886 -0.15620670 1.21712700
v 0.28876400 0.01293766 1.25124485
v 0.31574174 -0.00373551 1.19449867
v 0.31556031 0.02166361 1.25086321
v 0.37443373 0.01293766 1.25124485
v 0.34745598 -0.00373551 1.19449867
v 0.34763742 0.02166361 1.25086321
v 0.33159886 0.01175123 1.21712700
v 0.33159886 -0.09920548 1.16114410
v 0.33159886 -0.04524999 1.16114410
v 0.40009109 -0.00291946 1.26398516
v 0.41676425 -0.04657037 1.22891409
v 0.38962690 -0.00428732 1.23001309
v 0.40009109 -0.14153600 1.26398516
v 0.41676425 -0.09788509 1.22891409
v 0.38962690 -0.14016814 1.23001309
v 0.35725622 -0.11506260 1.17388441
v 0.40090713 -0.08808485 1.19555952
v 0.37358835 -0.13025577 1.19627688
v 0.35754979 -0.08826629 1.16254068
v 0.39953927 -0.11421722 1.20916297
v 0.35725622 -0.02939287 1.17388441
v 0.40090713 -0.05637061 1.19555952
v 0.37358835 -0.01419969 1.19627688
v 0.35754979 -0.05618918 1.16254068
v 0.39953927 -0.03023825 1.20916297
v 0.38350072 -0.07222773 1.17542676
v 0.40009109 -0.00291946 1.30521367
v 0.41676425 -0.04657037 1.34028474
v 0.38962690 -0.00428732 1.33918574
v 0.41557783 -0.02032588 1.28459942
v 0.40009109 -0.14153600 1.30521367
v 0.41676425 -0.09788509 1.34028474
v 0.38962690 -0.14016814 1.33918574
v 0.41557783 -0.12412959 1.28459942
v 0.35725622 -0.11506260 1.39531442
v 0.40090713 -0.08808485 1.37363931
v 0.37358835 -0.13025577 1.37292195
v 0.35754979 -0.08826629 1.40665816
v 0.39953927 -0.11421722 1.36003587
v 0.35725622 -0.02939287 1.39531442
v 0.40090713 -0.05637061 1.37363931
v 0.37358835 -0.01419969 1.37292195
v 0.35754979 -0.05618918 1.40665816
v 0.39953927 -0.03023825 1.36003587
v 0.38350072 -0.07222773 1.39377207
v 0.42656449 -0.07222773 1.24952835
v 0.42656449 -0.07222773 1.31967048
v 0.42549020 -0.04627680 1.26374929
v 0.42549020 -0.09817866 1.26374929
v 0.42549020 -0.04627680 1.30544954
v 0.42549020 -0.09817866 1.30544954
v 0.26310664 -0.00291946 1.26398516
v 0.24643347 -0.04657037 1.22891409
v 0.27357082 -0.00428732 1.23001309
v 0.26310664 -0.14153600 1.26398516
v 0.24643347 -0.09788509 1.22891409
v 0.27357082 -0.14016814 1.23001309
v 0.30594150 -0.11506260 1.17388441
v 0.26229059 -0.08808485 1.19555952
v 0.28960938 -0.13025577 1.19627688
v 0.30564793 -0.08826629 1.16254068
v 0.26365845 -0.11421722 1.20916297
v 0.30594150 -0.02939287 1.17388441
v 0.26229059 -0.05637061 1.19555952
v 0.28960938 -0.01419969 1.19627688
v 0.30564793 -0.05618918 1.16254068
v 0.26365845 -0.03023825 1.20916297
v 0.27969701 -0.07222773 1.17542676
v 0.26310664 -0.00291946 1.30521367
v 0.24643347 -0.04657037 1.34028474
v 0.27357082 -0.00428732 1.33918574
v 0.24761990 -0.02032588 1.28459942
v 0.26310664 -0.14153600 1.30521367
v 0.24643347 -0.09788509 1.34028474
v 0.27357082 -0.14016814 1.33918574
v 0.24761990 -0.12412959 1.28459942
v 0.30594150 -0.11506260 1.39531442
v 0.26229059 -0.08808485 1.37363931
v 0.28960938 -0.13025577 1.37292195
v 0.30564793 -0.08826629 1.40665816
v 0.26365845 -0.11421722 1.36003587
v 0.30594150 -0.02939287 1.39531442
v 0.26229059 -0.05637061 1.37363931
v 0.28960938 -0.01419969 1.37292195
v 0.30564793 -0.05618918 1.40665816
v 0.26365845 -0.03023825 1.36003587
v 0.27969701 -0.07222773 1.39377207
v 0.23663323 -0.07222773 1.24952835
v 0.23663323 -0.07222773 1.31967048
v 0.23770752 -0.04627680 1.26374929
v 0.23770752 -0.09817866 1.26374929
v 0.23770752 -0.04627680 1.30544954
v 0.23770752 -0.09817866 1.30544954
v 0.29177833 0.01810828 1.28459942
v 0.31797978 0.02555156 1.28459942
v 0.37141939 0.01810828 1.28459942
v 0.34521795 0.02555156 1.28459942
v 0.29177833 -0.16256374 1.28459942
v 0.31797978 -0.17000702 1.28459942
v 0.37141939 -0.16256374 1.28459942
v 0.34521795 -0.17000702 1.28459942
v 0.28377324 -0.15761632 1.30143769
v 0.29457386 -0.15554137 1.33383246
v 0.29623337 -0.16347804 1.30149609
v 0.32359376 -0.13300588 1.38519795
v 0.30819294 -0.14712431 1.36247945
v 0.32347962 -0.16973548 1.30167778
v 0.30803591 -0.16019074 1.33416277
v 0.30986821 -0.16763310 1.30164202
v 0.30185762 -0.16268229 1.31849184
v 0.37942449 -0.15761632 1.30143769
v 0.36862387 -0.15554137 1.33383246
v 0.36696435 -0.16347804 1.30149609
v 0.33960396 -0.13300588 1.38519795
v 0.35500478 -0.14712431 1.36247945
v 0.33159886 -0.14162096 1.37588542
v 0.33971810 -0.16973548 1.30167778
v 0.35516181 -0.16019074 1.33416277
v 0.35332952 -0.16763310 1.30164202
v 0.33159886 -0.16738320 1.31878984
v 0.36134010 -0.16268229 1.31849184
v 0.31615515 -0.15517278 1.35124113
v 0.34704257 -0.15517278 1.35124113
v 0.32358828 -0.14925200 1.36420106
v 0.32347162 -0.16236028 1.33588505
v 0.33960945 -0.14925200 1.36420106
v 0.33972611 -0.16236028 1.33588505
v 0.28377324 0.01316086 1.30143769
v 0.29457386 0.01108591 1.33383246
v 0.29623337 0.01902257 1.30149609
v 0.32359376 -0.01144958 1.38519795
v 0.30819294 0.00266885 1.36247945
v 0.32347962 0.02528002 1.30167778
v 0.30803591 0.01573528 1.33416277
v 0.30986821 0.02317763 1.30164202
v 0.30185762 0.01822682 1.31849184
v 0.37942449 0.01316086 1.30143769
v 0.36862387 0.01108591 1.33383246
v 0.36696435 0.01902257 1.30149609
v 0.33960396 -0.01144958 1.38519795
v 0.35500478 0.00266885 1.36247945
v 0.33159886 -0.00283450 1.37588542
v 0.33971810 0.02528002 1.30167778
v 0.35516181 0.01573528 1.33416277
v 0.35332952 0.02317763 1.30164202
v 0.33159886 0.02292773 1.31878984
v 0.36134010 0.01822682 1.31849184
v 0.31615515 0.01071731 1.35124113
v 0.34704257 0.01071731 1.35124113
v 0.32358828 0.00479654 1.36420106
v 0.32347162 0.01790482 1.33588505
v 0.33960945 0.00479654 1.36420106
v 0.33972611 0.01790482 1.33588505
v 0.33159886 -0.11204826 1.40203623
v 0.33159886 -0.08584682 1.41171250
v 0.33159886 -0.03240720 1.40203623
v 0.33159886 -0.05860865 1.41171250
v 0.28377324 -0.15761632 1.26776114
v 0.29457386 -0.15554137 1.23536637
v 0.29623337 -0.16347804 1.26770275
v 0.32359376 -0.13300588 1.18400088
v 0.30819294 -0.14712431 1.20671938
v 0.32347962 -0.16973548 1.26752105
v 0.30803591 -0.16019074 1.23503607
v 0.30986821 -0.16763310 1.26755681
v 0.30185762 -0.16268229 1.25070700
v 0.37942449 -0.15761632 1.26776114
v 0.36862387 -0.15554137 1.23536637
v 0.36696435 -0.16347804 1.26770275
v 0.33960396 -0.13300588 1.18400088
v 0.35500478 -0.14712431 1.20671938
v 0.33159886 -0.14162096 1.19331341
v 0.33971810 -0.16973548 1.26752105
v 0.35516181 -0.16019074 1.23503607
v 0.35332952 -0.16763310 1.26755681
v 0.33159886 -0.16738320 1.25040900
v 0.36134010 -0.16268229 1.25070700
v 0.31615515 -0.15517278 1.21795770
v 0.34704257 -0.15517278 1.21795770
v 0.32358828 -0.14925200 1.20499777
v 0.32347162 -0.16236028 1.23331379
v 0.33960945 -0.14925200 1.20499777
v 0.33972611 -0.16236028 1.23331379
v 0.28377324 0.01316086 1.26776114
v 0.29457386 0.01108591 1.23536637
v 0.29623337 0.01902257 1.26770275
v 0.32359376 -0.01144958 1.18400088
v 0.30819294 0.00266885 1.20671938
v 0.32347962 0.02528002 1.26752105
v 0.30803591 0.01573528 1.23503607
v 0.30986821 0.02317763 1.26755681
v 0.30185762 0.01822682 1.25070700
v 0.37942449 0.01316086 1.26776114
v 0.36862387 0.01108591 1.23536637
v 0.36696435 0.01902257 1.26770275
v 0.33960396 -0.01144958 1.18400088
v 0.35500478 0.00266885 1.20671938
v 0.33159886 -0.00283450 1.19331341
v 0.33971810 0.02528002 1.26752105
v 0.35516181 0.01573528 1.23503607
v 0.35332952 0.02317763 1.26755681
v 0.33159886 0.02292773 1.25040900
v 0.36134010 0.01822682 1.25070700
v 0.31615515 0.01071731 1.21795770
v 0.34704257 0.01071731 1.21795770
v 0.32358828 0.00479654 1.20499777
v 0.32347162 0.01790482 1.23331379
v 0.33960945 0.00479654 1.20499777
v 0.33972611 0.01790482 1.23331379
v 0.33159886 -0.11204826 1.16716260
v 0.33159886 -0.08584682 1.15748634
v 0.33159886 -0.03240720 1.16716260
v 0.33159886 -0.05860865 1.15748634
v 0.39237701 0.00515576 1.27419279
v 0.40649544 -0.01232001 1.25417172
v 0.38799465 0.00602513 1.25726003
v 0.41698745 -0.05927521 1.22242610
v 0.41491250 -0.03435616 1.23646691
v 0.37641826 0.00259807 1.22448106
v 0.40140670 -0.01284564 1.23688922
v 0.38255204 0.00511712 1.24017408
v 0.39551343 -0.00289346 1.24661014
v 0.39237701 -0.14961122 1.27419279
v 0.40649544 -0.13213545 1.25417172
v 0.38799465 -0.15048060 1.25726003
v 0.41698745 -0.08518025 1.22242610
v 0.41491250 -0.11009931 1.23646691
v 0.37641826 -0.14705354 1.22448106
v 0.40140670 -0.13160983 1.23688922
v 0.38255204 -0.14957259 1.24017408
v 0.39551343 -0.14156200 1.24661014
v 0.34455138 -0.12005336 1.17359425
v 0.36947044 -0.10925274 1.17629169
v 0.35262916 -0.12862352 1.18287069
v 0.34459630 -0.10759322 1.16597402
v 0.40898235 -0.08023283 1.20558782
v 0.39150658 -0.09563365 1.18723386
v 0.40985173 -0.09325803 1.21128489
v 0.36829902 -0.14203557 1.20740269
v 0.37784375 -0.11704713 1.18732587
v 0.36082138 -0.13614230 1.19446486
v 0.38228093 -0.13605996 1.21218294
v 0.36577219 -0.12318091 1.18405110
v 0.34473607 -0.08034697 1.15783934
v 0.36972452 -0.09579068 1.17024750
v 0.34470856 -0.09395839 1.16057244
v 0.35766996 -0.10196897 1.16700850
v 0.40642467 -0.11847262 1.22633421
v 0.39098096 -0.10892789 1.19384922
v 0.40894372 -0.10640106 1.21836029
v 0.39543109 -0.12793271 1.21871273
v 0.40093313 -0.10145025 1.20151047
v 0.38730384 -0.12290980 1.20161752
v 0.34455138 -0.02440210 1.17359425
v 0.36947044 -0.03520273 1.17629169
v 0.35262916 -0.01583194 1.18287069
v 0.34459630 -0.03686224 1.16597402
v 0.40898235 -0.06422263 1.20558782
v 0.39150658 -0.04882181 1.18723386
v 0.40985173 -0.05119743 1.21128489
v 0.40181887 -0.07222773 1.19438822
v 0.36829902 -0.00241989 1.20740269
v 0.37784375 -0.02740834 1.18732587
v 0.36082138 -0.00831316 1.19446486
v 0.38228093 -0.00839551 1.21218294
v 0.36577219 -0.02127456 1.18405110
v 0.34473607 -0.06410849 1.15783934
v 0.36972452 -0.04866478 1.17024750
v 0.34470856 -0.05049708 1.16057244
v 0.35789919 -0.07222773 1.16089731
v 0.35766996 -0.04248649 1.16700850
v 0.40642467 -0.02598284 1.22633421
v 0.39098096 -0.03552758 1.19384922
v 0.40894372 -0.03805440 1.21836029
v 0.39543109 -0.01652275 1.21871273
v 0.40093313 -0.04300521 1.20151047
v 0.38730384 -0.02154567 1.20161752
v 0.38286172 -0.08767144 1.17677086
v 0.38286172 -0.05678402 1.17677086
v 0.39283090 -0.08023831 1.18446787
v 0.37104935 -0.08035498 1.16742710
v 0.39283090 -0.06421715 1.18446787
v 0.37104935 -0.06410049 1.16742710
v 0.39237701 0.00515576 1.29500604
v 0.40649544 -0.01232001 1.31502711
v 0.38799465 0.00602513 1.31193880
v 0.40099209 -0.00200773 1.28459942
v 0.41698745 -0.05927521 1.34677273
v 0.41491250 -0.03435616 1.33273192
v 0.37641826 0.00259807 1.34471778
v 0.40140670 -0.01284564 1.33230962
v 0.38255204 0.00511712 1.32902475
v 0.39551343 -0.00289346 1.32258869
v 0.41454391 -0.02096487 1.26452259
v 0.41454391 -0.02096487 1.30467624
v 0.40862313 -0.01099570 1.27418566
v 0.40862313 -0.01099570 1.29501317
v 0.39237701 -0.14961122 1.29500604
v 0.40649544 -0.13213545 1.31502711
v 0.38799465 -0.15048060 1.31193880
v 0.40099209 -0.14244774 1.28459942
v 0.41698745 -0.08518025 1.34677273
v 0.41491250 -0.11009931 1.33273192
v 0.37641826 -0.14705354 1.34471778
v 0.40140670 -0.13160983 1.33230962
v 0.38255204 -0.14957259 1.32902475
v 0.39551343 -0.14156200 1.32258869
v 0.41454391 -0.12349059 1.26452259
v 0.41454391 -0.12349059 1.30467624
v 0.40862313 -0.13345977 1.27418566
v 0.40862313 -0.13345977 1.29501317
v 0.34455138 -0.12005336 1.39560458
v 0.36947044 -0.10925274 1.39290715
v 0.35262916 -0.12862352 1.38632814
v 0.34459630 -0.10759322 1.40322481
v 0.40898235 -0.08023283 1.36361101
v 0.39150658 -0.09563365 1.38196497
v 0.40985173 -0.09325803 1.35791394
v 0.36829902 -0.14203557 1.36179614
v 0.37784375 -0.11704713 1.38187297
v 0.36082138 -0.13614230 1.37473397
v 0.38228093 -0.13605996 1.35701589
v 0.36577219 -0.12318091 1.38514773
v 0.34473607 -0.08034697 1.41135949
v 0.36972452 -0.09579068 1.39895133
v 0.34470856 -0.09395839 1.40862639
v 0.35766996 -0.10196897 1.40219034
v 0.40642467 -0.11847262 1.34286463
v 0.39098096 -0.10892789 1.37534961
v 0.40894372 -0.10640106 1.35083854
v 0.39543109 -0.12793271 1.35048610
v 0.40093313 -0.10145025 1.36768836
v 0.38730384 -0.12290980 1.36758131
v 0.34455138 -0.02440210 1.39560458
v 0.36947044 -0.03520273 1.39290715
v 0.35262916 -0.01583194 1.38632814
v 0.34459630 -0.03686224 1.40322481
v 0.40898235 -0.06422263 1.36361101
v 0.39150658 -0.04882181 1.38196497
v 0.40985173 -0.05119743 1.35791394
v 0.40181887 -0.07222773 1.37481061
v 0.36829902 -0.00241989 1.36179614
v 0.37784375 -0.02740834 1.38187297
v 0.36082138 -0.00831316 1.37473397
v 0.38228093 -0.00839551 1.35701589
v 0.36577219 -0.02127456 1.38514773
v 0.34473607 -0.06410849 1.41135949
v 0.36972452 -0.04866478 1.39895133
v 0.34470856 -0.05049708 1.40862639
v 0.35789919 -0.07222773 1.40830152
v 0.35766996 -0.04248649 1.40219034
v 0.40642467 -0.02598284 1.34286463
v 0.39098096 -0.03552758 1.37534961
v 0.40894372 -0.03805440 1.35083854
v 0.39543109 -0.01652275 1.35048610
v 0.40093313 -0.04300521 1.36768836
v 0.38730384 -0.02154567 1.36758131
v 0.38286172 -0.08767144 1.39242798
v 0.38286172 -0.05678402 1.39242798
v 0.39283090 -0.08023831 1.38473097
v 0.37104935 -0.08035498 1.40177173
v 0.39283090 -0.06421715 1.38473097
v 0.37104935 -0.06410049 1.40177173
v 0.42193487 -0.07222773 1.23283273
v 0.42937815 -0.07222773 1.26689460
v 0.42284917 -0.05923029 1.23862428
v 0.42284917 -0.08522517 1.23862428
v 0.42193487 -0.07222773 1.33636610
v 0.42937815 -0.07222773 1.30230423
v 0.42284917 -0.05923029 1.33057456
v 0.42284917 -0.08522517 1.33057456
v 0.41956187 -0.03410208 1.25396758
v 0.42910661 -0.05909053 1.27404441
v 0.42205342 -0.04615664 1.24593581
v 0.42173141 -0.03277725 1.27403400
v 0.42700423 -0.05911803 1.25634956
v 0.41956187 -0.11035338 1.25396758
v 0.42910661 -0.08536494 1.27404441
v 0.42205342 -0.09829883 1.24593581
v 0.42173141 -0.11167822 1.27403400
v 0.42700423 -0.08533743 1.25634956
v 0.41956187 -0.03410208 1.31523125
v 0.42910661 -0.05909053 1.29515443
v 0.42205342 -0.04615664 1.32326303
v 0.42173141 -0.03277725 1.29516484
v 0.42700423 -0.05911803 1.31284927
v 0.42675433 -0.04592741 1.28459942
v 0.41956187 -0.11035338 1.31523125
v 0.42910661 -0.08536494 1.29515443
v 0.42205342 -0.09829883 1.32326303
v 0.42173141 -0.11167822 1.29516484
v 0.42700423 -0.08533743 1.31284927
v 0.42675433 -0.09852806 1.28459942
v 0.27082071 0.00515576 1.27419279
v 0.25670228 -0.01232001 1.25417172
v 0.27520307 0.00602513 1.25726003
v 0.24621027 -0.05927521 1.22242610
v 0.24828522 -0.03435616 1.23646691
v 0.28677947 0.00259807 1.22448106
v 0.26179102 -0.01284564 1.23688922
v 0.28064569 0.00511712 1.24017408
v 0.26768429 -0.00289346 1.24661014
v 0.27082071 -0.14961122 1.27419279
v 0.25670228 -0.13213545 1.25417172
v 0.27520307 -0.15048060 1.25726003
v 0.24621027 -0.08518025 1.22242610
v 0.24828522 -0.11009931 1.23646691
v 0.28677947 -0.14705354 1.22448106
v 0.26179102 -0.13160983 1.23688922
v 0.28064569 -0.14957259 1.24017408
v 0.26768429 -0.14156200 1.24661014
v 0.31864634 -0.12005336 1.17359425
v 0.29372729 -0.10925274 1.17629169
v 0.31056856 -0.12862352 1.18287069
v 0.31860142 -0.10759322 1.16597402
v 0.25421537 -0.08023283 1.20558782
v 0.27169114 -0.09563365 1.18723386
v 0.25334600 -0.09325803 1.21128489
v 0.29489871 -0.14203557 1.20740269
v 0.28535397 -0.11704713 1.18732587
v 0.30237634 -0.13614230 1.19446486
v 0.28091680 -0.13605996 1.21218294
v 0.29742553 -0.12318091 1.18405110
v 0.31846166 -0.08034697 1.15783934
v 0.29347321 -0.09579068 1.17024750
v 0.31848916 -0.09395839 1.16057244
v 0.30552777 -0.10196897 1.16700850
v 0.25677306 -0.11847262 1.22633421
v 0.27221677 -0.10892789 1.19384922
v 0.25425401 -0.10640106 1.21836029
v 0.26776664 -0.12793271 1.21871273
v 0.26226459 -0.10145025 1.20151047
v 0.27589388 -0.12290980 1.20161752
v 0.31864634 -0.02440210 1.17359425
v 0.29372729 -0.03520273 1.17629169
v 0.31056856 -0.01583194 1.18287069
v 0.31860142 -0.03686224 1.16597402
v 0.25421537 -0.06422263 1.20558782
v 0.27169114 -0.04882181 1.18723386
v 0.25334600 -0.05119743 1.21128489
v 0.26137886 -0.07222773 1.19438822
v 0.29489871 -0.00241989 1.20740269
v 0.28535397 -0.02740834 1.18732587
v 0.30237634 -0.00831316 1.19446486
v 0.28091680 -0.00839551 1.21218294
v 0.29742553 -0.02127456 1.18405110
v 0.31846166 -0.06410849 1.15783934
v 0.29347321 -0.04866478 1.17024750
v 0.31848916 -0.05049708 1.16057244
v 0.30529854 -0.07222773 1.16089731
v 0.30552777 -0.04248649 1.16700850
v 0.25677306 -0.02598284 1.22633421
v 0.27221677 -0.03552758 1.19384922
v 0.25425401 -0.03805440 1.21836029
v 0.26776664 -0.01652275 1.21871273
v 0.26226459 -0.04300521 1.20151047
v 0.27589388 -0.02154567 1.20161752
v 0.28033600 -0.08767144 1.17677086
v 0.28033600 -0.05678402 1.17677086
v 0.27036683 -0.08023831 1.18446787
v 0.29214838 -0.08035498 1.16742710
v 0.27036683 -0.06421715 1.18446787
v 0.29214838 -0.06410049 1.16742710
v 0.27082071 0.00515576 1.29500604
v 0.25670228 -0.01232001 1.31502711
v 0.27520307 0.00602513 1.31193880
v 0.26220563 -0.00200773 1.28459942
v 0.24621027 -0.05927521 1.34677273
v 0.24828522 -0.03435616 1.33273192
v 0.28677947 0.00259807 1.34471778
v 0.26179102 -0.01284564 1.33230962
v 0.28064569 0.00511712 1.32902475
v 0.26768429 -0.00289346 1.32258869
v 0.24865382 -0.02096487 1.26452259
v 0.24865382 -0.02096487 1.30467624
v 0.25457459 -0.01099570 1.27418566
v 0.25457459 -0.01099570 1.29501317
v 0.27082071 -0.14961122 1.29500604
v 0.25670228 -0.13213545 1.31502711
v 0.27520307 -0.15048060 1.31193880
v 0.26220563 -0.14244774 1.28459942
v 0.24621027 -0.08518025 1.34677273
v 0.24828522 -0.11009931 1.33273192
v 0.28677947 -0.14705354 1.34471778
v 0.26179102 -0.13160983 1.33230962
v 0.28064569 -0.14957259 1.32902475
v 0.26768429 -0.14156200 1.32258869
v 0.24865382 -0.12349059 1.26452259
v 0.24865382 -0.12349059 1.30467624
v 0.25457459 -0.13345977 1.27418566
v 0.25457459 -0.13345977 1.29501317
v 0.31864634 -0.12005336 1.39560458
v 0.29372729 -0.10925274 1.39290715
v 0.31056856 -0.12862352 1.38632814
v 0.31860142 -0.10759322 1.40322481
v 0.25421537 -0.08023283 1.36361101
v 0.27169114 -0.09563365 1.38196497
v 0.25334600 -0.09325803 1.35791394
v 0.29489871 -0.14203557 1.36179614
v 0.28535397 -0.11704713 1.38187297
v 0.30237634 -0.13614230 1.37473397
v 0.28091680 -0.13605996 1.35701589
v 0.29742553 -0.12318091 1.38514773
v 0.31846166 -0.08034697 1.41135949
v 0.29347321 -0.09579068 1.39895133
v 0.31848916 -0.09395839 1.40862639
v 0.30552777 -0.10196897 1.40219034
v 0.25677306 -0.11847262 1.34286463
v 0.27221677 -0.10892789 1.37534961
v 0.25425401 -0.10640106 1.35083854
v 0.26776664 -0.12793271 1.35048610
v 0.26226459 -0.10145025 1.36768836
v 0.27589388 -0.12290980 1.36758131
v 0.31864634 -0.02440210 1.39560458
v 0.29372729 -0.03520273 1.39290715
v 0.31056856 -0.01583194 1.38632814
v 0.31860142 -0.03686224 1.40322481
v 0.25421537 -0.06422263 1.36361101
v 0.27169114 -0.04882181 1.38196497
v 0.25334600 -0.05119743 1.35791394
v 0.26137886 -0.07222773 1.37481061
v 0.29489871 -0.00241989 1.36179614
v 0.28535397 -0.02740834 1.38187297
v 0.30237634 -0.00831316 1.37473397
v 0.28091680 -0.00839551 1.35701589
v 0.29742553 -0.02127456 1.38514773
v 0.31846166 -0.06410849 1.41135949
v 0.29347321 -0.04866478 1.39895133
v 0.31848916 -0.05049708 1.40862639
v 0.30529854 -0.07222773 1.40830152
v 0.30552777 -0.04248649 1.40219034
v 0.25677306 -0.02598284 1.34286463
v 0.27221677 -0.03552758 1.37534961
v 0.25425401 -0.03805440 1.35083854
v 0.26776664 -0.01652275 1.35048610
v 0.26226459 -0.04300521 1.36768836
v 0.27589388 -0.02154567 1.36758131
v 0.28033600 -0.08767144 1.39242798
v 0.28033600 -0.05678402 1.39242798
v 0.27036683 -0.08023831 1.38473097
v 0.29214838 -0.08035498 1.40177173
v 0.27036683 -0.06421715 1.38473097
v 0.29214838 -0.06410049 1.40177173
v 0.24126285 -0.07222773 1.23283273
v 0.23381957 -0.07222773 1.26689460
v 0.24034856 -0.05923029 1.23862428
v 0.24034856 -0.08522517 1.23862428
v 0.24126285 -0.07222773 1.33636610
v 0.23381957 -0.07222773 1.30230423
v 0.24034856 -0.05923029 1.33057456
v 0.24034856 -0.08522517 1.33057456
v 0.24363585 -0.03410208 1.25396758
v 0.23409111 -0.05909053 1.27404441
v 0.24114431 -0.04615664 1.24593581
v 0.24146631 -0.03277725 1.27403400
v 0.23619350 -0.05911803 1.25634956
v 0.24363585 -0.11035338 1.25396758
v 0.23409111 -0.08536494 1.27404441
v 0.24114431 -0.09829883 1.24593581
v 0.24146631 -0.11167822 1.27403400
v 0.23619350 -0.08533743 1.25634956
v 0.24363585 -0.03410208 1.31523125
v 0.23409111 -0.05909053 1.29515443
v 0.24114431 -0.04615664 1.32326303
v 0.24146631 -0.03277725 1.29516484
v 0.23619350 -0.05911803 1.31284927
v 0.23644340 -0.04592741 1.28459942
v 0.24363585 -0.11035338 1.31523125
v 0.23409111 -0.08536494 1.29515443
v 0.24114431 -0.09829883 1.32326303
v 0.24146631 -0.11167822 1.29516484
v 0.23619350 -0.08533743 1.31284927
v 0.23644340 -0.09852806 1.28459942
v 0.50341281 -0.06220550 1.21079620
v 0.15088426 -0.06259260 1.20462071
v 0.23453994 -0.08544853 0.76179739
v 0.41242987 -0.09659839 0.76023122
v 0.50341539 0.04335285 1.20403194
v 0.15088685 0.04296574 1.19785645
v 0.23454253 0.02010982 0.75503313
v 0.41243245 0.00895995 0.75346697
v 0.50283400 -0.02859806 1.20741407
v 0.73693056 -0.03568138 1.20619321
v 0.50293324 -0.02298065 1.19385159
v 0.73702980 -0.03006397 1.19263073
v 0.50331416 -0.00942330 1.18823382
v 0.73741073 -0.01650662 1.18701296
v 0.50375362 0.00413227 1.19385159
v 0.73785019 -0.00295104 1.19263073
v 0.50399420 0.00974541 1.20741407
v 0.73809076 0.00266209 1.20619321
v 0.50389496 0.00412800 1.22097655
v 0.73799152 -0.00295532 1.21975569
v 0.50351404 -0.00942935 1.22659431
v 0.73761060 -0.01651267 1.22537345
v 0.50307457 -0.02298493 1.22097655
v 0.73717114 -0.03006824 1.21975569
v 0.50341410 -0.00942633 1.20741407
v 0.73751066 -0.01650964 1.20619321
v 0.49036449 0.01168839 1.20741407
v 0.51646371 0.01168839 1.20741407
v 0.49036449 -0.03054104 1.20741407
v 0.51646371 -0.03054104 1.20741407
v 0.50341410 -0.02247594 1.22852878
v 0.50341410 0.00362328 1.22852878
v 0.50341410 -0.02247594 1.18629936
v 0.50341410 0.00362328 1.18629936
v 0.52452881 -0.00942633 1.19436446
v 0.52452881 -0.00942633 1.22046368
v 0.48229939 -0.00942633 1.19436446
v 0.48229939 -0.00942633 1.22046368
v 0.50341410 0.01539551 1.20741407
v 0.50341410 -0.03424816 1.20741407
v 0.49574373 -0.02950761 1.21982498
v 0.51108447 -0.02950761 1.21982498
v 0.49574373 0.01065496 1.21982498
v 0.51108447 0.01065496 1.21982498
v 0.50341410 -0.00942633 1.23223590
v 0.49574373 -0.02950761 1.19500315
v 0.51108447 -0.02950761 1.19500315
v 0.49574373 0.01065496 1.19500315
v 0.51108447 0.01065496 1.19500315
v 0.50341410 -0.00942633 1.18259224
v 0.52349538 0.00298459 1.19974370
v 0.52349538 -0.02183724 1.19974370
v 0.51582501 -0.01709669 1.18733278
v 0.51582501 -0.00175596 1.18733278
v 0.52349538 0.00298459 1.21508444
v 0.52349538 -0.02183724 1.21508444
v 0.51582501 -0.01709669 1.22749535
v 0.51582501 -0.00175596 1.22749535
v 0.52823593 -0.00942633 1.20741407
v 0.48333281 0.00298459 1.19974370
v 0.48333281 -0.02183724 1.19974370
v 0.49100318 -0.01709669 1.18733278
v 0.49100318 -0.00175596 1.18733278
v 0.48333281 0.00298459 1.21508444
v 0.48333281 -0.02183724 1.21508444
v 0.49100318 -0.01709669 1.22749535
v 0.49100318 -0.00175596 1.22749535
v 0.47859227 -0.00942633 1.20741407
v 0.49663112 0.01445075 1.20741407
v 0.51019707 0.01445075 1.20741407
v 0.49663112 -0.03330340 1.20741407
v 0.51019707 -0.03330340 1.20741407
v 0.49264419 -0.03083934 1.21386506
v 0.49942716 -0.02664723 1.22484015
v 0.49938155 -0.03303329 1.21393887
v 0.51418401 -0.03083934 1.21386506
v 0.50740103 -0.02664723 1.22484015
v 0.50744665 -0.03303329 1.21393887
v 0.50341410 -0.03054104 1.22046368
v 0.49264419 0.01198669 1.21386506
v 0.49942716 0.00779458 1.22484015
v 0.49938155 0.01418064 1.21393887
v 0.51418401 0.01198669 1.21386506
v 0.50740103 0.00779458 1.22484015
v 0.50744665 0.01418064 1.21393887
v 0.50341410 0.01168839 1.22046368
v 0.50341410 -0.01620930 1.23129114
v 0.50341410 -0.00264335 1.23129114
v 0.49264419 -0.03083934 1.20096307
v 0.49942716 -0.02664723 1.18998799
v 0.49938155 -0.03303329 1.20088926
v 0.51418401 -0.03083934 1.20096307
v 0.50740103 -0.02664723 1.18998799
v 0.50744665 -0.03303329 1.20088926
v 0.50341410 -0.03054104 1.19436446
v 0.49264419 0.01198669 1.20096307
v 0.49942716 0.00779458 1.18998799
v 0.49938155 0.01418064 1.20088926
v 0.51418401 0.01198669 1.20096307
v 0.50740103 0.00779458 1.18998799
v 0.50744665 0.01418064 1.20088926
v 0.50341410 0.01168839 1.19436446
v 0.50341410 -0.01620930 1.18353700
v 0.50341410 -0.00264335 1.18353700
v 0.52063500 0.00799975 1.20342714
v 0.52482711 -0.00297533 1.19664416
v 0.51800400 0.00765583 1.19685671
v 0.52063500 -0.02685241 1.20342714
v 0.52482711 -0.01587732 1.19664416
v 0.51800400 -0.02650849 1.19685671
v 0.50986509 -0.02019624 1.18600106
v 0.52084018 -0.01341326 1.19019317
v 0.51397145 -0.02401623 1.19033191
v 0.50993890 -0.01345888 1.18380710
v 0.52049626 -0.01998368 1.19282416
v 0.50986509 0.00134358 1.18600106
v 0.52084018 -0.00543939 1.19019317
v 0.51397145 0.00516358 1.19033191
v 0.50993890 -0.00539378 1.18380710
v 0.52049626 0.00113103 1.19282416
v 0.51646371 -0.00942633 1.18629936
v 0.52063500 0.00799975 1.21140100
v 0.52482711 -0.00297533 1.21818398
v 0.51800400 0.00765583 1.21797142
v 0.52452881 0.00362328 1.20741407
v 0.52063500 -0.02685241 1.21140100
v 0.52482711 -0.01587732 1.21818398
v 0.51800400 -0.02650849 1.21797142
v 0.52452881 -0.02247594 1.20741407
v 0.50986509 -0.02019624 1.22882708
v 0.52084018 -0.01341326 1.22463497
v 0.51397145 -0.02401623 1.22449623
v 0.50993890 -0.01345888 1.23102103
v 0.52049626 -0.01998368 1.22200398
v 0.50986509 0.00134358 1.22882708
v 0.52084018 -0.00543939 1.22463497
v 0.51397145 0.00516358 1.22449623
v 0.50993890 -0.00539378 1.23102103
v 0.52049626 0.00113103 1.22200398
v 0.51646371 -0.00942633 1.22852878
v 0.52729117 -0.00942633 1.20063109
v 0.52729117 -0.00942633 1.21419704
v 0.52702106 -0.00290152 1.20338152
v 0.52702106 -0.01595113 1.20338152
v 0.52702106 -0.00290152 1.21144662
v 0.52702106 -0.01595113 1.21144662
v 0.48619320 0.00799975 1.20342714
v 0.48200109 -0.00297533 1.19664416
v 0.48882419 0.00765583 1.19685671
v 0.48619320 -0.02685241 1.20342714
v 0.48200109 -0.01587732 1.19664416
v 0.48882419 -0.02650849 1.19685671
v 0.49696310 -0.02019624 1.18600106
v 0.48598802 -0.01341326 1.19019317
v 0.49285674 -0.02401623 1.19033191
v 0.49688929 -0.01345888 1.18380710
v 0.48633194 -0.01998368 1.19282416
v 0.49696310 0.00134358 1.18600106
v 0.48598802 -0.00543939 1.19019317
v 0.49285674 0.00516358 1.19033191
v 0.49688929 -0.00539378 1.18380710
v 0.48633194 0.00113103 1.19282416
v 0.49036449 -0.00942633 1.18629936
v 0.48619320 0.00799975 1.21140100
v 0.48200109 -0.00297533 1.21818398
v 0.48882419 0.00765583 1.21797142
v 0.48229939 0.00362328 1.20741407
v 0.48619320 -0.02685241 1.21140100
v 0.48200109 -0.01587732 1.21818398
v 0.48882419 -0.02650849 1.21797142
v 0.48229939 -0.02247594 1.20741407
v 0.49696310 -0.02019624 1.22882708
v 0.48598802 -0.01341326 1.22463497
v 0.49285674 -0.02401623 1.22449623
v 0.49688929 -0.01345888 1.23102103
v 0.48633194 -0.01998368 1.22200398
v 0.49696310 0.00134358 1.22882708
v 0.48598802 -0.00543939 1.22463497
v 0.49285674 0.00516358 1.22449623
v 0.49688929 -0.00539378 1.23102103
v 0.48633194 0.00113103 1.22200398
v 0.49036449 -0.00942633 1.22852878
v 0.47953703 -0.00942633 1.20063109
v 0.47953703 -0.00942633 1.21419704
v 0.47980713 -0.00290152 1.20338152
v 0.47980713 -0.01595113 1.20338152
v 0.47980713 -0.00290152 1.21144662
v 0.47980713 -0.01595113 1.21144662
v 0.73426278 -0.02953724 1.20619321
v 0.95846827 -0.08543339 1.24833869
v 0.73686699 -0.02613363 1.19685343
v 0.96107248 -0.08202979 1.23899891
v 0.73984826 -0.01709242 1.19298476
v 0.96405374 -0.07298858 1.23513024
v 0.74146019 -0.00770983 1.19685343
v 0.96566568 -0.06360598 1.23899891
v 0.74075854 -0.00348205 1.20619321
v 0.96496403 -0.05937820 1.24833869
v 0.73815433 -0.00688566 1.21553299
v 0.96235982 -0.06278181 1.25767847
v 0.73517307 -0.01592686 1.21940165
v 0.95937856 -0.07182302 1.26154714
v 0.73356114 -0.02530946 1.21553299
v 0.95776662 -0.08120561 1.25767847
v 0.73751066 -0.01650964 1.20619321
v 0.96171615 -0.07240580 1.24833869
v 0.72837594 -0.00172935 1.20619321
v 0.74664539 -0.00172935 1.20619321
v 0.72837594 -0.03128994 1.20619321
v 0.74664539 -0.03128994 1.20619321
v 0.73751066 -0.02564437 1.22097351
v 0.73751066 -0.00737492 1.22097351
v 0.73751066 -0.02564437 1.19141291
v 0.73751066 -0.00737492 1.19141291
v 0.75229096 -0.01650964 1.19705848
v 0.75229096 -0.01650964 1.21532794
v 0.72273037 -0.01650964 1.19705848
v 0.72273037 -0.01650964 1.21532794
v 0.73751066 0.00086564 1.20619321
v 0.73751066 -0.03388493 1.20619321
v 0.73214141 -0.03056654 1.21488085
v 0.74287992 -0.03056654 1.21488085
v 0.73214141 -0.00245275 1.21488085
v 0.74287992 -0.00245275 1.21488085
v 0.73751066 -0.01650964 1.22356849
v 0.73214141 -0.03056654 1.19750557
v 0.74287992 -0.03056654 1.19750557
v 0.73214141 -0.00245275 1.19750557
v 0.74287992 -0.00245275 1.19750557
v 0.73751066 -0.01650964 1.18881793
v 0.75156756 -0.00782200 1.20082395
v 0.75156756 -0.02519729 1.20082395
v 0.74619831 -0.02187890 1.19213631
v 0.74619831 -0.01114039 1.19213631
v 0.75156756 -0.00782200 1.21156247
v 0.75156756 -0.02519729 1.21156247
v 0.74619831 -0.02187890 1.22025011
v 0.74619831 -0.01114039 1.22025011
v 0.75488595 -0.01650964 1.20619321
v 0.72345377 -0.00782200 1.20082395
v 0.72345377 -0.02519729 1.20082395
v 0.72882302 -0.02187890 1.19213631
v 0.72882302 -0.01114039 1.19213631
v 0.72345377 -0.00782200 1.21156247
v 0.72345377 -0.02519729 1.21156247
v 0.72882302 -0.02187890 1.22025011
v 0.72882302 -0.01114039 1.22025011
v 0.72013538 -0.01650964 1.20619321
v 0.73276258 0.00020431 1.20619321
v 0.74225875 0.00020431 1.20619321
v 0.73276258 -0.03322360 1.20619321
v 0.74225875 -0.03322360 1.20619321
v 0.72997173 -0.03149875 1.21070890
v 0.73471981 -0.02856428 1.21839146
v 0.73468788 -0.03303452 1.21076057
v 0.74504960 -0.03149875 1.21070890
v 0.74030152 -0.02856428 1.21839146
v 0.74033345 -0.03303452 1.21076057
v 0.73751066 -0.03128994 1.21532794
v 0.72997173 -0.00152054 1.21070890
v 0.73471981 -0.00445501 1.21839146
v 0.73468788 0.00001523 1.21076057
v 0.74504960 -0.00152054 1.21070890
v 0.74030152 -0.00445501 1.21839146
v 0.74033345 0.00001523 1.21076057
v 0.73751066 -0.00172935 1.21532794
v 0.73751066 -0.02125773 1.22290716
v 0.73751066 -0.01176156 1.22290716
v 0.72997173 -0.03149875 1.20167751
v 0.73471981 -0.02856428 1.19399495
v 0.73468788 -0.03303452 1.20162585
v 0.74504960 -0.03149875 1.20167751
v 0.74030152 -0.02856428 1.19399495
v 0.74033345 -0.03303452 1.20162585
v 0.73751066 -0.03128994 1.19705848
v 0.72997173 -0.00152054 1.20167751
v 0.73471981 -0.00445501 1.19399495
v 0.73468788 0.00001523 1.20162585
v 0.74504960 -0.00152054 1.20167751
v 0.74030152 -0.00445501 1.19399495
v 0.74033345 0.00001523 1.20162585
v 0.73751066 -0.00172935 1.19705848
v 0.73751066 -0.02125773 1.18947926
v 0.73751066 -0.01176156 1.18947926
v 0.74956530 -0.00431139 1.20340236
v 0.75249977 -0.01199395 1.19865427
v 0.74772360 -0.00455213 1.19880306
v 0.74956530 -0.02870790 1.20340236
v 0.75249977 -0.02102534 1.19865427
v 0.74772360 -0.02846716 1.19880306
v 0.74202636 -0.02404858 1.19120410
v 0.74970892 -0.01930050 1.19413858
v 0.74490081 -0.02672258 1.19423570
v 0.74207803 -0.01933243 1.18966833
v 0.74946818 -0.02389979 1.19598027
v 0.74202636 -0.00897071 1.19120410
v 0.74970892 -0.01371879 1.19413858
v 0.74490081 -0.00629671 1.19423570
v 0.74207803 -0.01368686 1.18966833
v 0.74946818 -0.00911950 1.19598027
v 0.74664539 -0.01650964 1.19141291
v 0.74956530 -0.00431139 1.20898406
v 0.75249977 -0.01199395 1.21373215
v 0.74772360 -0.00455213 1.21358336
v 0.75229096 -0.00737492 1.20619321
v 0.74956530 -0.02870790 1.20898406
v 0.75249977 -0.02102534 1.21373215
v 0.74772360 -0.02846716 1.21358336
v 0.75229096 -0.02564437 1.20619321
v 0.74202636 -0.02404858 1.22118232
v 0.74970892 -0.01930050 1.21824784
v 0.74490081 -0.02672258 1.21815072
v 0.74207803 -0.01933243 1.22271808
v 0.74946818 -0.02389979 1.21640614
v 0.74202636 -0.00897071 1.22118232
v 0.74970892 -0.01371879 1.21824784
v 0.74490081 -0.00629671 1.21815072
v 0.74207803 -0.01368686 1.22271808
v 0.74946818 -0.00911950 1.21640614
v 0.74664539 -0.01650964 1.22097351
v 0.75422461 -0.01650964 1.20144513
v 0.75422461 -0.01650964 1.21094129
v 0.75403554 -0.01194228 1.20337042
v 0.75403554 -0.02107701 1.20337042
v 0.75403554 -0.01194228 1.20901599
v 0.75403554 -0.02107701 1.20901599
v 0.72545603 -0.00431139 1.20340236
v 0.72252156 -0.01199395 1.19865427
v 0.72729773 -0.00455213 1.19880306
v 0.72545603 -0.02870790 1.20340236
v 0.72252156 -0.02102534 1.19865427
v 0.72729773 -0.02846716 1.19880306
v 0.73299497 -0.02404858 1.19120410
v 0.72531241 -0.01930050 1.19413858
v 0.73012051 -0.02672258 1.19423570
v 0.73294330 -0.01933243 1.18966833
v 0.72555315 -0.02389979 1.19598027
v 0.73299497 -0.00897071 1.19120410
v 0.72531241 -0.01371879 1.19413858
v 0.73012051 -0.00629671 1.19423570
v 0.73294330 -0.01368686 1.18966833
v 0.72555315 -0.00911950 1.19598027
v 0.72837594 -0.01650964 1.19141291
v 0.72545603 -0.00431139 1.20898406
v 0.72252156 -0.01199395 1.21373215
v 0.72729773 -0.00455213 1.21358336
v 0.72273037 -0.00737492 1.20619321
v 0.72545603 -0.02870790 1.20898406
v 0.72252156 -0.02102534 1.21373215
v 0.72729773 -0.02846716 1.21358336
v 0.72273037 -0.02564437 1.20619321
v 0.73299497 -0.02404858 1.22118232
v 0.72531241 -0.01930050 1.21824784
v 0.73012051 -0.02672258 1.21815072
v 0.73294330 -0.01933243 1.22271808
v 0.72555315 -0.02389979 1.21640614
v 0.73299497 -0.00897071 1.22118232
v 0.72531241 -0.01371879 1.21824784
v 0.73012051 -0.00629671 1.21815072
v 0.73294330 -0.01368686 1.22271808
v 0.72555315 -0.00911950 1.21640614
v 0.72837594 -0.01650964 1.22097351
v 0.72079671 -0.01650964 1.20144513
v 0.72079671 -0.01650964 1.21094129
v 0.72098579 -0.01194228 1.20337042
v 0.72098579 -0.02107701 1.20337042
v 0.72098579 -0.01194228 1.20901599
v 0.72098579 -0.02107701 1.20901599
v 0.95532184 -0.06205959 1.24833869
v 0.96811046 -0.06205959 1.24833869
v 0.95532184 -0.08275201 1.24833869
v 0.96811046 -0.08275201 1.24833869
v 0.96171615 -0.07880011 1.25868490
v 0.96171615 -0.06601149 1.25868490
v 0.96171615 -0.07880011 1.23799248
v 0.96171615 -0.06601149 1.23799248
v 0.97206236 -0.07240580 1.24194438
v 0.97206236 -0.07240580 1.25473300
v 0.95136994 -0.07240580 1.24194438
v 0.95136994 -0.07240580 1.25473300
v 0.96171615 -0.06024310 1.24833869
v 0.96171615 -0.08456850 1.24833869
v 0.95795767 -0.08224563 1.25442004
v 0.96547463 -0.08224563 1.25442004
v 0.95795767 -0.06256597 1.25442004
v 0.96547463 -0.06256597 1.25442004
v 0.96171615 -0.07240580 1.26050139
v 0.95795767 -0.08224563 1.24225734
v 0.96547463 -0.08224563 1.24225734
v 0.95795767 -0.06256597 1.24225734
v 0.96547463 -0.06256597 1.24225734
v 0.96171615 -0.07240580 1.23617599
v 0.97155598 -0.06632445 1.24458021
v 0.97155598 -0.07848715 1.24458021
v 0.96779750 -0.07616428 1.23849886
v 0.96779750 -0.06864732 1.23849886
v 0.97155598 -0.06632445 1.25209717
v 0.97155598 -0.07848715 1.25209717
v 0.96779750 -0.07616428 1.25817852
v 0.96779750 -0.06864732 1.25817852
v 0.97387885 -0.07240580 1.24833869
v 0.95187632 -0.06632445 1.24458021
v 0.95187632 -0.07848715 1.24458021
v 0.95563480 -0.07616428 1.23849886
v 0.95563480 -0.06864732 1.23849886
v 0.95187632 -0.06632445 1.25209717
v 0.95187632 -0.07848715 1.25209717
v 0.95563480 -0.07616428 1.25817852
v 0.95563480 -0.06864732 1.25817852
v 0.94955345 -0.07240580 1.24833869
v 0.95839249 -0.06070603 1.24833869
v 0.96503981 -0.06070603 1.24833869
v 0.95839249 -0.08410556 1.24833869
v 0.96503981 -0.08410556 1.24833869
v 0.95643890 -0.08289817 1.25149968
v 0.95976255 -0.08084404 1.25687747
v 0.95974020 -0.08397321 1.25153584
v 0.96699341 -0.08289817 1.25149968
v 0.96366975 -0.08084404 1.25687747
v 0.96369210 -0.08397321 1.25153584
v 0.96171615 -0.08275201 1.25473300
v 0.95643890 -0.06191342 1.25149968
v 0.95976255 -0.06396756 1.25687747
v 0.95974020 -0.06083839 1.25153584
v 0.96699341 -0.06191342 1.25149968
v 0.96366975 -0.06396756 1.25687747
v 0.96369210 -0.06083839 1.25153584
v 0.96171615 -0.06205959 1.25473300
v 0.96171615 -0.07572946 1.26003846
v 0.96171615 -0.06908214 1.26003846
v 0.95643890 -0.08289817 1.24517770
v 0.95976255 -0.08084404 1.23979991
v 0.95974020 -0.08397321 1.24514154
v 0.96699341 -0.08289817 1.24517770
v 0.96366975 -0.08084404 1.23979991
v 0.96369210 -0.08397321 1.24514154
v 0.96171615 -0.08275201 1.24194438
v 0.95643890 -0.06191342 1.24517770
v 0.95976255 -0.06396756 1.23979991
v 0.95974020 -0.06083839 1.24514154
v 0.96699341 -0.06191342 1.24517770
v 0.96366975 -0.06396756 1.23979991
v 0.96369210 -0.06083839 1.24514154
v 0.96171615 -0.06205959 1.24194438
v 0.96171615 -0.07572946 1.23663892
v 0.96171615 -0.06908214 1.23663892
v 0.97015439 -0.06386702 1.24638509
v 0.97220853 -0.06924481 1.24306143
v 0.96886520 -0.06403554 1.24316559
v 0.97015439 -0.08094458 1.24638509
v 0.97220853 -0.07556679 1.24306143
v 0.96886520 -0.08077606 1.24316559
v 0.96487714 -0.07768305 1.23784631
v 0.97025493 -0.07435940 1.23990045
v 0.96688925 -0.07955485 1.23996843
v 0.96491330 -0.07438175 1.23677128
v 0.97008641 -0.07757890 1.24118964
v 0.96487714 -0.06712854 1.23784631
v 0.97025493 -0.07045220 1.23990045
v 0.96688925 -0.06525674 1.23996843
v 0.96491330 -0.07042985 1.23677128
v 0.97008641 -0.06723269 1.24118964
v 0.96811046 -0.07240580 1.23799248
v 0.97015439 -0.06386702 1.25029229
v 0.97220853 -0.06924481 1.25361595
v 0.96886520 -0.06403554 1.25351179
v 0.97206236 -0.06601149 1.24833869
v 0.97015439 -0.08094458 1.25029229
v 0.97220853 -0.07556679 1.25361595
v 0.96886520 -0.08077606 1.25351179
v 0.97206236 -0.07880011 1.24833869
v 0.96487714 -0.07768305 1.25883107
v 0.97025493 -0.07435940 1.25677693
v 0.96688925 -0.07955485 1.25670895
v 0.96491330 -0.07438175 1.25990610
v 0.97008641 -0.07757890 1.25548774
v 0.96487714 -0.06712854 1.25883107
v 0.97025493 -0.07045220 1.25677693
v 0.96688925 -0.06525674 1.25670895
v 0.96491330 -0.07042985 1.25990610
v 0.97008641 -0.06723269 1.25548774
v 0.96811046 -0.07240580 1.25868490
v 0.97341592 -0.07240580 1.24501503
v 0.97341592 -0.07240580 1.25166235
v 0.97328356 -0.06920864 1.24636274
v 0.97328356 -0.07560295 1.24636274
v 0.97328356 -0.06920864 1.25031464
v 0.97328356 -0.07560295 1.25031464
v 0.95327791 -0.06386702 1.24638509
v 0.95122377 -0.06924481 1.24306143
v 0.95456710 -0.06403554 1.24316559
v 0.95327791 -0.08094458 1.24638509
v 0.95122377 -0.07556679 1.24306143
v 0.95456710 -0.08077606 1.24316559
v 0.95855516 -0.07768305 1.23784631
v 0.95317737 -0.07435940 1.23990045
v 0.95654305 -0.07955485 1.23996843
v 0.95851900 -0.07438175 1.23677128
v 0.95334589 -0.07757890 1.24118964
v 0.95855516 -0.06712854 1.23784631
v 0.95317737 -0.07045220 1.23990045
v 0.95654305 -0.06525674 1.23996843
v 0.95851900 -0.07042985 1.23677128
v 0.95334589 -0.06723269 1.24118964
v 0.95532184 -0.07240580 1.23799248
v 0.95327791 -0.06386702 1.25029229
v 0.95122377 -0.06924481 1.25361595
v 0.95456710 -0.06403554 1.25351179
v 0.95136994 -0.06601149 1.24833869
v 0.95327791 -0.08094458 1.25029229
v 0.95122377 -0.07556679 1.25361595
v 0.95456710 -0.08077606 1.25351179
v 0.95136994 -0.07880011 1.24833869
v 0.95855516 -0.07768305 1.25883107
v 0.95317737 -0.07435940 1.25677693
v 0.95654305 -0.07955485 1.25670895
v 0.95851900 -0.07438175 1.25990610
v 0.95334589 -0.07757890 1.25548774
v 0.95855516 -0.06712854 1.25883107
v 0.95317737 -0.07045220 1.25677693
v 0.95654305 -0.06525674 1.25670895
v 0.95851900 -0.07042985 1.25990610
v 0.95334589 -0.06723269 1.25548774
v 0.95532184 -0.07240580 1.25868490
v 0.95001639 -0.07240580 1.24501503
v 0.95001639 -0.07240580 1.25166235
v 0.95014874 -0.06920864 1.24636274
v 0.95014874 -0.07560295 1.24636274
v 0.95014874 -0.06920864 1.25031464
v 0.95014874 -0.07560295 1.25031464
v 0.14811690 0.00916620 1.20123858
v -0.09310049 -0.02602137 1.19152570
v 0.14946213 0.00368514 1.18768666
v -0.09175525 -0.03150243 1.17797378
v 0.15164119 -0.00970320 1.18207328
v -0.08957620 -0.04489077 1.17236040
v 0.15337760 -0.02315611 1.18768666
v -0.08783979 -0.05834368 1.17797378
v 0.15365421 -0.02879306 1.20123858
v -0.08756318 -0.06398063 1.19152570
v 0.15230897 -0.02331200 1.21479049
v -0.08890841 -0.05849957 1.20507761
v 0.15012992 -0.00992366 1.22040388
v -0.09108747 -0.04511122 1.21069100
v 0.14839351 0.00352925 1.21479049
v -0.09282388 -0.03165831 1.20507761
v 0.15088555 -0.00981343 1.20123858
v -0.09033183 -0.04500100 1.19152570
v 0.13783594 0.01130128 1.20123858
v 0.16393516 0.01130128 1.20123858
v 0.13783594 -0.03092814 1.20123858
v 0.16393516 -0.03092814 1.20123858
v 0.15088555 -0.02286304 1.22235329
v 0.15088555 0.00323618 1.22235329
v 0.15088555 -0.02286304 1.18012386
v 0.15088555 0.00323618 1.18012386
v 0.17200027 -0.00981343 1.18818897
v 0.17200027 -0.00981343 1.21428819
v 0.12977084 -0.00981343 1.18818897
v 0.12977084 -0.00981343 1.21428819
v 0.15088555 0.01500840 1.20123858
v 0.15088555 -0.03463526 1.20123858
v 0.14321519 -0.02989471 1.21364949
v 0.15855592 -0.02989471 1.21364949
v 0.14321519 0.01026785 1.21364949
v 0.15855592 0.01026785 1.21364949
v 0.15088555 -0.00981343 1.22606041
v 0.14321519 -0.02989471 1.18882766
v 0.15855592 -0.02989471 1.18882766
v 0.14321519 0.01026785 1.18882766
v 0.15855592 0.01026785 1.18882766
v 0.15088555 -0.00981343 1.17641674
v 0.17096684 0.00259749 1.19356821
v 0.17096684 -0.02222435 1.19356821
v 0.16329647 -0.01748380 1.18115729
v 0.16329647 -0.00214306 1.18115729
v 0.17096684 0.00259749 1.20890894
v 0.17096684 -0.02222435 1.20890894
v 0.16329647 -0.01748380 1.22131986
v 0.16329647 -0.00214306 1.22131986
v 0.17570739 -0.00981343 1.20123858
v 0.13080427 0.00259749 1.19356821
v 0.13080427 -0.02222435 1.19356821
v 0.13847464 -0.01748380 1.18115729
v 0.13847464 -0.00214306 1.18115729
v 0.13080427 0.00259749 1.20890894
v 0.13080427 -0.02222435 1.20890894
v 0.13847464 -0.01748380 1.22131986
v 0.13847464 -0.00214306 1.22131986
v 0.12606372 -0.00981343 1.20123858
v 0.14410258 0.01406364 1.20123858
v 0.15766853 0.01406364 1.20123858
v 0.14410258 -0.03369050 1.20123858
v 0.15766853 -0.03369050 1.20123858
v 0.14011565 -0.03122644 1.20768957
v 0.14689862 -0.02703433 1.21866465
v 0.14685300 -0.03342039 1.20776338
v 0.16165546 -0.03122644 1.20768957
v 0.15487249 -0.02703433 1.21866465
v 0.15491811 -0.03342039 1.20776338
v 0.15088555 -0.03092814 1.21428819
v 0.14011565 0.01159958 1.20768957
v 0.14689862 0.00740747 1.21866465
v 0.14685300 0.01379354 1.20776338
v 0.16165546 0.01159958 1.20768957
v 0.15487249 0.00740747 1.21866465
v 0.15491811 0.01379354 1.20776338
v 0.15088555 0.01130128 1.21428819
v 0.15088555 -0.01659641 1.22511565
v 0.15088555 -0.00303045 1.22511565
v 0.14011565 -0.03122644 1.19478758
v 0.14689862 -0.02703433 1.18381250
v 0.14685300 -0.03342039 1.19471377
v 0.16165546 -0.03122644 1.19478758
v 0.15487249 -0.02703433 1.18381250
v 0.15491811 -0.03342039 1.19471377
v 0.15088555 -0.03092814 1.18818897
v 0.14011565 0.01159958 1.19478758
v 0.14689862 0.00740747 1.18381250
v 0.14685300 0.01379354 1.19471377
v 0.16165546 0.01159958 1.19478758
v 0.15487249 0.00740747 1.18381250
v 0.15491811 0.01379354 1.19471377
v 0.15088555 0.01130128 1.18818897
v 0.15088555 -0.01659641 1.17736150
v 0.15088555 -0.00303045 1.17736150
v 0.16810646 0.00761265 1.19725164
v 0.17229857 -0.00336244 1.19046867
v 0.16547546 0.00726873 1.19068122
v 0.16810646 -0.02723951 1.19725164
v 0.17229857 -0.01626442 1.19046867
v 0.16547546 -0.02689559 1.19068122
v 0.15733655 -0.02058334 1.17982556
v 0.16831163 -0.01380036 1.18401767
v 0.16144291 -0.02440334 1.18415642
v 0.15741036 -0.01384598 1.17763161
v 0.16796771 -0.02037079 1.18664867
v 0.15733655 0.00095648 1.17982556
v 0.16831163 -0.00582650 1.18401767
v 0.16144291 0.00477648 1.18415642
v 0.15741036 -0.00578088 1.17763161
v 0.16796771 0.00074393 1.18664867
v 0.16393516 -0.00981343 1.18012386
v 0.16810646 0.00761265 1.20522551
v 0.17229857 -0.00336244 1.21200848
v 0.16547546 0.00726873 1.21179593
v 0.17200027 0.00323618 1.20123858
v 0.16810646 -0.02723951 1.20522551
v 0.17229857 -0.01626442 1.21200848
v 0.16547546 -0.02689559 1.21179593
v 0.17200027 -0.02286304 1.20123858
v 0.15733655 -0.02058334 1.22265159
v 0.16831163 -0.01380036 1.21845948
v 0.16144291 -0.02440334 1.21832074
v 0.15741036 -0.01384598 1.22484554
v 0.16796771 -0.02037079 1.21582848
v 0.15733655 0.00095648 1.22265159
v 0.16831163 -0.00582650 1.21845948
v 0.16144291 0.00477648 1.21832074
v 0.15741036 -0.00578088 1.22484554
v 0.16796771 0.00074393 1.21582848
v 0.16393516 -0.00981343 1.22235329
v 0.17476263 -0.00981343 1.19445560
v 0.17476263 -0.00981343 1.20802155
v 0.17449252 -0.00328862 1.19720602
v 0.17449252 -0.01633823 1.19720602
v 0.17449252 -0.00328862 1.20527113
v 0.17449252 -0.01633823 1.20527113
v 0.13366465 0.00761265 1.19725164
v 0.12947254 -0.00336244 1.19046867
v 0.13629565 0.00726873 1.19068122
v 0.13366465 -0.02723951 1.19725164
v 0.12947254 -0.01626442 1.19046867
v 0.13629565 -0.02689559 1.19068122
v 0.14443456 -0.02058334 1.17982556
v 0.13345948 -0.01380036 1.18401767
v 0.14032820 -0.02440334 1.18415642
v 0.14436075 -0.01384598 1.17763161
v 0.13380339 -0.02037079 1.18664867
v 0.14443456 0.00095648 1.17982556
v 0.13345948 -0.00582650 1.18401767
v 0.14032820 0.00477648 1.18415642
v 0.14436075 -0.00578088 1.17763161
v 0.13380339 0.00074393 1.18664867
v 0.13783594 -0.00981343 1.18012386
v 0.13366465 0.00761265 1.20522551
v 0.12947254 -0.00336244 1.21200848
v 0.13629565 0.00726873 1.21179593
v 0.12977084 0.00323618 1.20123858
v 0.13366465 -0.02723951 1.20522551
v 0.12947254 -0.01626442 1.21200848
v 0.13629565 -0.02689559 1.21179593
v 0.12977084 -0.02286304 1.20123858
v 0.14443456 -0.02058334 1.22265159
v 0.13345948 -0.01380036 1.21845948
v 0.14032820 -0.02440334 1.21832074
v 0.14436075 -0.01384598 1.22484554
v 0.13380339 -0.02037079 1.21582848
v 0.14443456 0.00095648 1.22265159
v 0.13345948 -0.00582650 1.21845948
v 0.14032820 0.00477648 1.21832074
v 0.14436075 -0.00578088 1.22484554
v 0.13380339 0.00074393 1.21582848
v 0.13783594 -0.00981343 1.22235329
v 0.12700848 -0.00981343 1.19445560
v 0.12700848 -0.00981343 1.20802155
v 0.12727859 -0.00328862 1.19720602
v 0.12727859 -0.01633823 1.19720602
v 0.12727859 -0.00328862 1.20527113
v 0.12727859 -0.01633823 1.20527113
v -0.09343127 -0.03193729 1.19152570
v -0.30913916 -0.08311507 1.24081038
v -0.09452808 -0.03623916 1.18225808
v -0.31023597 -0.08741695 1.23154276
v -0.09316679 -0.04567360 1.17841930
v -0.30887468 -0.09685139 1.22770399
v -0.09014482 -0.05471404 1.18225808
v -0.30585271 -0.10589183 1.23154276
v -0.08723240 -0.05806471 1.19152570
v -0.30294030 -0.10924249 1.24081038
v -0.08613559 -0.05376283 1.20079332
v -0.30184348 -0.10494062 1.25007800
v -0.08749688 -0.04432839 1.20463209
v -0.30320477 -0.09550618 1.25391678
v -0.09051885 -0.03528795 1.20079332
v -0.30622674 -0.08646574 1.25007800
v -0.09033183 -0.04500100 1.19152570
v -0.30603973 -0.09617878 1.24081038
v -0.09946656 -0.03022070 1.19152570
v -0.08119711 -0.03022070 1.19152570
v -0.09946656 -0.05978130 1.19152570
v -0.08119711 -0.05978130 1.19152570
v -0.09033183 -0.05413572 1.20630600
v -0.09033183 -0.03586627 1.20630600
v -0.09033183 -0.05413572 1.17674540
v -0.09033183 -0.03586627 1.17674540
v -0.07555154 -0.04500100 1.18239097
v -0.07555154 -0.04500100 1.20066042
v -0.10511213 -0.04500100 1.18239097
v -0.10511213 -0.04500100 1.20066042
v -0.09033183 -0.02762571 1.19152570
v -0.09033183 -0.06237628 1.19152570
v -0.09570109 -0.05905790 1.20021334
v -0.08496258 -0.05905790 1.20021334
v -0.09570109 -0.03094410 1.20021334
v -0.08496258 -0.03094410 1.20021334
v -0.09033183 -0.04500100 1.20890098
v -0.09570109 -0.05905790 1.18283806
v -0.08496258 -0.05905790 1.18283806
v -0.09570109 -0.03094410 1.18283806
v -0.08496258 -0.03094410 1.18283806
v -0.09033183 -0.04500100 1.17415041
v -0.07627494 -0.03631336 1.18615644
v -0.07627494 -0.05368864 1.18615644
v -0.08164419 -0.05037025 1.17746880
v -0.08164419 -0.03963174 1.17746880
v -0.07627494 -0.03631336 1.19689495
v -0.07627494 -0.05368864 1.19689495
v -0.08164419 -0.05037025 1.20558260
v -0.08164419 -0.03963174 1.20558260
v -0.07295655 -0.04500100 1.19152570
v -0.10438873 -0.03631336 1.18615644
v -0.10438873 -0.05368864 1.18615644
v -0.09901948 -0.05037025 1.17746880
v -0.09901948 -0.03963174 1.17746880
v -0.10438873 -0.03631336 1.19689495
v -0.10438873 -0.05368864 1.19689495
v -0.09901948 -0.05037025 1.20558260
v -0.09901948 -0.03963174 1.20558260
v -0.10770712 -0.04500100 1.19152570
v -0.09507992 -0.02828705 1.19152570
v -0.08558375 -0.02828705 1.19152570
v -0.09507992 -0.06171495 1.19152570
v -0.08558375 -0.06171495 1.19152570
v -0.09787077 -0.05999011 1.19604139
v -0.09312269 -0.05705563 1.20372395
v -0.09315462 -0.06152587 1.19609306
v -0.08279290 -0.05999011 1.19604139
v -0.08754098 -0.05705563 1.20372395
v -0.08750905 -0.06152587 1.19609306
v -0.09033183 -0.05978130 1.20066042
v -0.09787077 -0.03001189 1.19604139
v -0.09312269 -0.03294637 1.20372395
v -0.09315462 -0.02847612 1.19609306
v -0.08279290 -0.03001189 1.19604139
v -0.08754098 -0.03294637 1.20372395
v -0.08750905 -0.02847612 1.19609306
v -0.09033183 -0.03022070 1.20066042
v -0.09033183 -0.04974908 1.20823965
v -0.09033183 -0.04025291 1.20823965
v -0.09787077 -0.05999011 1.18701000
v -0.09312269 -0.05705563 1.17932744
v -0.09315462 -0.06152587 1.18695833
v -0.08279290 -0.05999011 1.18701000
v -0.08754098 -0.05705563 1.17932744
v -0.08750905 -0.06152587 1.18695833
v -0.09033183 -0.05978130 1.18239097
v -0.09787077 -0.03001189 1.18701000
v -0.09312269 -0.03294637 1.17932744
v -0.09315462 -0.02847612 1.18695833
v -0.08279290 -0.03001189 1.18701000
v -0.08754098 -0.03294637 1.17932744
v -0.08750905 -0.02847612 1.18695833
v -0.09033183 -0.03022070 1.18239097
v -0.09033183 -0.04974908 1.17481175
v -0.09033183 -0.04025291 1.17481175
v -0.07827720 -0.03280274 1.18873484
v -0.07534273 -0.04048530 1.18398676
v -0.08011890 -0.03304348 1.18413555
v -0.07827720 -0.05719925 1.18873484
v -0.07534273 -0.04951669 1.18398676
v -0.08011890 -0.05695851 1.18413555
v -0.08581614 -0.05253993 1.17653659
v -0.07813358 -0.04779185 1.17947107
v -0.08294169 -0.05521393 1.17956818
v -0.08576447 -0.04782378 1.17500082
v -0.07837432 -0.05239115 1.18131276
v -0.08581614 -0.03746206 1.17653659
v -0.07813358 -0.04221014 1.17947107
v -0.08294169 -0.03478806 1.17956818
v -0.08576447 -0.04217821 1.17500082
v -0.07837432 -0.03761085 1.18131276
v -0.08119711 -0.04500100 1.17674540
v -0.07827720 -0.03280274 1.19431655
v -0.07534273 -0.04048530 1.19906463
v -0.08011890 -0.03304348 1.19891585
v -0.07555154 -0.03586627 1.19152570
v -0.07827720 -0.05719925 1.19431655
v -0.07534273 -0.04951669 1.19906463
v -0.08011890 -0.05695851 1.19891585
v -0.07555154 -0.05413572 1.19152570
v -0.08581614 -0.05253993 1.20651481
v -0.07813358 -0.04779185 1.20358033
v -0.08294169 -0.05521393 1.20348321
v -0.08576447 -0.04782378 1.20805057
v -0.07837432 -0.05239115 1.20173863
v -0.08581614 -0.03746206 1.20651481
v -0.07813358 -0.04221014 1.20358033
v -0.08294169 -0.03478806 1.20348321
v -0.08576447 -0.04217821 1.20805057
v -0.07837432 -0.03761085 1.20173863
v -0.08119711 -0.04500100 1.20630600
v -0.07361788 -0.04500100 1.18677761
v -0.07361788 -0.04500100 1.19627378
v -0.07380696 -0.04043363 1.18870291
v -0.07380696 -0.04956836 1.18870291
v -0.07380696 -0.04043363 1.19434848
v -0.07380696 -0.04956836 1.19434848
v -0.10238647 -0.03280274 1.18873484
v -0.10532094 -0.04048530 1.18398676
v -0.10054477 -0.03304348 1.18413555
v -0.10238647 -0.05719925 1.18873484
v -0.10532094 -0.04951669 1.18398676
v -0.10054477 -0.05695851 1.18413555
v -0.09484753 -0.05253993 1.17653659
v -0.10253009 -0.04779185 1.17947107
v -0.09772198 -0.05521393 1.17956818
v -0.09489920 -0.04782378 1.17500082
v -0.10228935 -0.05239115 1.18131276
v -0.09484753 -0.03746206 1.17653659
v -0.10253009 -0.04221014 1.17947107
v -0.09772198 -0.03478806 1.17956818
v -0.09489920 -0.04217821 1.17500082
v -0.10228935 -0.03761085 1.18131276
v -0.09946656 -0.04500100 1.17674540
v -0.10238647 -0.03280274 1.19431655
v -0.10532094 -0.04048530 1.19906463
v -0.10054477 -0.03304348 1.19891585
v -0.10511213 -0.03586627 1.19152570
v -0.10238647 -0.05719925 1.19431655
v -0.10532094 -0.04951669 1.19906463
v -0.10054477 -0.05695851 1.19891585
v -0.10511213 -0.05413572 1.19152570
v -0.09484753 -0.05253993 1.20651481
v -0.10253009 -0.04779185 1.20358033
v -0.09772198 -0.05521393 1.20348321
v -0.09489920 -0.04782378 1.20805057
v -0.10228935 -0.05239115 1.20173863
v -0.09484753 -0.03746206 1.20651481
v -0.10253009 -0.04221014 1.20358033
v -0.09772198 -0.03478806 1.20348321
v -0.09489920 -0.04217821 1.20805057
v -0.10228935 -0.03761085 1.20173863
v -0.09946656 -0.04500100 1.20630600
v -0.10704579 -0.04500100 1.18677761
v -0.10704579 -0.04500100 1.19627378
v -0.10685671 -0.04043363 1.18870291
v -0.10685671 -0.04956836 1.18870291
v -0.10685671 -0.04043363 1.19434848
v -0.10685671 -0.04956836 1.19434848
v -0.31243404 -0.08583257 1.24081038
v -0.29964542 -0.08583257 1.24081038
v -0.31243404 -0.10652499 1.24081038
v -0.29964542 -0.10652499 1.24081038
v -0.30603973 -0.10257309 1.25115659
v -0.30603973 -0.08978447 1.25115659
v -0.30603973 -0.10257309 1.23046417
v -0.30603973 -0.08978447 1.23046417
v -0.29569352 -0.09617878 1.23441607
v -0.29569352 -0.09617878 1.24720469
v -0.31638594 -0.09617878 1.23441607
v -0.31638594 -0.09617878 1.24720469
v -0.30603973 -0.08401608 1.24081038
v -0.30603973 -0.10834148 1.24081038
v -0.30979821 -0.10601861 1.24689173
v -0.30228125 -0.10601861 1.24689173
v -0.30979821 -0.08633895 1.24689173
v -0.30228125 -0.08633895 1.24689173
v -0.30603973 -0.09617878 1.25297308
v -0.30979821 -0.10601861 1.23472903
v -0.30228125 -0.10601861 1.23472903
v -0.30979821 -0.08633895 1.23472903
v -0.30228125 -0.08633895 1.23472903
v -0.30603973 -0.09617878 1.22864768
v -0.29619990 -0.09009743 1.23705190
v -0.29619990 -0.10226013 1.23705190
v -0.29995838 -0.09993726 1.23097055
v -0.29995838 -0.09242030 1.23097055
v -0.29619990 -0.09009743 1.24456886
v -0.29619990 -0.10226013 1.24456886
v -0.29995838 -0.09993726 1.25065021
v -0.29995838 -0.09242030 1.25065021
v -0.29387703 -0.09617878 1.24081038
v -0.31587956 -0.09009743 1.23705190
v -0.31587956 -0.10226013 1.23705190
v -0.31212108 -0.09993726 1.23097055
v -0.31212108 -0.09242030 1.23097055
v -0.31587956 -0.09009743 1.24456886
v -0.31587956 -0.10226013 1.24456886
v -0.31212108 -0.09993726 1.25065021
v -0.31212108 -0.09242030 1.25065021
v -0.31820242 -0.09617878 1.24081038
v -0.30936339 -0.08447902 1.24081038
v -0.30271607 -0.08447902 1.24081038
v -0.30936339 -0.10787855 1.24081038
v -0.30271607 -0.10787855 1.24081038
v -0.31131698 -0.10667116 1.24397137
v -0.30799332 -0.10461702 1.24934916
v -0.30801568 -0.10774620 1.24400754
v -0.30076247 -0.10667116 1.24397137
v -0.30408613 -0.10461702 1.24934916
v -0.30406378 -0.10774620 1.24400754
v -0.30603973 -0.10652499 1.24720469
v -0.31131698 -0.08568641 1.24397137
v -0.30799332 -0.08774054 1.24934916
v -0.30801568 -0.08461137 1.24400754
v -0.30076247 -0.08568641 1.24397137
v -0.30408613 -0.08774054 1.24934916
v -0.30406378 -0.08461137 1.24400754
v -0.30603973 -0.08583257 1.24720469
v -0.30603973 -0.09950244 1.25251015
v -0.30603973 -0.09285512 1.25251015
v -0.31131698 -0.10667116 1.23764940
v -0.30799332 -0.10461702 1.23227160
v -0.30801568 -0.10774620 1.23761323
v -0.30076247 -0.10667116 1.23764940
v -0.30408613 -0.10461702 1.23227160
v -0.30406378 -0.10774620 1.23761323
v -0.30603973 -0.10652499 1.23441607
v -0.31131698 -0.08568641 1.23764940
v -0.30799332 -0.08774054 1.23227160
v -0.30801568 -0.08461137 1.23761323
v -0.30076247 -0.08568641 1.23764940
v -0.30408613 -0.08774054 1.23227160
v -0.30406378 -0.08461137 1.23761323
v -0.30603973 -0.08583257 1.23441607
v -0.30603973 -0.09950244 1.22911062
v -0.30603973 -0.09285512 1.22911062
v -0.29760148 -0.08764000 1.23885678
v -0.29554735 -0.09301780 1.23553313
v -0.29889067 -0.08780852 1.23563728
v -0.29760148 -0.10471756 1.23885678
v -0.29554735 -0.09933977 1.23553313
v -0.29889067 -0.10454904 1.23563728
v -0.30287874 -0.10145604 1.23031801
v -0.29750095 -0.09813238 1.23237214
v -0.30086662 -0.10332784 1.23244012
v -0.30284257 -0.09815473 1.22924297
v -0.29766947 -0.10135189 1.23366133
v -0.30287874 -0.09090153 1.23031801
v -0.29750095 -0.09422519 1.23237214
v -0.30086662 -0.08902973 1.23244012
v -0.30284257 -0.09420283 1.22924297
v -0.29766947 -0.09100568 1.23366133
v -0.29964542 -0.09617878 1.23046417
v -0.29760148 -0.08764000 1.24276398
v -0.29554735 -0.09301780 1.24608764
v -0.29889067 -0.08780852 1.24598349
v -0.29569352 -0.08978447 1.24081038
v -0.29760148 -0.10471756 1.24276398
v -0.29554735 -0.09933977 1.24608764
v -0.29889067 -0.10454904 1.24598349
v -0.29569352 -0.10257309 1.24081038
v -0.30287874 -0.10145604 1.25130276
v -0.29750095 -0.09813238 1.24924862
v -0.30086662 -0.10332784 1.24918064
v -0.30284257 -0.09815473 1.25237780
v -0.29766947 -0.10135189 1.24795944
v -0.30287874 -0.09090153 1.25130276
v -0.29750095 -0.09422519 1.24924862
v -0.30086662 -0.08902973 1.24918064
v -0.30284257 -0.09420283 1.25237780
v -0.29766947 -0.09100568 1.24795944
v -0.29964542 -0.09617878 1.25115659
v -0.29433996 -0.09617878 1.23748672
v -0.29433996 -0.09617878 1.24413404
v -0.29447231 -0.09298163 1.23883443
v -0.29447231 -0.09937594 1.23883443
v -0.29447231 -0.09298163 1.24278633
v -0.29447231 -0.09937594 1.24278633
v -0.31447797 -0.08764000 1.23885678
v -0.31653210 -0.09301780 1.23553313
v -0.31318878 -0.08780852 1.23563728
v -0.31447797 -0.10471756 1.23885678
v -0.31653210 -0.09933977 1.23553313
v -0.31318878 -0.10454904 1.23563728
v -0.30920071 -0.10145604 1.23031801
v -0.31457851 -0.09813238 1.23237214
v -0.31121283 -0.10332784 1.23244012
v -0.30923688 -0.09815473 1.22924297
v -0.31440999 -0.10135189 1.23366133
v -0.30920071 -0.09090153 1.23031801
v -0.31457851 -0.09422519 1.23237214
v -0.31121283 -0.08902973 1.23244012
v -0.30923688 -0.09420283 1.22924297
v -0.31440999 -0.09100568 1.23366133
v -0.31243404 -0.09617878 1.23046417
v -0.31447797 -0.08764000 1.24276398
v -0.31653210 -0.09301780 1.24608764
v -0.31318878 -0.08780852 1.24598349
v -0.31638594 -0.08978447 1.24081038
v -0.31447797 -0.10471756 1.24276398
v -0.31653210 -0.09933977 1.24608764
v -0.31318878 -0.10454904 1.24598349
v -0.31638594 -0.10257309 1.24081038
v -0.30920071 -0.10145604 1.25130276
v -0.31457851 -0.09813238 1.24924862
v -0.31121283 -0.10332784 1.24918064
v -0.30923688 -0.09815473 1.25237780
v -0.31440999 -0.10135189 1.24795944
v -0.30920071 -0.09090153 1.25130276
v -0.31457851 -0.09422519 1.24924862
v -0.31121283 -0.08902973 1.24918064
v -0.30923688 -0.09420283 1.25237780
v -0.31440999 -0.09100568 1.24795944
v -0.31243404 -0.09617878 1.25115659
v -0.31773949 -0.09617878 1.23748672
v -0.31773949 -0.09617878 1.24413404
v -0.31760714 -0.09298163 1.23883443
v -0.31760714 -0.09937594 1.23883443
v -0.31760714 -0.09298163 1.24278633
v -0.31760714 -0.09937594 1.24278633
v 0.99318576 -0.06885218 1.25316438
v 1.00813679 -0.06885218 1.25316438
v 0.99318576 -0.09304347 1.25316438
v 1.00813679 -0.09304347 1.25316438
v 1.00066128 -0.08842334 1.26526002
v 1.00066128 -0.07347231 1.26526002
v 1.00066128 -0.08842334 1.24106874
v 1.00066128 -0.07347231 1.24106874
v 1.01275692 -0.08094783 1.24568886
v 1.01275692 -0.08094783 1.26063990
v 0.98856563 -0.08094783 1.24568886
v 0.98856563 -0.08094783 1.26063990
v 1.00066128 -0.06672855 1.25316438
v 1.00066128 -0.09516711 1.25316438
v 0.99626728 -0.09245147 1.26027402
v 1.00505527 -0.09245147 1.26027402
v 0.99626728 -0.06944419 1.26027402
v 1.00505527 -0.06944419 1.26027402
v 1.00066128 -0.08094783 1.26738366
v 0.99626728 -0.09245147 1.24605474
v 1.00505527 -0.09245147 1.24605474
v 0.99626728 -0.06944419 1.24605474
v 1.00505527 -0.06944419 1.24605474
v 1.00066128 -0.08094783 1.23894510
v 1.01216492 -0.07383819 1.24877038
v 1.01216492 -0.08805747 1.24877038
v 1.00777092 -0.08534183 1.24166074
v 1.00777092 -0.07655383 1.24166074
v 1.01216492 -0.07383819 1.25755838
v 1.01216492 -0.08805747 1.25755838
v 1.00777092 -0.08534183 1.26466802
v 1.00777092 -0.07655383 1.26466802
v 1.01488056 -0.08094783 1.25316438
v 0.98915764 -0.07383819 1.24877038
v 0.98915764 -0.08805747 1.24877038
v 0.99355164 -0.08534183 1.24166074
v 0.99355164 -0.07655383 1.24166074
v 0.98915764 -0.07383819 1.25755838
v 0.98915764 -0.08805747 1.25755838
v 0.99355164 -0.08534183 1.26466802
v 0.99355164 -0.07655383 1.26466802
v 0.98644199 -0.08094783 1.25316438
v 0.99677562 -0.06726975 1.25316438
v 1.00454693 -0.06726975 1.25316438
v 0.99677562 -0.09462590 1.25316438
v 1.00454693 -0.09462590 1.25316438
v 0.99449169 -0.09321435 1.25685986
v 0.99837735 -0.09081289 1.26314698
v 0.99835121 -0.09447117 1.25690214
v 1.00683086 -0.09321435 1.25685986
v 1.00294521 -0.09081289 1.26314698
v 1.00297134 -0.09447117 1.25690214
v 1.00066128 -0.09304347 1.26063990
v 0.99449169 -0.06868130 1.25685986
v 0.99837735 -0.07108277 1.26314698
v 0.99835121 -0.06742449 1.25690214
v 1.00683086 -0.06868130 1.25685986
v 1.00294521 -0.07108277 1.26314698
v 1.00297134 -0.06742449 1.25690214
v 1.00066128 -0.06885218 1.26063990
v 1.00066128 -0.08483348 1.26684245
v 1.00066128 -0.07706217 1.26684245
v 0.99449169 -0.09321435 1.24946891
v 0.99837735 -0.09081289 1.24318179
v 0.99835121 -0.09447117 1.24942662
v 1.00683086 -0.09321435 1.24946891
v 1.00294521 -0.09081289 1.24318179
v 1.00297134 -0.09447117 1.24942662
v 1.00066128 -0.09304347 1.24568886
v 0.99449169 -0.06868130 1.24946891
v 0.99837735 -0.07108277 1.24318179
v 0.99835121 -0.06742449 1.24942662
v 1.00683086 -0.06868130 1.24946891
v 1.00294521 -0.07108277 1.24318179
v 1.00297134 -0.06742449 1.24942662
v 1.00066128 -0.06885218 1.24568886
v 1.00066128 -0.08483348 1.23948631
v 1.00066128 -0.07706217 1.23948631
v 1.01052633 -0.07096523 1.25088045
v 1.01292780 -0.07725235 1.24699480
v 1.00901916 -0.07116225 1.24711656
v 1.01052633 -0.09093042 1.25088045
v 1.01292780 -0.08464330 1.24699480
v 1.00901916 -0.09073341 1.24711656
v 1.00435675 -0.08711741 1.24089786
v 1.01064387 -0.08323176 1.24329932
v 1.00670910 -0.08930571 1.24337880
v 1.00439903 -0.08325789 1.23964104
v 1.01044686 -0.08699565 1.24480650
v 1.00435675 -0.07477824 1.24089786
v 1.01064387 -0.07866390 1.24329932
v 1.00670910 -0.07258994 1.24337880
v 1.00439903 -0.07863776 1.23964104
v 1.01044686 -0.07490000 1.24480650
v 1.00813679 -0.08094783 1.24106874
v 1.01052633 -0.07096523 1.25544831
v 1.01292780 -0.07725235 1.25933396
v 1.00901916 -0.07116225 1.25921220
v 1.01275692 -0.07347231 1.25316438
v 1.01052633 -0.09093042 1.25544831
v 1.01292780 -0.08464330 1.25933396
v 1.00901916 -0.09073341 1.25921220
v 1.01275692 -0.08842334 1.25316438
v 1.00435675 -0.08711741 1.26543091
v 1.01064387 -0.08323176 1.26302944
v 1.00670910 -0.08930571 1.26294996
v 1.00439903 -0.08325789 1.26668772
v 1.01044686 -0.08699565 1.26152227
v 1.00435675 -0.07477824 1.26543091
v 1.01064387 -0.07866390 1.26302944
v 1.00670910 -0.07258994 1.26294996
v 1.00439903 -0.07863776 1.26668772
v 1.01044686 -0.07490000 1.26152227
v 1.00813679 -0.08094783 1.26526002
v 1.01433935 -0.08094783 1.24927873
v 1.01433935 -0.08094783 1.25705004
v 1.01418461 -0.07721007 1.25085432
v 1.01418461 -0.08468559 1.25085432
v 1.01418461 -0.07721007 1.25547444
v 1.01418461 -0.08468559 1.25547444
v 0.99079622 -0.07096523 1.25088045
v 0.98839475 -0.07725235 1.24699480
v 0.99230339 -0.07116225 1.24711656
v 0.99079622 -0.09093042 1.25088045
v 0.98839475 -0.08464330 1.24699480
v 0.99230339 -0.09073341 1.24711656
v 0.99696580 -0.08711741 1.24089786
v 0.99067868 -0.08323176 1.24329932
v 0.99461345 -0.08930571 1.24337880
v 0.99692352 -0.08325789 1.23964104
v 0.99087569 -0.08699565 1.24480650
v 0.99696580 -0.07477824 1.24089786
v 0.99067868 -0.07866390 1.24329932
v 0.99461345 -0.07258994 1.24337880
v 0.99692352 -0.07863776 1.23964104
v 0.99087569 -0.07490000 1.24480650
v 0.99318576 -0.08094783 1.24106874
v 0.99079622 -0.07096523 1.25544831
v 0.98839475 -0.07725235 1.25933396
v 0.99230339 -0.07116225 1.25921220
v 0.98856563 -0.07347231 1.25316438
v 0.99079622 -0.09093042 1.25544831
v 0.98839475 -0.08464330 1.25933396
v 0.99230339 -0.09073341 1.25921220
v 0.98856563 -0.08842334 1.25316438
v 0.99696580 -0.08711741 1.26543091
v 0.99067868 -0.08323176 1.26302944
v 0.99461345 -0.08930571 1.26294996
v 0.99692352 -0.08325789 1.26668772
v 0.99087569 -0.08699565 1.26152227
v 0.99696580 -0.07477824 1.26543091
v 0.99067868 -0.07866390 1.26302944
v 0.99461345 -0.07258994 1.26294996
v 0.99692352 -0.07863776 1.26668772
v 0.99087569 -0.07490000 1.26152227
v 0.99318576 -0.08094783 1.26526002
v 0.98698320 -0.08094783 1.24927873
v 0.98698320 -0.08094783 1.25705004
v 0.98713794 -0.07721007 1.25085432
v 0.98713794 -0.08468559 1.25085432
v 0.98713794 -0.07721007 1.25547444
v 0.98713794 -0.08468559 1.25547444
v 0.96105971 -0.07614035 1.24833869
v 1.01500746 -0.08562304 1.25010904
v 0.96133728 -0.07506152 1.24565888
v 1.01528503 -0.08454421 1.24742923
v 0.96183679 -0.07242700 1.24454886
v 1.01578454 -0.08190969 1.24631921
v 0.96226563 -0.06978006 1.24565888
v 1.01621338 -0.07926275 1.24742923
v 0.96237259 -0.06867124 1.24833869
v 1.01632034 -0.07815393 1.25010904
v 0.96209502 -0.06975008 1.25101850
v 1.01604277 -0.07923276 1.25278885
v 0.96159551 -0.07238459 1.25212852
v 1.01554326 -0.08186728 1.25389887
v 0.96116667 -0.07503153 1.25101850
v 1.01511442 -0.08451422 1.25278885
v 0.96171615 -0.07240580 1.24833869
v 1.01566390 -0.08188849 1.25010904
v 1.01317206 -0.07785661 1.25010904
v 1.01815574 -0.07785661 1.25010904
v 1.01317206 -0.08592037 1.25010904
v 1.01815574 -0.08592037 1.25010904
v 1.01566390 -0.08438033 1.25414092
v 1.01566390 -0.07939665 1.25414092
v 1.01566390 -0.08438033 1.24607716
v 1.01566390 -0.07939665 1.24607716
v 1.01969578 -0.08188849 1.24761720
v 1.01969578 -0.08188849 1.25260088
v 1.01163202 -0.08188849 1.24761720
v 1.01163202 -0.08188849 1.25260088
v 1.01566390 -0.07714873 1.25010904
v 1.01566390 -0.08662825 1.25010904
v 1.01419924 -0.08572303 1.25247892
v 1.01712857 -0.08572303 1.25247892
v 1.01419924 -0.07805394 1.25247892
v 1.01712857 -0.07805394 1.25247892
v 1.01566390 -0.08188849 1.25484880
v 1.01419924 -0.08572303 1.24773916
v 1.01712857 -0.08572303 1.24773916
v 1.01419924 -0.07805394 1.24773916
v 1.01712857 -0.07805394 1.24773916
v 1.01566390 -0.08188849 1.24536928
v 1.01949845 -0.07951861 1.24864437
v 1.01949845 -0.08425837 1.24864437
v 1.01803378 -0.08335315 1.24627449
v 1.01803378 -0.08042382 1.24627449
v 1.01949845 -0.07951861 1.25157371
v 1.01949845 -0.08425837 1.25157371
v 1.01803378 -0.08335315 1.25394359
v 1.01803378 -0.08042382 1.25394359
v 1.02040366 -0.08188849 1.25010904
v 1.01182936 -0.07951861 1.24864437
v 1.01182936 -0.08425837 1.24864437
v 1.01329402 -0.08335315 1.24627449
v 1.01329402 -0.08042382 1.24627449
v 1.01182936 -0.07951861 1.25157371
v 1.01182936 -0.08425837 1.25157371
v 1.01329402 -0.08335315 1.25394359
v 1.01329402 -0.08042382 1.25394359
v 1.01092414 -0.08188849 1.25010904
v 1.01436868 -0.07732913 1.25010904
v 1.01695912 -0.07732913 1.25010904
v 1.01436868 -0.08644784 1.25010904
v 1.01695912 -0.08644784 1.25010904
v 1.01360737 -0.08597733 1.25134086
v 1.01490259 -0.08517684 1.25343657
v 1.01489388 -0.08639627 1.25135496
v 1.01772043 -0.08597733 1.25134086
v 1.01642521 -0.08517684 1.25343657
v 1.01643392 -0.08639627 1.25135496
v 1.01566390 -0.08592037 1.25260088
v 1.01360737 -0.07779965 1.25134086
v 1.01490259 -0.07860013 1.25343657
v 1.01489388 -0.07738071 1.25135496
v 1.01772043 -0.07779965 1.25134086
v 1.01642521 -0.07860013 1.25343657
v 1.01643392 -0.07738071 1.25135496
v 1.01566390 -0.07785661 1.25260088
v 1.01566390 -0.08318371 1.25466840
v 1.01566390 -0.08059327 1.25466840
v 1.01360737 -0.08597733 1.24887721
v 1.01490259 -0.08517684 1.24678151
v 1.01489388 -0.08639627 1.24886312
v 1.01772043 -0.08597733 1.24887721
v 1.01642521 -0.08517684 1.24678151
v 1.01643392 -0.08639627 1.24886312
v 1.01566390 -0.08592037 1.24761720
v 1.01360737 -0.07779965 1.24887721
v 1.01490259 -0.07860013 1.24678151
v 1.01489388 -0.07738071 1.24886312
v 1.01772043 -0.07779965 1.24887721
v 1.01642521 -0.07860013 1.24678151
v 1.01643392 -0.07738071 1.24886312
v 1.01566390 -0.07785661 1.24761720
v 1.01566390 -0.08318371 1.24554968
v 1.01566390 -0.08059327 1.24554968
v 1.01895225 -0.07856096 1.24934773
v 1.01975274 -0.08065666 1.24805251
v 1.01844986 -0.07862663 1.24809310
v 1.01895225 -0.08521602 1.24934773
v 1.01975274 -0.08312031 1.24805251
v 1.01844986 -0.08515035 1.24809310
v 1.01689573 -0.08394502 1.24602020
v 1.01899143 -0.08264980 1.24682069
v 1.01767984 -0.08467445 1.24684718
v 1.01690982 -0.08265851 1.24560126
v 1.01892576 -0.08390443 1.24732308
v 1.01689573 -0.07983196 1.24602020
v 1.01899143 -0.08112718 1.24682069
v 1.01767984 -0.07910253 1.24684718
v 1.01690982 -0.08111847 1.24560126
v 1.01892576 -0.07987255 1.24732308
v 1.01815574 -0.08188849 1.24607716
v 1.01895225 -0.07856096 1.25087035
v 1.01975274 -0.08065666 1.25216557
v 1.01844986 -0.07862663 1.25212498
v 1.01969578 -0.07939665 1.25010904
v 1.01895225 -0.08521602 1.25087035
v 1.01975274 -0.08312031 1.25216557
v 1.01844986 -0.08515035 1.25212498
v 1.01969578 -0.08438033 1.25010904
v 1.01689573 -0.08394502 1.25419788
v 1.01899143 -0.08264980 1.25339739
v 1.01767984 -0.08467445 1.25337090
v 1.01690982 -0.08265851 1.25461682
v 1.01892576 -0.08390443 1.25289500
v 1.01689573 -0.07983196 1.25419788
v 1.01899143 -0.08112718 1.25339739
v 1.01767984 -0.07910253 1.25337090
v 1.01690982 -0.08111847 1.25461682
v 1.01892576 -0.07987255 1.25289500
v 1.01815574 -0.08188849 1.25414092
v 1.02022326 -0.08188849 1.24881382
v 1.02022326 -0.08188849 1.25140426
v 1.02017168 -0.08064257 1.24933902
v 1.02017168 -0.08313441 1.24933902
v 1.02017168 -0.08064257 1.25087906
v 1.02017168 -0.08313441 1.25087906
v 1.01237555 -0.07856096 1.24934773
v 1.01157506 -0.08065666 1.24805251
v 1.01287794 -0.07862663 1.24809310
v 1.01237555 -0.08521602 1.24934773
v 1.01157506 -0.08312031 1.24805251
v 1.01287794 -0.08515035 1.24809310
v 1.01443208 -0.08394502 1.24602020
v 1.01233637 -0.08264980 1.24682069
v 1.01364796 -0.08467445 1.24684718
v 1.01441798 -0.08265851 1.24560126
v 1.01240204 -0.08390443 1.24732308
v 1.01443208 -0.07983196 1.24602020
v 1.01233637 -0.08112718 1.24682069
v 1.01364796 -0.07910253 1.24684718
v 1.01441798 -0.08111847 1.24560126
v 1.01240204 -0.07987255 1.24732308
v 1.01317206 -0.08188849 1.24607716
v 1.01237555 -0.07856096 1.25087035
v 1.01157506 -0.08065666 1.25216557
v 1.01287794 -0.07862663 1.25212498
v 1.01163202 -0.07939665 1.25010904
v 1.01237555 -0.08521602 1.25087035
v 1.01157506 -0.08312031 1.25216557
v 1.01287794 -0.08515035 1.25212498
v 1.01163202 -0.08438033 1.25010904
v 1.01443208 -0.08394502 1.25419788
v 1.01233637 -0.08264980 1.25339739
v 1.01364796 -0.08467445 1.25337090
v 1.01441798 -0.08265851 1.25461682
v 1.01240204 -0.08390443 1.25289500
v 1.01443208 -0.07983196 1.25419788
v 1.01233637 -0.08112718 1.25339739
v 1.01364796 -0.07910253 1.25337090
v 1.01441798 -0.08111847 1.25461682
v 1.01240204 -0.07987255 1.25289500
v 1.01317206 -0.08188849 1.25414092
v 1.01110454 -0.08188849 1.24881382
v 1.01110454 -0.08188849 1.25140426
v 1.01115612 -0.08064257 1.24933902
v 1.01115612 -0.08313441 1.24933902
v 1.01115612 -0.08064257 1.25087906
v 1.01115612 -0.08313441 1.25087906
v 0.96094557 -0.07611848 1.24833869
v 1.02198081 -0.08878664 1.25873354
v 0.96160308 -0.07512069 1.24569400
v 1.02263832 -0.08778885 1.25608885
v 0.96232683 -0.07253255 1.24459853
v 1.02336207 -0.08520071 1.25499338
v 0.96269285 -0.06987016 1.24569400
v 1.02372809 -0.08253832 1.25608885
v 0.96248674 -0.06869312 1.24833869
v 1.02352198 -0.08136128 1.25873354
v 0.96182922 -0.06969091 1.25098338
v 1.02286446 -0.08235907 1.26137823
v 0.96110547 -0.07227905 1.25207885
v 1.02214072 -0.08494721 1.26247370
v 0.96073945 -0.07494144 1.25098338
v 1.02177469 -0.08760960 1.26137823
v 0.96171615 -0.07240580 1.24833869
v 1.02275139 -0.08507396 1.25873354
v 1.02025955 -0.08104208 1.25873354
v 1.02524323 -0.08104208 1.25873354
v 1.02025955 -0.08910584 1.25873354
v 1.02524323 -0.08910584 1.25873354
v 1.02275139 -0.08756580 1.26276542
v 1.02275139 -0.08258212 1.26276542
v 1.02275139 -0.08756580 1.25470166
v 1.02275139 -0.08258212 1.25470166
v 1.02678327 -0.08507396 1.25624170
v 1.02678327 -0.08507396 1.26122538
v 1.01871951 -0.08507396 1.25624170
v 1.01871951 -0.08507396 1.26122538
v 1.02275139 -0.08033420 1.25873354
v 1.02275139 -0.08981372 1.25873354
v 1.02128673 -0.08890851 1.26110342
v 1.02421606 -0.08890851 1.26110342
v 1.02128673 -0.08123941 1.26110342
v 1.02421606 -0.08123941 1.26110342
v 1.02275139 -0.08507396 1.26347330
v 1.02128673 -0.08890851 1.25636366
v 1.02421606 -0.08890851 1.25636366
v 1.02128673 -0.08123941 1.25636366
v 1.02421606 -0.08123941 1.25636366
v 1.02275139 -0.08507396 1.25399378
v 1.02658594 -0.08270408 1.25726887
v 1.02658594 -0.08744384 1.25726887
v 1.02512127 -0.08653863 1.25489899
v 1.02512127 -0.08360929 1.25489899
v 1.02658594 -0.08270408 1.26019821
v 1.02658594 -0.08744384 1.26019821
v 1.02512127 -0.08653863 1.26256809
v 1.02512127 -0.08360929 1.26256809
v 1.02749115 -0.08507396 1.25873354
v 1.01891685 -0.08270408 1.25726887
v 1.01891685 -0.08744384 1.25726887
v 1.02038151 -0.08653863 1.25489899
v 1.02038151 -0.08360929 1.25489899
v 1.01891685 -0.08270408 1.26019821
v 1.01891685 -0.08744384 1.26019821
v 1.02038151 -0.08653863 1.26256809
v 1.02038151 -0.08360929 1.26256809
v 1.01801163 -0.08507396 1.25873354
v 1.02145617 -0.08051460 1.25873354
v 1.02404661 -0.08051460 1.25873354
v 1.02145617 -0.08963332 1.25873354
v 1.02404661 -0.08963332 1.25873354
v 1.02069486 -0.08916280 1.25996537
v 1.02199008 -0.08836231 1.26206107
v 1.02198137 -0.08958174 1.25997946
v 1.02480792 -0.08916280 1.25996537
v 1.02351270 -0.08836231 1.26206107
v 1.02352141 -0.08958174 1.25997946
v 1.02275139 -0.08910584 1.26122538
v 1.02069486 -0.08098512 1.25996537
v 1.02199008 -0.08178561 1.26206107
v 1.02198137 -0.08056618 1.25997946
v 1.02480792 -0.08098512 1.25996537
v 1.02351270 -0.08178561 1.26206107
v 1.02352141 -0.08056618 1.25997946
v 1.02275139 -0.08104208 1.26122538
v 1.02275139 -0.08636918 1.26329290
v 1.02275139 -0.08377874 1.26329290
v 1.02069486 -0.08916280 1.25750171
v 1.02199008 -0.08836231 1.25540601
v 1.02198137 -0.08958174 1.25748762
v 1.02480792 -0.08916280 1.25750171
v 1.02351270 -0.08836231 1.25540601
v 1.02352141 -0.08958174 1.25748762
v 1.02275139 -0.08910584 1.25624170
v 1.02069486 -0.08098512 1.25750171
v 1.02199008 -0.08178561 1.25540601
v 1.02198137 -0.08056618 1.25748762
v 1.02480792 -0.08098512 1.25750171
v 1.02351270 -0.08178561 1.25540601
v 1.02352141 -0.08056618 1.25748762
v 1.02275139 -0.08104208 1.25624170
v 1.02275139 -0.08636918 1.25417418
v 1.02275139 -0.08377874 1.25417418
v 1.02603974 -0.08174643 1.25797223
v 1.02684023 -0.08384213 1.25667701
v 1.02553735 -0.08181210 1.25671760
v 1.02603974 -0.08840149 1.25797223
v 1.02684023 -0.08630579 1.25667701
v 1.02553735 -0.08833582 1.25671760
v 1.02398322 -0.08713049 1.25464470
v 1.02607892 -0.08583527 1.25544519
v 1.02476733 -0.08785992 1.25547168
v 1.02399731 -0.08584398 1.25422576
v 1.02601325 -0.08708990 1.25594758
v 1.02398322 -0.08301743 1.25464470
v 1.02607892 -0.08431265 1.25544519
v 1.02476733 -0.08228800 1.25547168
v 1.02399731 -0.08430394 1.25422576
v 1.02601325 -0.08305802 1.25594758
v 1.02524323 -0.08507396 1.25470166
v 1.02603974 -0.08174643 1.25949485
v 1.02684023 -0.08384213 1.26079007
v 1.02553735 -0.08181210 1.26074948
v 1.02678327 -0.08258212 1.25873354
v 1.02603974 -0.08840149 1.25949485
v 1.02684023 -0.08630579 1.26079007
v 1.02553735 -0.08833582 1.26074948
v 1.02678327 -0.08756580 1.25873354
v 1.02398322 -0.08713049 1.26282238
v 1.02607892 -0.08583527 1.26202189
v 1.02476733 -0.08785992 1.26199540
v 1.02399731 -0.08584398 1.26324132
v 1.02601325 -0.08708990 1.26151950
v 1.02398322 -0.08301743 1.26282238
v 1.02607892 -0.08431265 1.26202189
v 1.02476733 -0.08228800 1.26199540
v 1.02399731 -0.08430394 1.26324132
v 1.02601325 -0.08305802 1.26151950
v 1.02524323 -0.08507396 1.26276542
v 1.02731075 -0.08507396 1.25743832
v 1.02731075 -0.08507396 1.26002876
v 1.02725917 -0.08382804 1.25796352
v 1.02725917 -0.08631988 1.25796352
v 1.02725917 -0.08382804 1.25950356
v 1.02725917 -0.08631988 1.25950356
v 1.01946304 -0.08174643 1.25797223
v 1.01866255 -0.08384213 1.25667701
v 1.01996543 -0.08181210 1.25671760
v 1.01946304 -0.08840149 1.25797223
v 1.01866255 -0.08630579 1.25667701
v 1.01996543 -0.08833582 1.25671760
v 1.02151957 -0.08713049 1.25464470
v 1.01942386 -0.08583527 1.25544519
v 1.02073545 -0.08785992 1.25547168
v 1.02150547 -0.08584398 1.25422576
v 1.01948953 -0.08708990 1.25594758
v 1.02151957 -0.08301743 1.25464470
v 1.01942386 -0.08431265 1.25544519
v 1.02073545 -0.08228800 1.25547168
v 1.02150547 -0.08430394 1.25422576
v 1.01948953 -0.08305802 1.25594758
v 1.02025955 -0.08507396 1.25470166
v 1.01946304 -0.08174643 1.25949485
v 1.01866255 -0.08384213 1.26079007
v 1.01996543 -0.08181210 1.26074948
v 1.01871951 -0.08258212 1.25873354
v 1.01946304 -0.08840149 1.25949485
v 1.01866255 -0.08630579 1.26079007
v 1.01996543 -0.08833582 1.26074948
v 1.01871951 -0.08756580 1.25873354
v 1.02151957 -0.08713049 1.26282238
v 1.01942386 -0.08583527 1.26202189
v 1.02073545 -0.08785992 1.26199540
v 1.02150547 -0.08584398 1.26324132
v 1.01948953 -0.08708990 1.26151950
v 1.02151957 -0.08301743 1.26282238
v 1.01942386 -0.08431265 1.26202189
v 1.02073545 -0.08228800 1.26199540
v 1.02150547 -0.08430394 1.26324132
v 1.01948953 -0.08305802 1.26151950
v 1.02025955 -0.08507396 1.26276542
v 1.01819203 -0.08507396 1.25743832
v 1.01819203 -0.08507396 1.26002876
v 1.01824361 -0.08382804 1.25796352
v 1.01824361 -0.08631988 1.25796352
v 1.01824361 -0.08382804 1.25950356
v 1.01824361 -0.08631988 1.25950356
v 0.96064475 -0.07604309 1.24833869
v 1.00144226 -0.08806035 1.25547626
v 0.96138424 -0.07510314 1.24569445
v 1.00218174 -0.08712040 1.25283202
v 0.96231815 -0.07258312 1.24459918
v 1.00311566 -0.08460038 1.25173674
v 0.96289942 -0.06995923 1.24569445
v 1.00369693 -0.08197649 1.25283202
v 0.96278755 -0.06876850 1.24833869
v 1.00358505 -0.08078576 1.25547626
v 0.96204806 -0.06970845 1.25098293
v 1.00284557 -0.08172572 1.25812049
v 0.96111415 -0.07222847 1.25207820
v 1.00191166 -0.08424573 1.25921577
v 0.96053288 -0.07485237 1.25098293
v 1.00133039 -0.08686963 1.25812049
v 0.96171615 -0.07240580 1.24833869
v 1.00251366 -0.08442306 1.25547626
v 1.00002182 -0.08039118 1.25547626
v 1.00500550 -0.08039118 1.25547626
v 1.00002182 -0.08845494 1.25547626
v 1.00500550 -0.08845494 1.25547626
v 1.00251366 -0.08691490 1.25950814
v 1.00251366 -0.08193122 1.25950814
v 1.00251366 -0.08691490 1.25144438
v 1.00251366 -0.08193122 1.25144438
v 1.00654554 -0.08442306 1.25298442
v 1.00654554 -0.08442306 1.25796810
v 0.99848178 -0.08442306 1.25298442
v 0.99848178 -0.08442306 1.25796810
v 1.00251366 -0.07968330 1.25547626
v 1.00251366 -0.08916282 1.25547626
v 1.00104899 -0.08825761 1.25784614
v 1.00397832 -0.08825761 1.25784614
v 1.00104899 -0.08058851 1.25784614
v 1.00397832 -0.08058851 1.25784614
v 1.00251366 -0.08442306 1.26021602
v 1.00104899 -0.08825761 1.25310638
v 1.00397832 -0.08825761 1.25310638
v 1.00104899 -0.08058851 1.25310638
v 1.00397832 -0.08058851 1.25310638
v 1.00251366 -0.08442306 1.25073650
v 1.00634820 -0.08205318 1.25401159
v 1.00634820 -0.08679294 1.25401159
v 1.00488354 -0.08588772 1.25164171
v 1.00488354 -0.08295839 1.25164171
v 1.00634820 -0.08205318 1.25694092
v 1.00634820 -0.08679294 1.25694092
v 1.00488354 -0.08588772 1.25931080
v 1.00488354 -0.08295839 1.25931080
v 1.00725342 -0.08442306 1.25547626
v 0.99867911 -0.08205318 1.25401159
v 0.99867911 -0.08679294 1.25401159
v 1.00014378 -0.08588772 1.25164171
v 1.00014378 -0.08295839 1.25164171
v 0.99867911 -0.08205318 1.25694092
v 0.99867911 -0.08679294 1.25694092
v 1.00014378 -0.08588772 1.25931080
v 1.00014378 -0.08295839 1.25931080
v 0.99777390 -0.08442306 1.25547626
v 1.00121844 -0.07986370 1.25547626
v 1.00380888 -0.07986370 1.25547626
v 1.00121844 -0.08898242 1.25547626
v 1.00380888 -0.08898242 1.25547626
v 1.00045713 -0.08851190 1.25670808
v 1.00175235 -0.08771141 1.25880379
v 1.00174364 -0.08893084 1.25672218
v 1.00457019 -0.08851190 1.25670808
v 1.00327497 -0.08771141 1.25880379
v 1.00328368 -0.08893084 1.25672218
v 1.00251366 -0.08845494 1.25796810
v 1.00045713 -0.08033422 1.25670808
v 1.00175235 -0.08113471 1.25880379
v 1.00174364 -0.07991528 1.25672218
v 1.00457019 -0.08033422 1.25670808
v 1.00327497 -0.08113471 1.25880379
v 1.00328368 -0.07991528 1.25672218
v 1.00251366 -0.08039118 1.25796810
v 1.00251366 -0.08571828 1.26003561
v 1.00251366 -0.08312784 1.26003561
v 1.00045713 -0.08851190 1.25424443
v 1.00175235 -0.08771141 1.25214873
v 1.00174364 -0.08893084 1.25423034
v 1.00457019 -0.08851190 1.25424443
v 1.00327497 -0.08771141 1.25214873
v 1.00328368 -0.08893084 1.25423034
v 1.00251366 -0.08845494 1.25298442
v 1.00045713 -0.08033422 1.25424443
v 1.00175235 -0.08113471 1.25214873
v 1.00174364 -0.07991528 1.25423034
v 1.00457019 -0.08033422 1.25424443
v 1.00327497 -0.08113471 1.25214873
v 1.00328368 -0.07991528 1.25423034
v 1.00251366 -0.08039118 1.25298442
v 1.00251366 -0.08571828 1.25091690
v 1.00251366 -0.08312784 1.25091690
v 1.00580201 -0.08109553 1.25471495
v 1.00660250 -0.08319123 1.25341973
v 1.00529962 -0.08116120 1.25346032
v 1.00580201 -0.08775059 1.25471495
v 1.00660250 -0.08565488 1.25341973
v 1.00529962 -0.08768492 1.25346032
v 1.00374548 -0.08647959 1.25138742
v 1.00584119 -0.08518437 1.25218790
v 1.00452960 -0.08720902 1.25221440
v 1.00375958 -0.08519308 1.25096848
v 1.00577552 -0.08643900 1.25269030
v 1.00374548 -0.08236653 1.25138742
v 1.00584119 -0.08366175 1.25218790
v 1.00452960 -0.08163710 1.25221440
v 1.00375958 -0.08365304 1.25096848
v 1.00577552 -0.08240712 1.25269030
v 1.00500550 -0.08442306 1.25144438
v 1.00580201 -0.08109553 1.25623757
v 1.00660250 -0.08319123 1.25753279
v 1.00529962 -0.08116120 1.25749220
v 1.00654554 -0.08193122 1.25547626
v 1.00580201 -0.08775059 1.25623757
v 1.00660250 -0.08565488 1.25753279
v 1.00529962 -0.08768492 1.25749220
v 1.00654554 -0.08691490 1.25547626
v 1.00374548 -0.08647959 1.25956510
v 1.00584119 -0.08518437 1.25876461
v 1.00452960 -0.08720902 1.25873812
v 1.00375958 -0.08519308 1.25998404
v 1.00577552 -0.08643900 1.25826222
v 1.00374548 -0.08236653 1.25956510
v 1.00584119 -0.08366175 1.25876461
v 1.00452960 -0.08163710 1.25873812
v 1.00375958 -0.08365304 1.25998404
v 1.00577552 -0.08240712 1.25826222
v 1.00500550 -0.08442306 1.25950814
v 1.00707301 -0.08442306 1.25418104
v 1.00707301 -0.08442306 1.25677148
v 1.00702144 -0.08317714 1.25470624
v 1.00702144 -0.08566898 1.25470624
v 1.00702144 -0.08317714 1.25624628
v 1.00702144 -0.08566898 1.25624628
v 0.99922530 -0.08109553 1.25471495
v 0.99842482 -0.08319123 1.25341973
v 0.99972770 -0.08116120 1.25346032
v 0.99922530 -0.08775059 1.25471495
v 0.99842482 -0.08565488 1.25341973
v 0.99972770 -0.08768492 1.25346032
v 1.00128183 -0.08647959 1.25138742
v 0.99918613 -0.08518437 1.25218790
v 1.00049772 -0.08720902 1.25221440
v 1.00126774 -0.08519308 1.25096848
v 0.99925180 -0.08643900 1.25269030
v 1.00128183 -0.08236653 1.25138742
v 0.99918613 -0.08366175 1.25218790
v 1.00049772 -0.08163710 1.25221440
v 1.00126774 -0.08365304 1.25096848
v 0.99925180 -0.08240712 1.25269030
v 1.00002182 -0.08442306 1.25144438
v 0.99922530 -0.08109553 1.25623757
v 0.99842482 -0.08319123 1.25753279
v 0.99972770 -0.08116120 1.25749220
v 0.99848178 -0.08193122 1.25547626
v 0.99922530 -0.08775059 1.25623757
v 0.99842482 -0.08565488 1.25753279
v 0.99972770 -0.08768492 1.25749220
v 0.99848178 -0.08691490 1.25547626
v 1.00128183 -0.08647959 1.25956510
v 0.99918613 -0.08518437 1.25876461
v 1.00049772 -0.08720902 1.25873812
v 1.00126774 -0.08519308 1.25998404
v 0.99925180 -0.08643900 1.25826222
v 1.00128183 -0.08236653 1.25956510
v 0.99918613 -0.08366175 1.25876461
v 1.00049772 -0.08163710 1.25873812
v 1.00126774 -0.08365304 1.25998404
v 0.99925180 -0.08240712 1.25826222
v 1.00002182 -0.08442306 1.25950814
v 0.99795430 -0.08442306 1.25418104
v 0.99795430 -0.08442306 1.25677148
v 0.99800588 -0.08317714 1.25470624
v 0.99800588 -0.08566898 1.25470624
v 0.99800588 -0.08317714 1.25624628
v 0.99800588 -0.08566898 1.25624628
v -0.35675214 -0.09676219 1.24280776
v -0.34020528 -0.09676219 1.24280776
v -0.35675214 -0.12353557 1.24280776
v -0.34020528 -0.12353557 1.24280776
v -0.34847871 -0.11842231 1.25619445
v -0.34847871 -0.10187545 1.25619445
v -0.34847871 -0.11842231 1.22942107
v -0.34847871 -0.10187545 1.22942107
v -0.33509202 -0.11014888 1.23453433
v -0.33509202 -0.11014888 1.25108119
v -0.36186540 -0.11014888 1.23453433
v -0.36186540 -0.11014888 1.25108119
v -0.34847871 -0.09441188 1.24280776
v -0.34847871 -0.12588587 1.24280776
v -0.35334171 -0.12288038 1.25067626
v -0.34361571 -0.12288038 1.25067626
v -0.35334171 -0.09741738 1.25067626
v -0.34361571 -0.09741738 1.25067626
v -0.34847871 -0.11014888 1.25854476
v -0.35334171 -0.12288038 1.23493926
v -0.34361571 -0.12288038 1.23493926
v -0.35334171 -0.09741738 1.23493926
v -0.34361571 -0.09741738 1.23493926
v -0.34847871 -0.11014888 1.22707076
v -0.33574721 -0.10228038 1.23794476
v -0.33574721 -0.11801738 1.23794476
v -0.34061021 -0.11501188 1.23007626
v -0.34061021 -0.10528588 1.23007626
v -0.33574721 -0.10228038 1.24767076
v -0.33574721 -0.11801738 1.24767076
v -0.34061021 -0.11501188 1.25553926
v -0.34061021 -0.10528588 1.25553926
v -0.33274171 -0.11014888 1.24280776
v -0.36121020 -0.10228038 1.23794476
v -0.36121020 -0.11801738 1.23794476
v -0.35634720 -0.11501188 1.23007626
v -0.35634720 -0.10528588 1.23007626
v -0.36121020 -0.10228038 1.24767076
v -0.36121020 -0.11801738 1.24767076
v -0.35634720 -0.11501188 1.25553926
v -0.35634720 -0.10528588 1.25553926
v -0.36421570 -0.11014888 1.24280776
v -0.35277910 -0.09501086 1.24280776
v -0.34417831 -0.09501086 1.24280776
v -0.35277910 -0.12528690 1.24280776
v -0.34417831 -0.12528690 1.24280776
v -0.35530681 -0.12372469 1.24689768
v -0.35100641 -0.12106690 1.25385586
v -0.35103534 -0.12511565 1.24694447
v -0.34165060 -0.12372469 1.24689768
v -0.34595100 -0.12106690 1.25385586
v -0.34592208 -0.12511565 1.24694447
v -0.34847871 -0.12353557 1.25108119
v -0.35530681 -0.09657307 1.24689768
v -0.35100641 -0.09923086 1.25385586
v -0.35103534 -0.09518210 1.24694447
v -0.34165060 -0.09657307 1.24689768
v -0.34595100 -0.09923086 1.25385586
v -0.34592208 -0.09518210 1.24694447
v -0.34847871 -0.09676219 1.25108119
v -0.34847871 -0.11444927 1.25794578
v -0.34847871 -0.10584848 1.25794578
v -0.35530681 -0.12372469 1.23871784
v -0.35100641 -0.12106690 1.23175966
v -0.35103534 -0.12511565 1.23867104
v -0.34165060 -0.12372469 1.23871784
v -0.34595100 -0.12106690 1.23175966
v -0.34592208 -0.12511565 1.23867104
v -0.34847871 -0.12353557 1.23453433
v -0.35530681 -0.09657307 1.23871784
v -0.35100641 -0.09923086 1.23175966
v -0.35103534 -0.09518210 1.23867104
v -0.34165060 -0.09657307 1.23871784
v -0.34595100 -0.09923086 1.23175966
v -0.34592208 -0.09518210 1.23867104
v -0.34847871 -0.09676219 1.23453433
v -0.34847871 -0.11444927 1.22766974
v -0.34847871 -0.10584848 1.22766974
v -0.33756068 -0.09910077 1.24028005
v -0.33490289 -0.10605896 1.23597966
v -0.33922873 -0.09931882 1.23611441
v -0.33756068 -0.12119698 1.24028005
v -0.33490289 -0.11423880 1.23597966
v -0.33922873 -0.12097894 1.23611441
v -0.34438879 -0.11697698 1.22923195
v -0.33743060 -0.11267659 1.23188974
v -0.34178536 -0.11939885 1.23197770
v -0.34434199 -0.11270551 1.22784098
v -0.33764865 -0.11684222 1.23355778
v -0.34438879 -0.10332077 1.22923195
v -0.33743060 -0.10762117 1.23188974
v -0.34178536 -0.10089890 1.23197770
v -0.34434199 -0.10759225 1.22784098
v -0.33764865 -0.10345553 1.23355778
v -0.34020528 -0.11014888 1.22942107
v -0.33756068 -0.09910077 1.24533547
v -0.33490289 -0.10605896 1.24963586
v -0.33922873 -0.09931882 1.24950110
v -0.33509202 -0.10187545 1.24280776
v -0.33756068 -0.12119698 1.24533547
v -0.33490289 -0.11423880 1.24963586
v -0.33922873 -0.12097894 1.24950110
v -0.33509202 -0.11842231 1.24280776
v -0.34438879 -0.11697698 1.25638357
v -0.33743060 -0.11267659 1.25372578
v -0.34178536 -0.11939885 1.25363782
v -0.34434199 -0.11270551 1.25777453
v -0.33764865 -0.11684222 1.25205773
v -0.34438879 -0.10332077 1.25638357
v -0.33743060 -0.10762117 1.25372578
v -0.34178536 -0.10089890 1.25363782
v -0.34434199 -0.10759225 1.25777453
v -0.33764865 -0.10345553 1.25205773
v -0.34020528 -0.11014888 1.25619445
v -0.33334068 -0.11014888 1.23850736
v -0.33334068 -0.11014888 1.24710815
v -0.33351193 -0.10601216 1.24025113
v -0.33351193 -0.11428559 1.24025113
v -0.33351193 -0.10601216 1.24536439
v -0.33351193 -0.11428559 1.24536439
v -0.35939673 -0.09910077 1.24028005
v -0.36205452 -0.10605896 1.23597966
v -0.35772868 -0.09931882 1.23611441
v -0.35939673 -0.12119698 1.24028005
v -0.36205452 -0.11423880 1.23597966
v -0.35772868 -0.12097894 1.23611441
v -0.35256862 -0.11697698 1.22923195
v -0.35952681 -0.11267659 1.23188974
v -0.35517205 -0.11939885 1.23197770
v -0.35261542 -0.11270551 1.22784098
v -0.35930877 -0.11684222 1.23355778
v -0.35256862 -0.10332077 1.22923195
v -0.35952681 -0.10762117 1.23188974
v -0.35517205 -0.10089890 1.23197770
v -0.35261542 -0.10759225 1.22784098
v -0.35930877 -0.10345553 1.23355778
v -0.35675214 -0.11014888 1.22942107
v -0.35939673 -0.09910077 1.24533547
v -0.36205452 -0.10605896 1.24963586
v -0.35772868 -0.09931882 1.24950110
v -0.36186540 -0.10187545 1.24280776
v -0.35939673 -0.12119698 1.24533547
v -0.36205452 -0.11423880 1.24963586
v -0.35772868 -0.12097894 1.24950110
v -0.36186540 -0.11842231 1.24280776
v -0.35256862 -0.11697698 1.25638357
v -0.35952681 -0.11267659 1.25372578
v -0.35517205 -0.11939885 1.25363782
v -0.35261542 -0.11270551 1.25777453
v -0.35930877 -0.11684222 1.25205773
v -0.35256862 -0.10332077 1.25638357
v -0.35952681 -0.10762117 1.25372578
v -0.35517205 -0.10089890 1.25363782
v -0.35261542 -0.10759225 1.25777453
v -0.35930877 -0.10345553 1.25205773
v -0.35675214 -0.11014888 1.25619445
v -0.36361673 -0.11014888 1.23850736
v -0.36361673 -0.11014888 1.24710815
v -0.36344548 -0.10601216 1.24025113
v -0.36344548 -0.11428559 1.24025113
v -0.36344548 -0.10601216 1.24536439
v -0.36344548 -0.11428559 1.24536439
v -0.30705693 -0.09210740 1.24081038
v -0.36928238 -0.10765386 1.23906505
v -0.30668068 -0.09328031 1.23784408
v -0.36890613 -0.10882678 1.23609875
v -0.30592898 -0.09615111 1.23661540
v -0.36815443 -0.11169758 1.23487007
v -0.30524215 -0.09903812 1.23784408
v -0.36746760 -0.11458459 1.23609875
v -0.30502253 -0.10025017 1.24081038
v -0.36724798 -0.11579664 1.23906505
v -0.30539877 -0.09907725 1.24377668
v -0.36762422 -0.11462372 1.24203135
v -0.30615048 -0.09620645 1.24500536
v -0.36837593 -0.11175292 1.24326003
v -0.30683731 -0.09331944 1.24377668
v -0.36906276 -0.10886591 1.24203135
v -0.30603973 -0.09617878 1.24081038
v -0.36826518 -0.11172525 1.23906505
v -0.37102299 -0.10726302 1.23906505
v -0.36550737 -0.10726302 1.23906505
v -0.37102299 -0.11618748 1.23906505
v -0.36550737 -0.11618748 1.23906505
v -0.36826518 -0.11448306 1.24352728
v -0.36826518 -0.10896744 1.24352728
v -0.36826518 -0.11448306 1.23460282
v -0.36826518 -0.10896744 1.23460282
v -0.36380295 -0.11172525 1.23630724
v -0.36380295 -0.11172525 1.24182286
v -0.37272741 -0.11172525 1.23630724
v -0.37272741 -0.11172525 1.24182286
v -0.36826518 -0.10647959 1.23906505
v -0.36826518 -0.11697092 1.23906505
v -0.36988618 -0.11596908 1.24168788
v -0.36664418 -0.11596908 1.24168788
v -0.36988618 -0.10748142 1.24168788
v -0.36664418 -0.10748142 1.24168788
v -0.36826518 -0.11172525 1.24431072
v -0.36988618 -0.11596908 1.23644222
v -0.36664418 -0.11596908 1.23644222
v -0.36988618 -0.10748142 1.23644222
v -0.36664418 -0.10748142 1.23644222
v -0.36826518 -0.11172525 1.23381939
v -0.36402135 -0.10910242 1.23744405
v -0.36402135 -0.11434808 1.23744405
v -0.36564235 -0.11334625 1.23482122
v -0.36564235 -0.11010425 1.23482122
v -0.36402135 -0.10910242 1.24068605
v -0.36402135 -0.11434808 1.24068605
v -0.36564235 -0.11334625 1.24330888
v -0.36564235 -0.11010425 1.24330888
v -0.36301951 -0.11172525 1.23906505
v -0.37250901 -0.10910242 1.23744405
v -0.37250901 -0.11434808 1.23744405
v -0.37088801 -0.11334625 1.23482122
v -0.37088801 -0.11010425 1.23482122
v -0.37250901 -0.10910242 1.24068605
v -0.37250901 -0.11434808 1.24068605
v -0.37088801 -0.11334625 1.24330888
v -0.37088801 -0.11010425 1.24330888
v -0.37351084 -0.11172525 1.23906505
v -0.36969864 -0.10667924 1.23906505
v -0.36683171 -0.10667924 1.23906505
v -0.36969864 -0.11677126 1.23906505
v -0.36683171 -0.11677126 1.23906505
v -0.37054121 -0.11625052 1.24042836
v -0.36910775 -0.11536459 1.24274775
v -0.36911739 -0.11671418 1.24044396
v -0.36598914 -0.11625052 1.24042836
v -0.36742261 -0.11536459 1.24274775
v -0.36741297 -0.11671418 1.24044396
v -0.36826518 -0.11618748 1.24182286
v -0.37054121 -0.10719998 1.24042836
v -0.36910775 -0.10808591 1.24274775
v -0.36911739 -0.10673633 1.24044396
v -0.36598914 -0.10719998 1.24042836
v -0.36742261 -0.10808591 1.24274775
v -0.36741297 -0.10673633 1.24044396
v -0.36826518 -0.10726302 1.24182286
v -0.36826518 -0.11315872 1.24411106
v -0.36826518 -0.11029179 1.24411106
v -0.37054121 -0.11625052 1.23770175
v -0.36910775 -0.11536459 1.23538235
v -0.36911739 -0.11671418 1.23768615
v -0.36598914 -0.11625052 1.23770175
v -0.36742261 -0.11536459 1.23538235
v -0.36741297 -0.11671418 1.23768615
v -0.36826518 -0.11618748 1.23630724
v -0.37054121 -0.10719998 1.23770175
v -0.36910775 -0.10808591 1.23538235
v -0.36911739 -0.10673633 1.23768615
v -0.36598914 -0.10719998 1.23770175
v -0.36742261 -0.10808591 1.23538235
v -0.36741297 -0.10673633 1.23768615
v -0.36826518 -0.10726302 1.23630724
v -0.36826518 -0.11315872 1.23401904
v -0.36826518 -0.11029179 1.23401904
v -0.36462584 -0.10804255 1.23822248
v -0.36373991 -0.11036195 1.23678902
v -0.36518185 -0.10811523 1.23683394
v -0.36462584 -0.11540795 1.23822248
v -0.36373991 -0.11308856 1.23678902
v -0.36518185 -0.11533527 1.23683394
v -0.36690187 -0.11400129 1.23453978
v -0.36458248 -0.11256782 1.23542571
v -0.36603406 -0.11480858 1.23545503
v -0.36688627 -0.11257746 1.23407613
v -0.36465516 -0.11395637 1.23598173
v -0.36690187 -0.10944922 1.23453978
v -0.36458248 -0.11088268 1.23542571
v -0.36603406 -0.10864193 1.23545503
v -0.36688627 -0.11087304 1.23407613
v -0.36465516 -0.10949414 1.23598173
v -0.36550737 -0.11172525 1.23460282
v -0.36462584 -0.10804255 1.23990762
v -0.36373991 -0.11036195 1.24134109
v -0.36518185 -0.10811523 1.24129617
v -0.36380295 -0.10896744 1.23906505
v -0.36462584 -0.11540795 1.23990762
v -0.36373991 -0.11308856 1.24134109
v -0.36518185 -0.11533527 1.24129617
v -0.36380295 -0.11448306 1.23906505
v -0.36690187 -0.11400129 1.24359032
v -0.36458248 -0.11256782 1.24270439
v -0.36603406 -0.11480858 1.24267507
v -0.36688627 -0.11257746 1.24405398
v -0.36465516 -0.11395637 1.24214838
v -0.36690187 -0.10944922 1.24359032
v -0.36458248 -0.11088268 1.24270439
v -0.36603406 -0.10864193 1.24267507
v -0.36688627 -0.11087304 1.24405398
v -0.36465516 -0.10949414 1.24214838
v -0.36550737 -0.11172525 1.24352728
v -0.36321917 -0.11172525 1.23763159
v -0.36321917 -0.11172525 1.24049852
v -0.36327625 -0.11034635 1.23821284
v -0.36327625 -0.11310416 1.23821284
v -0.36327625 -0.11034635 1.23991726
v -0.36327625 -0.11310416 1.23991726
v -0.37190452 -0.10804255 1.23822248
v -0.37279045 -0.11036195 1.23678902
v -0.37134850 -0.10811523 1.23683394
v -0.37190452 -0.11540795 1.23822248
v -0.37279045 -0.11308856 1.23678902
v -0.37134850 -0.11533527 1.23683394
v -0.36962848 -0.11400129 1.23453978
v -0.37194788 -0.11256782 1.23542571
v -0.37049629 -0.11480858 1.23545503
v -0.36964408 -0.11257746 1.23407613
v -0.37187520 -0.11395637 1.23598173
v -0.36962848 -0.10944922 1.23453978
v -0.37194788 -0.11088268 1.23542571
v -0.37049629 -0.10864193 1.23545503
v -0.36964408 -0.11087304 1.23407613
v -0.37187520 -0.10949414 1.23598173
v -0.37102299 -0.11172525 1.23460282
v -0.37190452 -0.10804255 1.23990762
v -0.37279045 -0.11036195 1.24134109
v -0.37134850 -0.10811523 1.24129617
v -0.37272741 -0.10896744 1.23906505
v -0.37190452 -0.11540795 1.23990762
v -0.37279045 -0.11308856 1.24134109
v -0.37134850 -0.11533527 1.24129617
v -0.37272741 -0.11448306 1.23906505
v -0.36962848 -0.11400129 1.24359032
v -0.37194788 -0.11256782 1.24270439
v -0.37049629 -0.11480858 1.24267507
v -0.36964408 -0.11257746 1.24405398
v -0.37187520 -0.11395637 1.24214838
v -0.36962848 -0.10944922 1.24359032
v -0.37194788 -0.11088268 1.24270439
v -0.37049629 -0.10864193 1.24267507
v -0.36964408 -0.11087304 1.24405398
v -0.37187520 -0.10949414 1.24214838
v -0.37102299 -0.11172525 1.24352728
v -0.37331119 -0.11172525 1.23763159
v -0.37331119 -0.11172525 1.24049852
v -0.37325410 -0.11034635 1.23821284
v -0.37325410 -0.11310416 1.23821284
v -0.37325410 -0.11034635 1.23991726
v -0.37325410 -0.11310416 1.23991726
v -0.30741957 -0.09221559 1.24081038
v -0.37321170 -0.11512196 1.24702367
v -0.30726437 -0.09346305 1.23785472
v -0.37305651 -0.11636943 1.24406800
v -0.30639180 -0.09630136 1.23663044
v -0.37218394 -0.11920774 1.24284372
v -0.30531298 -0.09906786 1.23785472
v -0.37110512 -0.12197424 1.24406800
v -0.30465989 -0.10014198 1.24081038
v -0.37045203 -0.12304836 1.24702367
v -0.30481508 -0.09889451 1.24376605
v -0.37060722 -0.12180089 1.24997933
v -0.30568766 -0.09605621 1.24499032
v -0.37147980 -0.11896258 1.25120361
v -0.30676647 -0.09328970 1.24376605
v -0.37255861 -0.11619608 1.24997933
v -0.30603973 -0.09617878 1.24081038
v -0.37183187 -0.11908516 1.24702367
v -0.37458968 -0.11462293 1.24702367
v -0.36907406 -0.11462293 1.24702367
v -0.37458968 -0.12354739 1.24702367
v -0.36907406 -0.12354739 1.24702367
v -0.37183187 -0.12184297 1.25148590
v -0.37183187 -0.11632735 1.25148590
v -0.37183187 -0.12184297 1.24256144
v -0.37183187 -0.11632735 1.24256144
v -0.36736964 -0.11908516 1.24426586
v -0.36736964 -0.11908516 1.24978148
v -0.37629410 -0.11908516 1.24426586
v -0.37629410 -0.11908516 1.24978148
v -0.37183187 -0.11383950 1.24702367
v -0.37183187 -0.12433083 1.24702367
v -0.37345287 -0.12332899 1.24964650
v -0.37021087 -0.12332899 1.24964650
v -0.37345287 -0.11484133 1.24964650
v -0.37021087 -0.11484133 1.24964650
v -0.37183187 -0.11908516 1.25226933
v -0.37345287 -0.12332899 1.24440083
v -0.37021087 -0.12332899 1.24440083
v -0.37345287 -0.11484133 1.24440083
v -0.37021087 -0.11484133 1.24440083
v -0.37183187 -0.11908516 1.24177800
v -0.36758803 -0.11646233 1.24540267
v -0.36758803 -0.12170800 1.24540267
v -0.36920903 -0.12070616 1.24277983
v -0.36920903 -0.11746416 1.24277983
v -0.36758803 -0.11646233 1.24864467
v -0.36758803 -0.12170800 1.24864467
v -0.36920903 -0.12070616 1.25126750
v -0.36920903 -0.11746416 1.25126750
v -0.36658620 -0.11908516 1.24702367
v -0.37607570 -0.11646233 1.24540267
v -0.37607570 -0.12170800 1.24540267
v -0.37445470 -0.12070616 1.24277983
v -0.37445470 -0.11746416 1.24277983
v -0.37607570 -0.11646233 1.24864467
v -0.37607570 -0.12170800 1.24864467
v -0.37445470 -0.12070616 1.25126750
v -0.37445470 -0.11746416 1.25126750
v -0.37707753 -0.11908516 1.24702367
v -0.37326533 -0.11403916 1.24702367
v -0.37039840 -0.11403916 1.24702367
v -0.37326533 -0.12413117 1.24702367
v -0.37039840 -0.12413117 1.24702367
v -0.37410790 -0.12361043 1.24838697
v -0.37267444 -0.12272450 1.25070637
v -0.37268408 -0.12407409 1.24840257
v -0.36955583 -0.12361043 1.24838697
v -0.37098930 -0.12272450 1.25070637
v -0.37097966 -0.12407409 1.24840257
v -0.37183187 -0.12354739 1.24978148
v -0.37410790 -0.11455989 1.24838697
v -0.37267444 -0.11544582 1.25070637
v -0.37268408 -0.11409624 1.24840257
v -0.36955583 -0.11455989 1.24838697
v -0.37098930 -0.11544582 1.25070637
v -0.37097966 -0.11409624 1.24840257
v -0.37183187 -0.11462293 1.24978148
v -0.37183187 -0.12051863 1.25206967
v -0.37183187 -0.11765170 1.25206967
v -0.37410790 -0.12361043 1.24566036
v -0.37267444 -0.12272450 1.24334096
v -0.37268408 -0.12407409 1.24564476
v -0.36955583 -0.12361043 1.24566036
v -0.37098930 -0.12272450 1.24334096
v -0.37097966 -0.12407409 1.24564476
v -0.37183187 -0.12354739 1.24426586
v -0.37410790 -0.11455989 1.24566036
v -0.37267444 -0.11544582 1.24334096
v -0.37268408 -0.11409624 1.24564476
v -0.36955583 -0.11455989 1.24566036
v -0.37098930 -0.11544582 1.24334096
v -0.37097966 -0.11409624 1.24564476
v -0.37183187 -0.11462293 1.24426586
v -0.37183187 -0.12051863 1.24197766
v -0.37183187 -0.11765170 1.24197766
v -0.36819253 -0.11540246 1.24618110
v -0.36730660 -0.11772186 1.24474763
v -0.36874854 -0.11547514 1.24479255
v -0.36819253 -0.12276786 1.24618110
v -0.36730660 -0.12044847 1.24474763
v -0.36874854 -0.12269518 1.24479255
v -0.37046856 -0.12136120 1.24249840
v -0.36814917 -0.11992773 1.24338433
v -0.36960075 -0.12216849 1.24341365
v -0.37045296 -0.11993737 1.24203474
v -0.36822185 -0.12131628 1.24394034
v -0.37046856 -0.11680913 1.24249840
v -0.36814917 -0.11824259 1.24338433
v -0.36960075 -0.11600184 1.24341365
v -0.37045296 -0.11823295 1.24203474
v -0.36822185 -0.11685405 1.24394034
v -0.36907406 -0.11908516 1.24256144
v -0.36819253 -0.11540246 1.24786624
v -0.36730660 -0.11772186 1.24929970
v -0.36874854 -0.11547514 1.24925478
v -0.36736964 -0.11632735 1.24702367
v -0.36819253 -0.12276786 1.24786624
v -0.36730660 -0.12044847 1.24929970
v -0.36874854 -0.12269518 1.24925478
v -0.36736964 -0.12184297 1.24702367
v -0.37046856 -0.12136120 1.25154894
v -0.36814917 -0.11992773 1.25066301
v -0.36960075 -0.12216849 1.25063369
v -0.37045296 -0.11993737 1.25201259
v -0.36822185 -0.12131628 1.25010699
v -0.37046856 -0.11680913 1.25154894
v -0.36814917 -0.11824259 1.25066301
v -0.36960075 -0.11600184 1.25063369
v -0.37045296 -0.11823295 1.25201259
v -0.36822185 -0.11685405 1.25010699
v -0.36907406 -0.11908516 1.25148590
v -0.36678586 -0.11908516 1.24559020
v -0.36678586 -0.11908516 1.24845713
v -0.36684294 -0.11770626 1.24617146
v -0.36684294 -0.12046407 1.24617146
v -0.36684294 -0.11770626 1.24787588
v -0.36684294 -0.12046407 1.24787588
v -0.37547121 -0.11540246 1.24618110
v -0.37635714 -0.11772186 1.24474763
v -0.37491519 -0.11547514 1.24479255
v -0.37547121 -0.12276786 1.24618110
v -0.37635714 -0.12044847 1.24474763
v -0.37491519 -0.12269518 1.24479255
v -0.37319517 -0.12136120 1.24249840
v -0.37551457 -0.11992773 1.24338433
v -0.37406298 -0.12216849 1.24341365
v -0.37321077 -0.11993737 1.24203474
v -0.37544189 -0.12131628 1.24394034
v -0.37319517 -0.11680913 1.24249840
v -0.37551457 -0.11824259 1.24338433
v -0.37406298 -0.11600184 1.24341365
v -0.37321077 -0.11823295 1.24203474
v -0.37544189 -0.11685405 1.24394034
v -0.37458968 -0.11908516 1.24256144
v -0.37547121 -0.11540246 1.24786624
v -0.37635714 -0.11772186 1.24929970
v -0.37491519 -0.11547514 1.24925478
v -0.37629410 -0.11632735 1.24702367
v -0.37547121 -0.12276786 1.24786624
v -0.37635714 -0.12044847 1.24929970
v -0.37491519 -0.12269518 1.24925478
v -0.37629410 -0.12184297 1.24702367
v -0.37319517 -0.12136120 1.25154894
v -0.37551457 -0.11992773 1.25066301
v -0.37406298 -0.12216849 1.25063369
v -0.37321077 -0.11993737 1.25201259
v -0.37544189 -0.12131628 1.25010699
v -0.37319517 -0.11680913 1.25154894
v -0.37551457 -0.11824259 1.25066301
v -0.37406298 -0.11600184 1.25063369
v -0.37321077 -0.11823295 1.25201259
v -0.37544189 -0.11685405 1.25010699
v -0.37458968 -0.11908516 1.25148590
v -0.37687787 -0.11908516 1.24559020
v -0.37687787 -0.11908516 1.24845713
v -0.37682079 -0.11770626 1.24617146
v -0.37682079 -0.12046407 1.24617146
v -0.37682079 -0.11770626 1.24787588
v -0.37682079 -0.12046407 1.24787588
v -0.30765667 -0.09230627 1.24081038
v -0.34939499 -0.10973380 1.24433193
v -0.30739563 -0.09352925 1.23785194
v -0.34913396 -0.11095678 1.24137349
v -0.30634032 -0.09630429 1.23662651
v -0.34807865 -0.11373182 1.24014806
v -0.30510893 -0.09900582 1.23785194
v -0.34684726 -0.11643335 1.24137349
v -0.30442279 -0.10005130 1.24081038
v -0.34616111 -0.11747883 1.24433193
v -0.30468382 -0.09882832 1.24376883
v -0.34642215 -0.11625585 1.24729038
v -0.30573913 -0.09605327 1.24499425
v -0.34747746 -0.11348080 1.24851580
v -0.30697052 -0.09335175 1.24376883
v -0.34870885 -0.11077928 1.24729038
v -0.30603973 -0.09617878 1.24081038
v -0.34777805 -0.11360631 1.24433193
v -0.35053586 -0.10914408 1.24433193
v -0.34502024 -0.10914408 1.24433193
v -0.35053586 -0.11806854 1.24433193
v -0.34502024 -0.11806854 1.24433193
v -0.34777805 -0.11636412 1.24879416
v -0.34777805 -0.11084850 1.24879416
v -0.34777805 -0.11636412 1.23986970
v -0.34777805 -0.11084850 1.23986970
v -0.34331582 -0.11360631 1.24157412
v -0.34331582 -0.11360631 1.24708974
v -0.35224028 -0.11360631 1.24157412
v -0.35224028 -0.11360631 1.24708974
v -0.34777805 -0.10836065 1.24433193
v -0.34777805 -0.11885198 1.24433193
v -0.34939905 -0.11785015 1.24695477
v -0.34615705 -0.11785015 1.24695477
v -0.34939905 -0.10936248 1.24695477
v -0.34615705 -0.10936248 1.24695477
v -0.34777805 -0.11360631 1.24957760
v -0.34939905 -0.11785015 1.24170910
v -0.34615705 -0.11785015 1.24170910
v -0.34939905 -0.10936248 1.24170910
v -0.34615705 -0.10936248 1.24170910
v -0.34777805 -0.11360631 1.23908627
v -0.34353422 -0.11098348 1.24271093
v -0.34353422 -0.11622915 1.24271093
v -0.34515522 -0.11522731 1.24008810
v -0.34515522 -0.11198531 1.24008810
v -0.34353422 -0.11098348 1.24595293
v -0.34353422 -0.11622915 1.24595293
v -0.34515522 -0.11522731 1.24857577
v -0.34515522 -0.11198531 1.24857577
v -0.34253239 -0.11360631 1.24433193
v -0.35202189 -0.11098348 1.24271093
v -0.35202189 -0.11622915 1.24271093
v -0.35040089 -0.11522731 1.24008810
v -0.35040089 -0.11198531 1.24008810
v -0.35202189 -0.11098348 1.24595293
v -0.35202189 -0.11622915 1.24595293
v -0.35040089 -0.11522731 1.24857577
v -0.35040089 -0.11198531 1.24857577
v -0.35302372 -0.11360631 1.24433193
v -0.34921152 -0.10856031 1.24433193
v -0.34634459 -0.10856031 1.24433193
v -0.34921152 -0.11865232 1.24433193
v -0.34634459 -0.11865232 1.24433193
v -0.35005409 -0.11813158 1.24569524
v -0.34862062 -0.11724565 1.24801464
v -0.34863026 -0.11859524 1.24571084
v -0.34550202 -0.11813158 1.24569524
v -0.34693548 -0.11724565 1.24801464
v -0.34692584 -0.11859524 1.24571084
v -0.34777805 -0.11806854 1.24708974
v -0.35005409 -0.10908104 1.24569524
v -0.34862062 -0.10996697 1.24801464
v -0.34863026 -0.10861739 1.24571084
v -0.34550202 -0.10908104 1.24569524
v -0.34693548 -0.10996697 1.24801464
v -0.34692584 -0.10861739 1.24571084
v -0.34777805 -0.10914408 1.24708974
v -0.34777805 -0.11503978 1.24937794
v -0.34777805 -0.11217285 1.24937794
v -0.35005409 -0.11813158 1.24296863
v -0.34862062 -0.11724565 1.24064923
v -0.34863026 -0.11859524 1.24295303
v -0.34550202 -0.11813158 1.24296863
v -0.34693548 -0.11724565 1.24064923
v -0.34692584 -0.11859524 1.24295303
v -0.34777805 -0.11806854 1.24157412
v -0.35005409 -0.10908104 1.24296863
v -0.34862062 -0.10996697 1.24064923
v -0.34863026 -0.10861739 1.24295303
v -0.34550202 -0.10908104 1.24296863
v -0.34693548 -0.10996697 1.24064923
v -0.34692584 -0.10861739 1.24295303
v -0.34777805 -0.10914408 1.24157412
v -0.34777805 -0.11503978 1.23928593
v -0.34777805 -0.11217285 1.23928593
v -0.34413871 -0.10992361 1.24348936
v -0.34325278 -0.11224301 1.24205590
v -0.34469473 -0.10999629 1.24210082
v -0.34413871 -0.11728901 1.24348936
v -0.34325278 -0.11496962 1.24205590
v -0.34469473 -0.11721633 1.24210082
v -0.34641475 -0.11588235 1.23980666
v -0.34409535 -0.11444888 1.24069259
v -0.34554694 -0.11668964 1.24072191
v -0.34639915 -0.11445852 1.23934301
v -0.34416803 -0.11583743 1.24124861
v -0.34641475 -0.11133028 1.23980666
v -0.34409535 -0.11276374 1.24069259
v -0.34554694 -0.11052299 1.24072191
v -0.34639915 -0.11275410 1.23934301
v -0.34416803 -0.11137520 1.24124861
v -0.34502024 -0.11360631 1.23986970
v -0.34413871 -0.10992361 1.24517450
v -0.34325278 -0.11224301 1.24660797
v -0.34469473 -0.10999629 1.24656305
v -0.34331582 -0.11084850 1.24433193
v -0.34413871 -0.11728901 1.24517450
v -0.34325278 -0.11496962 1.24660797
v -0.34469473 -0.11721633 1.24656305
v -0.34331582 -0.11636412 1.24433193
v -0.34641475 -0.11588235 1.24885720
v -0.34409535 -0.11444888 1.24797127
v -0.34554694 -0.11668964 1.24794195
v -0.34639915 -0.11445852 1.24932086
v -0.34416803 -0.11583743 1.24741526
v -0.34641475 -0.11133028 1.24885720
v -0.34409535 -0.11276374 1.24797127
v -0.34554694 -0.11052299 1.24794195
v -0.34639915 -0.11275410 1.24932086
v -0.34416803 -0.11137520 1.24741526
v -0.34502024 -0.11360631 1.24879416
v -0.34273205 -0.11360631 1.24289847
v -0.34273205 -0.11360631 1.24576540
v -0.34278913 -0.11222741 1.24347972
v -0.34278913 -0.11498522 1.24347972
v -0.34278913 -0.11222741 1.24518414
v -0.34278913 -0.11498522 1.24518414
v -0.35141739 -0.10992361 1.24348936
v -0.35230332 -0.11224301 1.24205590
v -0.35086138 -0.10999629 1.24210082
v -0.35141739 -0.11728901 1.24348936
v -0.35230332 -0.11496962 1.24205590
v -0.35086138 -0.11721633 1.24210082
v -0.34914136 -0.11588235 1.23980666
v -0.35146075 -0.11444888 1.24069259
v -0.35000917 -0.11668964 1.24072191
v -0.34915696 -0.11445852 1.23934301
v -0.35138807 -0.11583743 1.24124861
v -0.34914136 -0.11133028 1.23980666
v -0.35146075 -0.11276374 1.24069259
v -0.35000917 -0.11052299 1.24072191
v -0.34915696 -0.11275410 1.23934301
v -0.35138807 -0.11137520 1.24124861
v -0.35053586 -0.11360631 1.23986970
v -0.35141739 -0.10992361 1.24517450
v -0.35230332 -0.11224301 1.24660797
v -0.35086138 -0.10999629 1.24656305
v -0.35224028 -0.11084850 1.24433193
v -0.35141739 -0.11728901 1.24517450
v -0.35230332 -0.11496962 1.24660797
v -0.35086138 -0.11721633 1.24656305
v -0.35224028 -0.11636412 1.24433193
v -0.34914136 -0.11588235 1.24885720
v -0.35146075 -0.11444888 1.24797127
v -0.35000917 -0.11668964 1.24794195
v -0.34915696 -0.11445852 1.24932086
v -0.35138807 -0.11583743 1.24741526
v -0.34914136 -0.11133028 1.24885720
v -0.35146075 -0.11276374 1.24797127
v -0.35000917 -0.11052299 1.24794195
v -0.34915696 -0.11275410 1.24932086
v -0.35138807 -0.11137520 1.24741526
v -0.35053586 -0.11360631 1.24879416
v -0.35282406 -0.11360631 1.24289847
v -0.35282406 -0.11360631 1.24576540
v -0.35276698 -0.11222741 1.24347972
v -0.35276698 -0.11498522 1.24347972
v -0.35276698 -0.11222741 1.24518414
v -0.35276698 -0.11498522 1.24518414
v 0.41243116 -0.06776884 0.75796558
v 0.42244915 -0.08273320 0.43696784
v 0.39548606 -0.06077876 0.75711088
v 0.40550405 -0.07574312 0.43611313
v 0.38846717 -0.04385401 0.75610283
v 0.39848515 -0.05881837 0.43510508
v 0.39548606 -0.02690888 0.75553193
v 0.40550405 -0.04187324 0.43453418
v 0.41243116 -0.01986960 0.75573260
v 0.42244915 -0.03483396 0.43473486
v 0.42937626 -0.02685968 0.75658731
v 0.43939425 -0.04182404 0.43558956
v 0.43639515 -0.04378443 0.75759536
v 0.44641314 -0.05874879 0.43659762
v 0.42937626 -0.06072956 0.75816626
v 0.43939425 -0.07569392 0.43716852
v 0.41243116 -0.04381922 0.75684909
v 0.42244915 -0.05878358 0.43585135
v 0.39611915 -0.01742583 0.75684909
v 0.42874317 -0.01742583 0.75684909
v 0.39611915 -0.07021261 0.75684909
v 0.42874317 -0.07021261 0.75684909
v 0.41243116 -0.06013123 0.78324248
v 0.41243116 -0.02750721 0.78324248
v 0.41243116 -0.06013123 0.73045571
v 0.41243116 -0.02750721 0.73045571
v 0.43882455 -0.04381922 0.74053708
v 0.43882455 -0.04381922 0.77316111
v 0.38603777 -0.04381922 0.74053708
v 0.38603777 -0.04381922 0.77316111
v 0.41243116 -0.01279193 0.75684909
v 0.41243116 -0.07484651 0.75684909
v 0.40284320 -0.06892082 0.77236274
v 0.42201912 -0.06892082 0.77236274
v 0.40284320 -0.01871761 0.77236274
v 0.42201912 -0.01871761 0.77236274
v 0.41243116 -0.04381922 0.78787638
v 0.40284320 -0.06892082 0.74133545
v 0.42201912 -0.06892082 0.74133545
v 0.40284320 -0.01871761 0.74133545
v 0.42201912 -0.01871761 0.74133545
v 0.41243116 -0.04381922 0.72582180
v 0.43753276 -0.02830557 0.74726113
v 0.43753276 -0.05933286 0.74726113
v 0.42794480 -0.05340718 0.73174749
v 0.42794480 -0.03423126 0.73174749
v 0.43753276 -0.02830557 0.76643705
v 0.43753276 -0.05933286 0.76643705
v 0.42794480 -0.05340718 0.78195070
v 0.42794480 -0.03423126 0.78195070
v 0.44345845 -0.04381922 0.75684909
v 0.38732955 -0.02830557 0.74726113
v 0.38732955 -0.05933286 0.74726113
v 0.39691751 -0.05340718 0.73174749
v 0.39691751 -0.03423126 0.73174749
v 0.38732955 -0.02830557 0.76643705
v 0.38732955 -0.05933286 0.76643705
v 0.39691751 -0.05340718 0.78195070
v 0.39691751 -0.03423126 0.78195070
v 0.38140387 -0.04381922 0.75684909
v 0.40395244 -0.01397288 0.75684909
v 0.42090988 -0.01397288 0.75684909
v 0.40395244 -0.07366556 0.75684909
v 0.42090988 -0.07366556 0.75684909
v 0.39896877 -0.07058548 0.76491284
v 0.40744749 -0.06534535 0.77863169
v 0.40739047 -0.07332793 0.76500510
v 0.42589355 -0.07058548 0.76491284
v 0.41741483 -0.06534535 0.77863169
v 0.41747185 -0.07332793 0.76500510
v 0.41243116 -0.07021261 0.77316111
v 0.39896877 -0.01705295 0.76491284
v 0.40744749 -0.02229309 0.77863169
v 0.40739047 -0.01431051 0.76500510
v 0.42589355 -0.01705295 0.76491284
v 0.41741483 -0.02229309 0.77863169
v 0.41747185 -0.01431051 0.76500510
v 0.41243116 -0.01742583 0.77316111
v 0.41243116 -0.05229794 0.78669544
v 0.41243116 -0.03534050 0.78669544
v 0.39896877 -0.07058548 0.74878535
v 0.40744749 -0.06534535 0.73506650
v 0.40739047 -0.07332793 0.74869309
v 0.42589355 -0.07058548 0.74878535
v 0.41741483 -0.06534535 0.73506650
v 0.41747185 -0.07332793 0.74869309
v 0.41243116 -0.07021261 0.74053708
v 0.39896877 -0.01705295 0.74878535
v 0.40744749 -0.02229309 0.73506650
v 0.40739047 -0.01431051 0.74869309
v 0.42589355 -0.01705295 0.74878535
v 0.41741483 -0.02229309 0.73506650
v 0.41747185 -0.01431051 0.74869309
v 0.41243116 -0.01742583 0.74053708
v 0.41243116 -0.05229794 0.72700275
v 0.41243116 -0.03534050 0.72700275
v 0.43395729 -0.02203662 0.75186543
v 0.43919742 -0.03575548 0.74338671
v 0.43066854 -0.02246652 0.74365240
v 0.43395729 -0.06560182 0.75186543
v 0.43919742 -0.05188296 0.74338671
v 0.43066854 -0.06517192 0.74365240
v 0.42049490 -0.05728161 0.73008283
v 0.43421376 -0.04880289 0.73532297
v 0.42562785 -0.06205660 0.73549639
v 0.42058717 -0.04885991 0.72734039
v 0.43378386 -0.05701591 0.73861171
v 0.42049490 -0.03035683 0.73008283
v 0.43421376 -0.03883555 0.73532297
v 0.42562785 -0.02558184 0.73549639
v 0.42058717 -0.03877853 0.72734039
v 0.43378386 -0.03062252 0.73861171
v 0.42874317 -0.04381922 0.73045571
v 0.43395729 -0.02203662 0.76183276
v 0.43919742 -0.03575548 0.77031148
v 0.43066854 -0.02246652 0.77004579
v 0.43882455 -0.02750721 0.75684909
v 0.43395729 -0.06560182 0.76183276
v 0.43919742 -0.05188296 0.77031148
v 0.43066854 -0.06517192 0.77004579
v 0.43882455 -0.06013123 0.75684909
v 0.42049490 -0.05728161 0.78361536
v 0.43421376 -0.04880289 0.77837522
v 0.42562785 -0.06205660 0.77820180
v 0.42058717 -0.04885991 0.78635780
v 0.43378386 -0.05701591 0.77508648
v 0.42049490 -0.03035683 0.78361536
v 0.43421376 -0.03883555 0.77837522
v 0.42562785 -0.02558184 0.77820180
v 0.42058717 -0.03877853 0.78635780
v 0.43378386 -0.03062252 0.77508648
v 0.42874317 -0.04381922 0.78324248
v 0.44227750 -0.04381922 0.74837037
v 0.44227750 -0.04381922 0.76532781
v 0.44193987 -0.03566321 0.75180841
v 0.44193987 -0.05197522 0.75180841
v 0.44193987 -0.03566321 0.76188978
v 0.44193987 -0.05197522 0.76188978
v 0.39090503 -0.02203662 0.75186543
v 0.38566489 -0.03575548 0.74338671
v 0.39419378 -0.02246652 0.74365240
v 0.39090503 -0.06560182 0.75186543
v 0.38566489 -0.05188296 0.74338671
v 0.39419378 -0.06517192 0.74365240
v 0.40436742 -0.05728161 0.73008283
v 0.39064856 -0.04880289 0.73532297
v 0.39923446 -0.06205660 0.73549639
v 0.40427515 -0.04885991 0.72734039
v 0.39107846 -0.05701591 0.73861171
v 0.40436742 -0.03035683 0.73008283
v 0.39064856 -0.03883555 0.73532297
v 0.39923446 -0.02558184 0.73549639
v 0.40427515 -0.03877853 0.72734039
v 0.39107846 -0.03062252 0.73861171
v 0.39611915 -0.04381922 0.73045571
v 0.39090503 -0.02203662 0.76183276
v 0.38566489 -0.03575548 0.77031148
v 0.39419378 -0.02246652 0.77004579
v 0.38603777 -0.02750721 0.75684909
v 0.39090503 -0.06560182 0.76183276
v 0.38566489 -0.05188296 0.77031148
v 0.39419378 -0.06517192 0.77004579
v 0.38603777 -0.06013123 0.75684909
v 0.40436742 -0.05728161 0.78361536
v 0.39064856 -0.04880289 0.77837522
v 0.39923446 -0.06205660 0.77820180
v 0.40427515 -0.04885991 0.78635780
v 0.39107846 -0.05701591 0.77508648
v 0.40436742 -0.03035683 0.78361536
v 0.39064856 -0.03883555 0.77837522
v 0.39923446 -0.02558184 0.77820180
v 0.40427515 -0.03877853 0.78635780
v 0.39107846 -0.03062252 0.77508648
v 0.39611915 -0.04381922 0.78324248
v 0.38258482 -0.04381922 0.74837037
v 0.38258482 -0.04381922 0.76532781
v 0.38292245 -0.03566321 0.75180841
v 0.38292245 -0.05197522 0.75180841
v 0.38292245 -0.03566321 0.76188978
v 0.38292245 -0.05197522 0.76188978
v 0.42244915 -0.07552807 0.43471594
v 0.42053122 -0.05243415 0.09413554
v 0.41058200 -0.07062824 0.43511502
v 0.40866407 -0.04753432 0.09453461
v 0.40566647 -0.05878996 0.43594542
v 0.40374854 -0.03569604 0.09536502
v 0.41058200 -0.04694795 0.43672072
v 0.40866407 -0.02385403 0.09614032
v 0.42244915 -0.04203909 0.43698675
v 0.42053122 -0.01894517 0.09640635
v 0.43431629 -0.04693893 0.43658768
v 0.43239836 -0.02384501 0.09600727
v 0.43923182 -0.05877720 0.43575727
v 0.43731390 -0.03568328 0.09517687
v 0.43431629 -0.07061921 0.43498197
v 0.43239836 -0.04752529 0.09440157
v 0.42244915 -0.05878358 0.43585135
v 0.42053122 -0.03568966 0.09527094
v 0.41103074 -0.04030821 0.43585135
v 0.43386755 -0.04030821 0.43585135
v 0.41103074 -0.07725895 0.43585135
v 0.43386755 -0.07725895 0.43585135
v 0.42244915 -0.07020199 0.45432672
v 0.42244915 -0.04736517 0.45432672
v 0.42244915 -0.07020199 0.41737597
v 0.42244915 -0.04736517 0.41737597
v 0.44092452 -0.05878358 0.42443294
v 0.44092452 -0.05878358 0.44726976
v 0.40397377 -0.05878358 0.42443294
v 0.40397377 -0.05878358 0.44726976
v 0.42244915 -0.03706448 0.43585135
v 0.42244915 -0.08050268 0.43585135
v 0.41573757 -0.07635470 0.44671090
v 0.42916072 -0.07635470 0.44671090
v 0.41573757 -0.04121246 0.44671090
v 0.42916072 -0.04121246 0.44671090
v 0.42244915 -0.05878358 0.45757045
v 0.41573757 -0.07635470 0.42499180
v 0.42916072 -0.07635470 0.42499180
v 0.41573757 -0.04121246 0.42499180
v 0.42916072 -0.04121246 0.42499180
v 0.42244915 -0.05878358 0.41413224
v 0.44002027 -0.04792403 0.42913978
v 0.44002027 -0.06964313 0.42913978
v 0.43330870 -0.06549515 0.41828022
v 0.43330870 -0.05207201 0.41828022
v 0.44002027 -0.04792403 0.44256292
v 0.44002027 -0.06964313 0.44256292
v 0.43330870 -0.06549515 0.45342247
v 0.43330870 -0.05207201 0.45342247
v 0.44416825 -0.05878358 0.43585135
v 0.40487802 -0.04792403 0.42913978
v 0.40487802 -0.06964313 0.42913978
v 0.41158959 -0.06549515 0.41828022
v 0.41158959 -0.05207201 0.41828022
v 0.40487802 -0.04792403 0.44256292
v 0.40487802 -0.06964313 0.44256292
v 0.41158959 -0.06549515 0.45342247
v 0.41158959 -0.05207201 0.45342247
v 0.40073004 -0.05878358 0.43585135
v 0.41651404 -0.03789114 0.43585135
v 0.42838425 -0.03789114 0.43585135
v 0.41651404 -0.07967602 0.43585135
v 0.42838425 -0.07967602 0.43585135
v 0.41302548 -0.07751997 0.44149597
v 0.41896058 -0.07385187 0.45109917
v 0.41892066 -0.07943968 0.44156055
v 0.43187282 -0.07751997 0.44149597
v 0.42593771 -0.07385187 0.45109917
v 0.42597763 -0.07943968 0.44156055
v 0.42244915 -0.07725895 0.44726976
v 0.41302548 -0.04004720 0.44149597
v 0.41896058 -0.04371529 0.45109917
v 0.41892066 -0.03812749 0.44156055
v 0.43187282 -0.04004720 0.44149597
v 0.42593771 -0.04371529 0.45109917
v 0.42597763 -0.03812749 0.44156055
v 0.42244915 -0.04030821 0.44726976
v 0.42244915 -0.06471868 0.45674379
v 0.42244915 -0.05284848 0.45674379
v 0.41302548 -0.07751997 0.43020673
v 0.41896058 -0.07385187 0.42060353
v 0.41892066 -0.07943968 0.43014214
v 0.43187282 -0.07751997 0.43020673
v 0.42593771 -0.07385187 0.42060353
v 0.42597763 -0.07943968 0.43014214
v 0.42244915 -0.07725895 0.42443294
v 0.41302548 -0.04004720 0.43020673
v 0.41896058 -0.04371529 0.42060353
v 0.41892066 -0.03812749 0.43014214
v 0.43187282 -0.04004720 0.43020673
v 0.42593771 -0.04371529 0.42060353
v 0.42597763 -0.03812749 0.43014214
v 0.42244915 -0.04030821 0.42443294
v 0.42244915 -0.06471868 0.41495891
v 0.42244915 -0.05284848 0.41495891
v 0.43751744 -0.04353576 0.43236278
v 0.44118553 -0.05313896 0.42642768
v 0.43521531 -0.04383669 0.42661366
v 0.43751744 -0.07403140 0.43236278
v 0.44118553 -0.06442820 0.42642768
v 0.43521531 -0.07373047 0.42661366
v 0.42809377 -0.06820725 0.41711496
v 0.43769697 -0.06227215 0.42078306
v 0.43168683 -0.07154975 0.42090446
v 0.42815835 -0.06231206 0.41519525
v 0.43739604 -0.06802127 0.42308518
v 0.42809377 -0.04935991 0.41711496
v 0.43769697 -0.05529501 0.42078306
v 0.43168683 -0.04601741 0.42090446
v 0.42815835 -0.05525510 0.41519525
v 0.43739604 -0.04954589 0.42308518
v 0.43386755 -0.05878358 0.41737597
v 0.43751744 -0.04353576 0.43933991
v 0.44118553 -0.05313896 0.44527502
v 0.43521531 -0.04383669 0.44508903
v 0.44092452 -0.04736517 0.43585135
v 0.43751744 -0.07403140 0.43933991
v 0.44118553 -0.06442820 0.44527502
v 0.43521531 -0.07373047 0.44508903
v 0.44092452 -0.07020199 0.43585135
v 0.42809377 -0.06820725 0.45458773
v 0.43769697 -0.06227215 0.45091964
v 0.43168683 -0.07154975 0.45079824
v 0.42815835 -0.06231206 0.45650744
v 0.43739604 -0.06802127 0.44861752
v 0.42809377 -0.04935991 0.45458773
v 0.43769697 -0.05529501 0.45091964
v 0.43168683 -0.04601741 0.45079824
v 0.42815835 -0.05525510 0.45650744
v 0.43739604 -0.04954589 0.44861752
v 0.43386755 -0.05878358 0.45432672
v 0.44334158 -0.05878358 0.42991624
v 0.44334158 -0.05878358 0.44178645
v 0.44310524 -0.05307438 0.43232287
v 0.44310524 -0.06449279 0.43232287
v 0.44310524 -0.05307438 0.43937983
v 0.44310524 -0.06449279 0.43937983
v 0.40738086 -0.04353576 0.43236278
v 0.40371276 -0.05313896 0.42642768
v 0.40968298 -0.04383669 0.42661366
v 0.40738086 -0.07403140 0.43236278
v 0.40371276 -0.06442820 0.42642768
v 0.40968298 -0.07373047 0.42661366
v 0.41680453 -0.06820725 0.41711496
v 0.40720133 -0.06227215 0.42078306
v 0.41321146 -0.07154975 0.42090446
v 0.41673994 -0.06231206 0.41519525
v 0.40750226 -0.06802127 0.42308518
v 0.41680453 -0.04935991 0.41711496
v 0.40720133 -0.05529501 0.42078306
v 0.41321146 -0.04601741 0.42090446
v 0.41673994 -0.05525510 0.41519525
v 0.40750226 -0.04954589 0.42308518
v 0.41103074 -0.05878358 0.41737597
v 0.40738086 -0.04353576 0.43933991
v 0.40371276 -0.05313896 0.44527502
v 0.40968298 -0.04383669 0.44508903
v 0.40397377 -0.04736517 0.43585135
v 0.40738086 -0.07403140 0.43933991
v 0.40371276 -0.06442820 0.44527502
v 0.40968298 -0.07373047 0.44508903
v 0.40397377 -0.07020199 0.43585135
v 0.41680453 -0.06820725 0.45458773
v 0.40720133 -0.06227215 0.45091964
v 0.41321146 -0.07154975 0.45079824
v 0.41673994 -0.06231206 0.45650744
v 0.40750226 -0.06802127 0.44861752
v 0.41680453 -0.04935991 0.45458773
v 0.40720133 -0.05529501 0.45091964
v 0.41321146 -0.04601741 0.45079824
v 0.41673994 -0.05525510 0.45650744
v 0.40750226 -0.04954589 0.44861752
v 0.41103074 -0.05878358 0.45432672
v 0.40155671 -0.05878358 0.42991624
v 0.40155671 -0.05878358 0.44178645
v 0.40179305 -0.05307438 0.43232287
v 0.40179305 -0.06449279 0.43232287
v 0.40179305 -0.05307438 0.43937983
v 0.40179305 -0.06449279 0.43937983
v 0.41253833 -0.02275690 0.09527094
v 0.42852410 -0.02275690 0.09527094
v 0.41253833 -0.04862242 0.09527094
v 0.42852410 -0.04862242 0.09527094
v 0.42053122 -0.04368255 0.10820370
v 0.42053122 -0.02769678 0.10820370
v 0.42053122 -0.04368255 0.08233818
v 0.42053122 -0.02769678 0.08233818
v 0.43346398 -0.03568966 0.08727806
v 0.43346398 -0.03568966 0.10326383
v 0.40759846 -0.03568966 0.08727806
v 0.40759846 -0.03568966 0.10326383
v 0.42053122 -0.02048629 0.09527094
v 0.42053122 -0.05089303 0.09527094
v 0.41583312 -0.04798945 0.10287263
v 0.42522932 -0.04798945 0.10287263
v 0.41583312 -0.02338987 0.10287263
v 0.42522932 -0.02338987 0.10287263
v 0.42053122 -0.03568966 0.11047432
v 0.41583312 -0.04798945 0.08766926
v 0.42522932 -0.04798945 0.08766926
v 0.41583312 -0.02338987 0.08766926
v 0.42522932 -0.02338987 0.08766926
v 0.42053122 -0.03568966 0.08006757
v 0.43283101 -0.02808797 0.09057284
v 0.43283101 -0.04329135 0.09057284
v 0.42813291 -0.04038776 0.08297116
v 0.42813291 -0.03099156 0.08297116
v 0.43283101 -0.02808797 0.09996904
v 0.43283101 -0.04329135 0.09996904
v 0.42813291 -0.04038776 0.10757073
v 0.42813291 -0.03099156 0.10757073
v 0.43573459 -0.03568966 0.09527094
v 0.40823143 -0.02808797 0.09057284
v 0.40823143 -0.04329135 0.09057284
v 0.41292953 -0.04038776 0.08297116
v 0.41292953 -0.03099156 0.08297116
v 0.40823143 -0.02808797 0.09996904
v 0.40823143 -0.04329135 0.09996904
v 0.41292953 -0.04038776 0.10757073
v 0.41292953 -0.03099156 0.10757073
v 0.40532785 -0.03568966 0.09527094
v 0.41637665 -0.02106495 0.09527094
v 0.42468579 -0.02106495 0.09527094
v 0.41637665 -0.05031437 0.09527094
v 0.42468579 -0.05031437 0.09527094
v 0.41393465 -0.04880513 0.09922218
v 0.41808922 -0.04623746 0.10594442
v 0.41806128 -0.05014893 0.09926739
v 0.42712779 -0.04880513 0.09922218
v 0.42297322 -0.04623746 0.10594442
v 0.42300116 -0.05014893 0.09926739
v 0.42053122 -0.04862242 0.10326383
v 0.41393465 -0.02257419 0.09922218
v 0.41808922 -0.02514186 0.10594442
v 0.41806128 -0.02123039 0.09926739
v 0.42712779 -0.02257419 0.09922218
v 0.42297322 -0.02514186 0.10594442
v 0.42300116 -0.02123039 0.09926739
v 0.42053122 -0.02275690 0.10326383
v 0.42053122 -0.03984423 0.10989565
v 0.42053122 -0.03153509 0.10989565
v 0.41393465 -0.04880513 0.09131971
v 0.41808922 -0.04623746 0.08459747
v 0.41806128 -0.05014893 0.09127450
v 0.42712779 -0.04880513 0.09131971
v 0.42297322 -0.04623746 0.08459747
v 0.42300116 -0.05014893 0.09127450
v 0.42053122 -0.04862242 0.08727806
v 0.41393465 -0.02257419 0.09131971
v 0.41808922 -0.02514186 0.08459747
v 0.41806128 -0.02123039 0.09127450
v 0.42712779 -0.02257419 0.09131971
v 0.42297322 -0.02514186 0.08459747
v 0.42300116 -0.02123039 0.09127450
v 0.42053122 -0.02275690 0.08727806
v 0.42053122 -0.03984423 0.08064624
v 0.42053122 -0.03153509 0.08064624
v 0.43107902 -0.02501619 0.09282895
v 0.43364669 -0.03173843 0.08867437
v 0.42946754 -0.02522684 0.08880456
v 0.43107902 -0.04636313 0.09282895
v 0.43364669 -0.03964089 0.08867437
v 0.42946754 -0.04615248 0.08880456
v 0.42448245 -0.04228623 0.08215547
v 0.43120469 -0.03813166 0.08472314
v 0.42699760 -0.04462598 0.08480812
v 0.42452766 -0.03815960 0.08081168
v 0.43099404 -0.04215604 0.08633463
v 0.42448245 -0.02909309 0.08215547
v 0.43120469 -0.03324766 0.08472314
v 0.42699760 -0.02675334 0.08480812
v 0.42452766 -0.03321972 0.08081168
v 0.43099404 -0.02922328 0.08633463
v 0.42852410 -0.03568966 0.08233818
v 0.43107902 -0.02501619 0.09771294
v 0.43364669 -0.03173843 0.10186751
v 0.42946754 -0.02522684 0.10173732
v 0.43346398 -0.02769678 0.09527094
v 0.43107902 -0.04636313 0.09771294
v 0.43364669 -0.03964089 0.10186751
v 0.42946754 -0.04615248 0.10173732
v 0.43346398 -0.04368255 0.09527094
v 0.42448245 -0.04228623 0.10838641
v 0.43120469 -0.03813166 0.10581875
v 0.42699760 -0.04462598 0.10573377
v 0.42452766 -0.03815960 0.10973021
v 0.43099404 -0.04215604 0.10420726
v 0.42448245 -0.02909309 0.10838641
v 0.43120469 -0.03324766 0.10581875
v 0.42699760 -0.02675334 0.10573377
v 0.42452766 -0.03321972 0.10973021
v 0.43099404 -0.02922328 0.10420726
v 0.42852410 -0.03568966 0.10820370
v 0.43515593 -0.03568966 0.09111637
v 0.43515593 -0.03568966 0.09942552
v 0.43499049 -0.03169322 0.09280101
v 0.43499049 -0.03968610 0.09280101
v 0.43499049 -0.03169322 0.09774088
v 0.43499049 -0.03968610 0.09774088
v 0.40998342 -0.02501619 0.09282895
v 0.40741575 -0.03173843 0.08867437
v 0.41159490 -0.02522684 0.08880456
v 0.40998342 -0.04636313 0.09282895
v 0.40741575 -0.03964089 0.08867437
v 0.41159490 -0.04615248 0.08880456
v 0.41657999 -0.04228623 0.08215547
v 0.40985775 -0.03813166 0.08472314
v 0.41406484 -0.04462598 0.08480812
v 0.41653478 -0.03815960 0.08081168
v 0.41006840 -0.04215604 0.08633463
v 0.41657999 -0.02909309 0.08215547
v 0.40985775 -0.03324766 0.08472314
v 0.41406484 -0.02675334 0.08480812
v 0.41653478 -0.03321972 0.08081168
v 0.41006840 -0.02922328 0.08633463
v 0.41253833 -0.03568966 0.08233818
v 0.40998342 -0.02501619 0.09771294
v 0.40741575 -0.03173843 0.10186751
v 0.41159490 -0.02522684 0.10173732
v 0.40759846 -0.02769678 0.09527094
v 0.40998342 -0.04636313 0.09771294
v 0.40741575 -0.03964089 0.10186751
v 0.41159490 -0.04615248 0.10173732
v 0.40759846 -0.04368255 0.09527094
v 0.41657999 -0.04228623 0.10838641
v 0.40985775 -0.03813166 0.10581875
v 0.41406484 -0.04462598 0.10573377
v 0.41653478 -0.03815960 0.10973021
v 0.41006840 -0.04215604 0.10420726
v 0.41657999 -0.02909309 0.10838641
v 0.40985775 -0.03324766 0.10581875
v 0.41406484 -0.02675334 0.10573377
v 0.41653478 -0.03321972 0.10973021
v 0.41006840 -0.02922328 0.10420726
v 0.41253833 -0.03568966 0.10820370
v 0.40590651 -0.03568966 0.09111637
v 0.40590651 -0.03568966 0.09942552
v 0.40607195 -0.03169322 0.09280101
v 0.40607195 -0.03968610 0.09280101
v 0.40607195 -0.03169322 0.09774088
v 0.40607195 -0.03968610 0.09774088
v 0.23454124 -0.05651247 0.76093260
v 0.23436826 -0.09050224 0.43899621
v 0.21758791 -0.04952803 0.76020430
v 0.21741493 -0.08351780 0.43826791
v 0.21056561 -0.03266801 0.75842800
v 0.21039263 -0.06665778 0.43649162
v 0.21758791 -0.01580878 0.75664425
v 0.21741493 -0.04979855 0.43470786
v 0.23454124 -0.00882624 0.75589793
v 0.23436826 -0.04281601 0.43396154
v 0.25149457 -0.01581068 0.75662623
v 0.25132159 -0.04980045 0.43468984
v 0.25851687 -0.03267070 0.75840252
v 0.25834389 -0.06666047 0.43646614
v 0.25149457 -0.04952993 0.76018628
v 0.25132159 -0.08351970 0.43824989
v 0.23454124 -0.03266936 0.75841526
v 0.23436826 -0.06665912 0.43647888
v 0.21822922 -0.00627597 0.75841526
v 0.25085325 -0.00627597 0.75841526
v 0.21822922 -0.05906275 0.75841526
v 0.25085325 -0.05906275 0.75841526
v 0.23454124 -0.04898137 0.78480865
v 0.23454124 -0.01635734 0.78480865
v 0.23454124 -0.04898137 0.73202187
v 0.23454124 -0.01635734 0.73202187
v 0.26093463 -0.03266936 0.74210325
v 0.26093463 -0.03266936 0.77472727
v 0.20814785 -0.03266936 0.74210325
v 0.20814785 -0.03266936 0.77472727
v 0.23454124 -0.00164207 0.75841526
v 0.23454124 -0.06369665 0.75841526
v 0.22495328 -0.05777096 0.77392891
v 0.24412920 -0.05777096 0.77392891
v 0.22495328 -0.00756775 0.77392891
v 0.24412920 -0.00756775 0.77392891
v 0.23454124 -0.03266936 0.78944255
v 0.22495328 -0.05777096 0.74290162
v 0.24412920 -0.05777096 0.74290162
v 0.22495328 -0.00756775 0.74290162
v 0.24412920 -0.00756775 0.74290162
v 0.23454124 -0.03266936 0.72738797
v 0.25964284 -0.01715571 0.74882730
v 0.25964284 -0.04818300 0.74882730
v 0.25005488 -0.04225732 0.73331366
v 0.25005488 -0.02308140 0.73331366
v 0.25964284 -0.01715571 0.76800322
v 0.25964284 -0.04818300 0.76800322
v 0.25005488 -0.04225732 0.78351687
v 0.25005488 -0.02308140 0.78351687
v 0.26556853 -0.03266936 0.75841526
v 0.20943963 -0.01715571 0.74882730
v 0.20943963 -0.04818300 0.74882730
v 0.21902759 -0.04225732 0.73331366
v 0.21902759 -0.02308140 0.73331366
v 0.20943963 -0.01715571 0.76800322
v 0.20943963 -0.04818300 0.76800322
v 0.21902759 -0.04225732 0.78351687
v 0.21902759 -0.02308140 0.78351687
v 0.20351395 -0.03266936 0.75841526
v 0.22606252 -0.00282302 0.75841526
v 0.24301996 -0.00282302 0.75841526
v 0.22606252 -0.06251570 0.75841526
v 0.24301996 -0.06251570 0.75841526
v 0.22107885 -0.05943562 0.76647900
v 0.22955757 -0.05419548 0.78019786
v 0.22950055 -0.06217806 0.76657127
v 0.24800362 -0.05943562 0.76647900
v 0.23952490 -0.05419548 0.78019786
v 0.23958192 -0.06217806 0.76657127
v 0.23454124 -0.05906275 0.77472727
v 0.22107885 -0.00590309 0.76647900
v 0.22955757 -0.01114323 0.78019786
v 0.22950055 -0.00316065 0.76657127
v 0.24800362 -0.00590309 0.76647900
v 0.23952490 -0.01114323 0.78019786
v 0.23958192 -0.00316065 0.76657127
v 0.23454124 -0.00627597 0.77472727
v 0.23454124 -0.04114808 0.78826160
v 0.23454124 -0.02419064 0.78826160
v 0.22107885 -0.05943562 0.75035152
v 0.22955757 -0.05419548 0.73663266
v 0.22950055 -0.06217806 0.75025926
v 0.24800362 -0.05943562 0.75035152
v 0.23952490 -0.05419548 0.73663266
v 0.23958192 -0.06217806 0.75025926
v 0.23454124 -0.05906275 0.74210325
v 0.22107885 -0.00590309 0.75035152
v 0.22955757 -0.01114323 0.73663266
v 0.22950055 -0.00316065 0.75025926
v 0.24800362 -0.00590309 0.75035152
v 0.23952490 -0.01114323 0.73663266
v 0.23958192 -0.00316065 0.75025926
v 0.23454124 -0.00627597 0.74210325
v 0.23454124 -0.04114808 0.72856892
v 0.23454124 -0.02419064 0.72856892
v 0.25606736 -0.01088676 0.75343160
v 0.26130750 -0.02460561 0.74495288
v 0.25277862 -0.01131666 0.74521857
v 0.25606736 -0.05445196 0.75343160
v 0.26130750 -0.04073310 0.74495288
v 0.25277862 -0.05402206 0.74521857
v 0.24260498 -0.04613174 0.73164900
v 0.25632383 -0.03765302 0.73688913
v 0.24773793 -0.05090674 0.73706256
v 0.24269724 -0.03771005 0.72890656
v 0.25589394 -0.04586605 0.74017788
v 0.24260498 -0.01920697 0.73164900
v 0.25632383 -0.02768569 0.73688913
v 0.24773793 -0.01443197 0.73706256
v 0.24269724 -0.02762867 0.72890656
v 0.25589394 -0.01947266 0.74017788
v 0.25085325 -0.03266936 0.73202187
v 0.25606736 -0.01088676 0.76339893
v 0.26130750 -0.02460561 0.77187765
v 0.25277862 -0.01131666 0.77161196
v 0.26093463 -0.01635734 0.75841526
v 0.25606736 -0.05445196 0.76339893
v 0.26130750 -0.04073310 0.77187765
v 0.25277862 -0.05402206 0.77161196
v 0.26093463 -0.04898137 0.75841526
v 0.24260498 -0.04613174 0.78518153
v 0.25632383 -0.03765302 0.77994139
v 0.24773793 -0.05090674 0.77976796
v 0.24269724 -0.03771005 0.78792397
v 0.25589394 -0.04586605 0.77665265
v 0.24260498 -0.01920697 0.78518153
v 0.25632383 -0.02768569 0.77994139
v 0.24773793 -0.01443197 0.77976796
v 0.24269724 -0.02762867 0.78792397
v 0.25589394 -0.01947266 0.77665265
v 0.25085325 -0.03266936 0.78480865
v 0.26438758 -0.03266936 0.74993654
v 0.26438758 -0.03266936 0.76689398
v 0.26404994 -0.02451335 0.75337457
v 0.26404994 -0.04082536 0.75337457
v 0.26404994 -0.02451335 0.76345595
v 0.26404994 -0.04082536 0.76345595
v 0.21301511 -0.01088676 0.75343160
v 0.20777497 -0.02460561 0.74495288
v 0.21630385 -0.01131666 0.74521857
v 0.21301511 -0.05445196 0.75343160
v 0.20777497 -0.04073310 0.74495288
v 0.21630385 -0.05402206 0.74521857
v 0.22647749 -0.04613174 0.73164900
v 0.21275864 -0.03765302 0.73688913
v 0.22134454 -0.05090674 0.73706256
v 0.22638523 -0.03771005 0.72890656
v 0.21318853 -0.04586605 0.74017788
v 0.22647749 -0.01920697 0.73164900
v 0.21275864 -0.02768569 0.73688913
v 0.22134454 -0.01443197 0.73706256
v 0.22638523 -0.02762867 0.72890656
v 0.21318853 -0.01947266 0.74017788
v 0.21822922 -0.03266936 0.73202187
v 0.21301511 -0.01088676 0.76339893
v 0.20777497 -0.02460561 0.77187765
v 0.21630385 -0.01131666 0.77161196
v 0.20814785 -0.01635734 0.75841526
v 0.21301511 -0.05445196 0.76339893
v 0.20777497 -0.04073310 0.77187765
v 0.21630385 -0.05402206 0.77161196
v 0.20814785 -0.04898137 0.75841526
v 0.22647749 -0.04613174 0.78518153
v 0.21275864 -0.03765302 0.77994139
v 0.22134454 -0.05090674 0.77976796
v 0.22638523 -0.03771005 0.78792397
v 0.21318853 -0.04586605 0.77665265
v 0.22647749 -0.01920697 0.78518153
v 0.21275864 -0.02768569 0.77994139
v 0.22134454 -0.01443197 0.77976796
v 0.22638523 -0.02762867 0.78792397
v 0.21318853 -0.01947266 0.77665265
v 0.21822922 -0.03266936 0.78480865
v 0.20469490 -0.03266936 0.74993654
v 0.20469490 -0.03266936 0.76689398
v 0.20503253 -0.02451335 0.75337457
v 0.20503253 -0.04082536 0.75337457
v 0.20503253 -0.02451335 0.76345595
v 0.20503253 -0.04082536 0.76345595
v 0.23436826 -0.08330405 0.43433096
v 0.24374197 -0.03904778 0.09137392
v 0.22250529 -0.07838771 0.43464114
v 0.23187899 -0.03413144 0.09168410
v 0.21759148 -0.06660092 0.43602785
v 0.22696519 -0.02234465 0.09307080
v 0.22250529 -0.05484823 0.43767875
v 0.23187899 -0.01059196 0.09472171
v 0.23436826 -0.05001420 0.43862679
v 0.24374197 -0.00575793 0.09566975
v 0.24623124 -0.05493054 0.43831661
v 0.25560494 -0.01067427 0.09535957
v 0.25114504 -0.06671733 0.43692991
v 0.26051875 -0.02246106 0.09397287
v 0.24623124 -0.07847002 0.43527900
v 0.25560494 -0.03421375 0.09232196
v 0.23436826 -0.06665912 0.43647888
v 0.24374197 -0.02240286 0.09352184
v 0.22294985 -0.04818375 0.43647888
v 0.24578667 -0.04818375 0.43647888
v 0.22294985 -0.08513450 0.43647888
v 0.24578667 -0.08513450 0.43647888
v 0.23436826 -0.07807753 0.45495425
v 0.23436826 -0.05524072 0.45495425
v 0.23436826 -0.07807753 0.41800351
v 0.23436826 -0.05524072 0.41800351
v 0.25284364 -0.06665912 0.42506047
v 0.25284364 -0.06665912 0.44789729
v 0.21589289 -0.06665912 0.42506047
v 0.21589289 -0.06665912 0.44789729
v 0.23436826 -0.04494002 0.43647888
v 0.23436826 -0.08837823 0.43647888
v 0.22765669 -0.08423025 0.44733843
v 0.24107983 -0.08423025 0.44733843
v 0.22765669 -0.04908800 0.44733843
v 0.24107983 -0.04908800 0.44733843
v 0.23436826 -0.06665912 0.45819798
v 0.22765669 -0.08423025 0.42561933
v 0.24107983 -0.08423025 0.42561933
v 0.22765669 -0.04908800 0.42561933
v 0.24107983 -0.04908800 0.42561933
v 0.23436826 -0.06665912 0.41475977
v 0.25193939 -0.05579957 0.42976731
v 0.25193939 -0.07751868 0.42976731
v 0.24522781 -0.07337070 0.41890775
v 0.24522781 -0.05994755 0.41890775
v 0.25193939 -0.05579957 0.44319045
v 0.25193939 -0.07751868 0.44319045
v 0.24522781 -0.07337070 0.45405000
v 0.24522781 -0.05994755 0.45405000
v 0.25608737 -0.06665912 0.43647888
v 0.21679714 -0.05579957 0.42976731
v 0.21679714 -0.07751868 0.42976731
v 0.22350871 -0.07337070 0.41890775
v 0.22350871 -0.05994755 0.41890775
v 0.21679714 -0.05579957 0.44319045
v 0.21679714 -0.07751868 0.44319045
v 0.22350871 -0.07337070 0.45405000
v 0.22350871 -0.05994755 0.45405000
v 0.21264916 -0.06665912 0.43647888
v 0.22843316 -0.04576669 0.43647888
v 0.24030337 -0.04576669 0.43647888
v 0.22843316 -0.08755156 0.43647888
v 0.24030337 -0.08755156 0.43647888
v 0.22494459 -0.08539551 0.44212350
v 0.23087970 -0.08172741 0.45172670
v 0.23083978 -0.08731522 0.44218808
v 0.24379193 -0.08539551 0.44212350
v 0.23785683 -0.08172741 0.45172670
v 0.23789674 -0.08731522 0.44218808
v 0.23436826 -0.08513450 0.44789729
v 0.22494459 -0.04792274 0.44212350
v 0.23087970 -0.05159084 0.45172670
v 0.23083978 -0.04600303 0.44218808
v 0.24379193 -0.04792274 0.44212350
v 0.23785683 -0.05159084 0.45172670
v 0.23789674 -0.04600303 0.44218808
v 0.23436826 -0.04818375 0.44789729
v 0.23436826 -0.07259423 0.45737132
v 0.23436826 -0.06072402 0.45737132
v 0.22494459 -0.08539551 0.43083426
v 0.23087970 -0.08172741 0.42123106
v 0.23083978 -0.08731522 0.43076967
v 0.24379193 -0.08539551 0.43083426
v 0.23785683 -0.08172741 0.42123106
v 0.23789674 -0.08731522 0.43076967
v 0.23436826 -0.08513450 0.42506047
v 0.22494459 -0.04792274 0.43083426
v 0.23087970 -0.05159084 0.42123106
v 0.23083978 -0.04600303 0.43076967
v 0.24379193 -0.04792274 0.43083426
v 0.23785683 -0.05159084 0.42123106
v 0.23789674 -0.04600303 0.43076967
v 0.23436826 -0.04818375 0.42506047
v 0.23436826 -0.07259423 0.41558644
v 0.23436826 -0.06072402 0.41558644
v 0.24943655 -0.05141131 0.43299031
v 0.25310465 -0.06101451 0.42705521
v 0.24713443 -0.05171223 0.42724119
v 0.24943655 -0.08190694 0.43299031
v 0.25310465 -0.07230374 0.42705521
v 0.24713443 -0.08160602 0.42724119
v 0.24001288 -0.07608280 0.41774249
v 0.24961608 -0.07014769 0.42141059
v 0.24360595 -0.07942529 0.42153199
v 0.24007747 -0.07018761 0.41582278
v 0.24931515 -0.07589681 0.42371271
v 0.24001288 -0.05723545 0.41774249
v 0.24961608 -0.06317056 0.42141059
v 0.24360595 -0.05389296 0.42153199
v 0.24007747 -0.06313064 0.41582278
v 0.24931515 -0.05742144 0.42371271
v 0.24578667 -0.06665912 0.41800351
v 0.24943655 -0.05141131 0.43996744
v 0.25310465 -0.06101451 0.44590255
v 0.24713443 -0.05171223 0.44571656
v 0.25284364 -0.05524072 0.43647888
v 0.24943655 -0.08190694 0.43996744
v 0.25310465 -0.07230374 0.44590255
v 0.24713443 -0.08160602 0.44571656
v 0.25284364 -0.07807753 0.43647888
v 0.24001288 -0.07608280 0.45521526
v 0.24961608 -0.07014769 0.45154717
v 0.24360595 -0.07942529 0.45142577
v 0.24007747 -0.07018761 0.45713497
v 0.24931515 -0.07589681 0.44924505
v 0.24001288 -0.05723545 0.45521526
v 0.24961608 -0.06317056 0.45154717
v 0.24360595 -0.05389296 0.45142577
v 0.24007747 -0.06313064 0.45713497
v 0.24931515 -0.05742144 0.44924505
v 0.24578667 -0.06665912 0.45495425
v 0.25526070 -0.06665912 0.43054377
v 0.25526070 -0.06665912 0.44241398
v 0.25502436 -0.06094992 0.43295040
v 0.25502436 -0.07236833 0.43295040
v 0.25502436 -0.06094992 0.44000736
v 0.25502436 -0.07236833 0.44000736
v 0.21929997 -0.05141131 0.43299031
v 0.21563188 -0.06101451 0.42705521
v 0.22160209 -0.05171223 0.42724119
v 0.21929997 -0.08190694 0.43299031
v 0.21563188 -0.07230374 0.42705521
v 0.22160209 -0.08160602 0.42724119
v 0.22872364 -0.07608280 0.41774249
v 0.21912044 -0.07014769 0.42141059
v 0.22513058 -0.07942529 0.42153199
v 0.22865906 -0.07018761 0.41582278
v 0.21942137 -0.07589681 0.42371271
v 0.22872364 -0.05723545 0.41774249
v 0.21912044 -0.06317056 0.42141059
v 0.22513058 -0.05389296 0.42153199
v 0.22865906 -0.06313064 0.41582278
v 0.21942137 -0.05742144 0.42371271
v 0.22294985 -0.06665912 0.41800351
v 0.21929997 -0.05141131 0.43996744
v 0.21563188 -0.06101451 0.44590255
v 0.22160209 -0.05171223 0.44571656
v 0.21589289 -0.05524072 0.43647888
v 0.21929997 -0.08190694 0.43996744
v 0.21563188 -0.07230374 0.44590255
v 0.22160209 -0.08160602 0.44571656
v 0.21589289 -0.07807753 0.43647888
v 0.22872364 -0.07608280 0.45521526
v 0.21912044 -0.07014769 0.45154717
v 0.22513058 -0.07942529 0.45142577
v 0.22865906 -0.07018761 0.45713497
v 0.21942137 -0.07589681 0.44924505
v 0.22872364 -0.05723545 0.45521526
v 0.21912044 -0.06317056 0.45154717
v 0.22513058 -0.05389296 0.45142577
v 0.22865906 -0.06313064 0.45713497
v 0.21942137 -0.05742144 0.44924505
v 0.22294985 -0.06665912 0.45495425
v 0.21347582 -0.06665912 0.43054377
v 0.21347582 -0.06665912 0.44241398
v 0.21371217 -0.06094992 0.43295040
v 0.21371217 -0.07236833 0.43295040
v 0.21371217 -0.06094992 0.44000736
v 0.21371217 -0.07236833 0.44000736
v 0.23574908 -0.00947010 0.09352184
v 0.25173485 -0.00947010 0.09352184
v 0.23574908 -0.03533562 0.09352184
v 0.25173485 -0.03533562 0.09352184
v 0.24374197 -0.03039574 0.10645460
v 0.24374197 -0.01440997 0.10645460
v 0.24374197 -0.03039574 0.08058907
v 0.24374197 -0.01440997 0.08058907
v 0.25667473 -0.02240286 0.08552895
v 0.25667473 -0.02240286 0.10151472
v 0.23080921 -0.02240286 0.08552895
v 0.23080921 -0.02240286 0.10151472
v 0.24374197 -0.00719948 0.09352184
v 0.24374197 -0.03760623 0.09352184
v 0.23904387 -0.03470264 0.10112352
v 0.24844007 -0.03470264 0.10112352
v 0.23904387 -0.01010307 0.10112352
v 0.24844007 -0.01010307 0.10112352
v 0.24374197 -0.02240286 0.10872521
v 0.23904387 -0.03470264 0.08592015
v 0.24844007 -0.03470264 0.08592015
v 0.23904387 -0.01010307 0.08592015
v 0.24844007 -0.01010307 0.08592015
v 0.24374197 -0.02240286 0.07831846
v 0.25604176 -0.01480117 0.08882374
v 0.25604176 -0.03000454 0.08882374
v 0.25134365 -0.02710096 0.08122205
v 0.25134365 -0.01770476 0.08122205
v 0.25604176 -0.01480117 0.09821994
v 0.25604176 -0.03000454 0.09821994
v 0.25134365 -0.02710096 0.10582162
v 0.25134365 -0.01770476 0.10582162
v 0.25894534 -0.02240286 0.09352184
v 0.23144218 -0.01480117 0.08882374
v 0.23144218 -0.03000454 0.08882374
v 0.23614028 -0.02710096 0.08122205
v 0.23614028 -0.01770476 0.08122205
v 0.23144218 -0.01480117 0.09821994
v 0.23144218 -0.03000454 0.09821994
v 0.23614028 -0.02710096 0.10582162
v 0.23614028 -0.01770476 0.10582162
v 0.22853860 -0.02240286 0.09352184
v 0.23958740 -0.00777815 0.09352184
v 0.24789654 -0.00777815 0.09352184
v 0.23958740 -0.03702756 0.09352184
v 0.24789654 -0.03702756 0.09352184
v 0.23714540 -0.03551833 0.09747307
v 0.24129997 -0.03295066 0.10419531
v 0.24127203 -0.03686212 0.09751828
v 0.25033854 -0.03551833 0.09747307
v 0.24618397 -0.03295066 0.10419531
v 0.24621191 -0.03686212 0.09751828
v 0.24374197 -0.03533562 0.10151472
v 0.23714540 -0.00928739 0.09747307
v 0.24129997 -0.01185505 0.10419531
v 0.24127203 -0.00794359 0.09751828
v 0.25033854 -0.00928739 0.09747307
v 0.24618397 -0.01185505 0.10419531
v 0.24621191 -0.00794359 0.09751828
v 0.24374197 -0.00947010 0.10151472
v 0.24374197 -0.02655743 0.10814654
v 0.24374197 -0.01824828 0.10814654
v 0.23714540 -0.03551833 0.08957060
v 0.24129997 -0.03295066 0.08284836
v 0.24127203 -0.03686212 0.08952539
v 0.25033854 -0.03551833 0.08957060
v 0.24618397 -0.03295066 0.08284836
v 0.24621191 -0.03686212 0.08952539
v 0.24374197 -0.03533562 0.08552895
v 0.23714540 -0.00928739 0.08957060
v 0.24129997 -0.01185505 0.08284836
v 0.24127203 -0.00794359 0.08952539
v 0.25033854 -0.00928739 0.08957060
v 0.24618397 -0.01185505 0.08284836
v 0.24621191 -0.00794359 0.08952539
v 0.24374197 -0.00947010 0.08552895
v 0.24374197 -0.02655743 0.07889713
v 0.24374197 -0.01824828 0.07889713
v 0.25428977 -0.01172938 0.09107984
v 0.25685744 -0.01845162 0.08692527
v 0.25267829 -0.01194003 0.08705546
v 0.25428977 -0.03307633 0.09107984
v 0.25685744 -0.02635409 0.08692527
v 0.25267829 -0.03286568 0.08705546
v 0.24769320 -0.02899943 0.08040637
v 0.25441544 -0.02484485 0.08297403
v 0.25020835 -0.03133917 0.08305901
v 0.24773841 -0.02487279 0.07906257
v 0.25420479 -0.02886924 0.08458552
v 0.24769320 -0.01580629 0.08040637
v 0.25441544 -0.01996086 0.08297403
v 0.25020835 -0.01346654 0.08305901
v 0.24773841 -0.01993292 0.07906257
v 0.25420479 -0.01593648 0.08458552
v 0.25173485 -0.02240286 0.08058907
v 0.25428977 -0.01172938 0.09596383
v 0.25685744 -0.01845162 0.10011840
v 0.25267829 -0.01194003 0.09998822
v 0.25667473 -0.01440997 0.09352184
v 0.25428977 -0.03307633 0.09596383
v 0.25685744 -0.02635409 0.10011840
v 0.25267829 -0.03286568 0.09998822
v 0.25667473 -0.03039574 0.09352184
v 0.24769320 -0.02899943 0.10663731
v 0.25441544 -0.02484485 0.10406964
v 0.25020835 -0.03133917 0.10398466
v 0.24773841 -0.02487279 0.10798110
v 0.25420479 -0.02886924 0.10245815
v 0.24769320 -0.01580629 0.10663731
v 0.25441544 -0.01996086 0.10406964
v 0.25020835 -0.01346654 0.10398466
v 0.24773841 -0.01993292 0.10798110
v 0.25420479 -0.01593648 0.10245815
v 0.25173485 -0.02240286 0.10645460
v 0.25836668 -0.02240286 0.08936726
v 0.25836668 -0.02240286 0.09767641
v 0.25820123 -0.01840641 0.09105190
v 0.25820123 -0.02639930 0.09105190
v 0.25820123 -0.01840641 0.09599177
v 0.25820123 -0.02639930 0.09599177
v 0.23319417 -0.01172938 0.09107984
v 0.23062650 -0.01845162 0.08692527
v 0.23480565 -0.01194003 0.08705546
v 0.23319417 -0.03307633 0.09107984
v 0.23062650 -0.02635409 0.08692527
v 0.23480565 -0.03286568 0.08705546
v 0.23979074 -0.02899943 0.08040637
v 0.23306850 -0.02484485 0.08297403
v 0.23727559 -0.03133917 0.08305901
v 0.23974553 -0.02487279 0.07906257
v 0.23327915 -0.02886924 0.08458552
v 0.23979074 -0.01580629 0.08040637
v 0.23306850 -0.01996086 0.08297403
v 0.23727559 -0.01346654 0.08305901
v 0.23974553 -0.01993292 0.07906257
v 0.23327915 -0.01593648 0.08458552
v 0.23574908 -0.02240286 0.08058907
v 0.23319417 -0.01172938 0.09596383
v 0.23062650 -0.01845162 0.10011840
v 0.23480565 -0.01194003 0.09998822
v 0.23080921 -0.01440997 0.09352184
v 0.23319417 -0.03307633 0.09596383
v 0.23062650 -0.02635409 0.10011840
v 0.23480565 -0.03286568 0.09998822
v 0.23080921 -0.03039574 0.09352184
v 0.23979074 -0.02899943 0.10663731
v 0.23306850 -0.02484485 0.10406964
v 0.23727559 -0.03133917 0.10398466
v 0.23974553 -0.02487279 0.10798110
v 0.23327915 -0.02886924 0.10245815
v 0.23979074 -0.01580629 0.10663731
v 0.23306850 -0.01996086 0.10406964
v 0.23727559 -0.01346654 0.10398466
v 0.23974553 -0.01993292 0.10798110
v 0.23327915 -0.01593648 0.10245815
v 0.23574908 -0.02240286 0.10645460
v 0.22911726 -0.02240286 0.08936726
v 0.22911726 -0.02240286 0.09767641
v 0.22928270 -0.01840641 0.09105190
v 0.22928270 -0.02639930 0.09105190
v 0.22928270 -0.01840641 0.09599177
v 0.22928270 -0.02639930 0.09599177
v 0.37913554 -0.01042331 0.03127701
v 0.39725523 -0.04716770 0.09527094
v 0.39278833 -0.02092280 0.02138260
v 0.41090802 -0.05766720 0.08537654
v 0.41207826 -0.01854815 0.01728421
v 0.43019795 -0.05529255 0.08127814
v 0.42570556 -0.00469040 0.02138260
v 0.44382524 -0.04143479 0.08537654
v 0.42568752 0.01253278 0.03127701
v 0.44380721 -0.02421162 0.09527094
v 0.41203473 0.02303227 0.04117141
v 0.43015442 -0.01371212 0.10516535
v 0.39274480 0.02065762 0.04526981
v 0.41086449 -0.01608677 0.10926374
v 0.37911751 0.00679986 0.04117141
v 0.39723719 -0.02994453 0.10516535
v 0.40241153 0.00105473 0.03127701
v 0.42053122 -0.03568966 0.09527094
v 0.39789895 -0.03754495 0.09527094
v 0.40797608 -0.16047405 0.03558815
v 0.40395637 -0.03003094 0.08081705
v 0.41403351 -0.15296004 0.02113426
v 0.41972311 -0.02583174 0.07483005
v 0.42980025 -0.14876084 0.01514726
v 0.43596323 -0.02740717 0.08081705
v 0.44604037 -0.15033627 0.02113426
v 0.44316349 -0.03383438 0.09527094
v 0.45324062 -0.15676348 0.03558815
v 0.43710607 -0.04134838 0.10972484
v 0.44718320 -0.16427748 0.05004205
v 0.42133932 -0.04554759 0.11571183
v 0.43141646 -0.16847669 0.05602904
v 0.40509920 -0.04397215 0.10972484
v 0.41517634 -0.16690125 0.05004205
v 0.42053122 -0.03568966 0.09527094
v 0.43060835 -0.15861876 0.03558815
v 0.38706216 0.02589054 0.03127701
v 0.41776090 0.02589054 0.03127701
v 0.38706216 -0.02378107 0.03127701
v 0.41776090 -0.02378107 0.03127701
v 0.40241153 -0.01429464 0.05611281
v 0.40241153 0.01640410 0.05611281
v 0.40241153 -0.01429464 0.00644120
v 0.40241153 0.01640410 0.00644120
v 0.42724734 0.00105473 0.01592764
v 0.42724734 0.00105473 0.04662638
v 0.37757573 0.00105473 0.01592764
v 0.37757573 0.00105473 0.04662638
v 0.40241153 0.03025097 0.03127701
v 0.40241153 -0.02814151 0.03127701
v 0.39338940 -0.02256552 0.04587513
v 0.41143366 -0.02256552 0.04587513
v 0.39338940 0.02467499 0.04587513
v 0.41143366 0.02467499 0.04587513
v 0.40241153 0.00105473 0.06047325
v 0.39338940 -0.02256552 0.01667889
v 0.41143366 -0.02256552 0.01667889
v 0.39338940 0.02467499 0.01667889
v 0.41143366 0.02467499 0.01667889
v 0.40241153 0.00105473 0.00208077
v 0.42603178 0.01565285 0.02225487
v 0.42603178 -0.01354339 0.02225487
v 0.41700965 -0.00796740 0.00765675
v 0.41700965 0.01007687 0.00765675
v 0.42603178 0.01565285 0.04029914
v 0.42603178 -0.01354339 0.04029914
v 0.41700965 -0.00796740 0.05489726
v 0.41700965 0.01007687 0.05489726
v 0.43160777 0.00105473 0.03127701
v 0.37879128 0.01565285 0.02225487
v 0.37879128 -0.01354339 0.02225487
v 0.38781341 -0.00796740 0.00765675
v 0.38781341 0.01007687 0.00765675
v 0.37879128 0.01565285 0.04029914
v 0.37879128 -0.01354339 0.04029914
v 0.38781341 -0.00796740 0.05489726
v 0.38781341 0.01007687 0.05489726
v 0.37321529 0.00105473 0.03127701
v 0.39443318 0.02913971 0.03127701
v 0.41038989 0.02913971 0.03127701
v 0.39443318 -0.02703025 0.03127701
v 0.41038989 -0.02703025 0.03127701
v 0.38974362 -0.02413194 0.03886487
v 0.39772197 -0.01920105 0.05177412
v 0.39766831 -0.02671254 0.03895169
v 0.41507945 -0.02413194 0.03886487
v 0.40710109 -0.01920105 0.05177412
v 0.40715475 -0.02671254 0.03895169
v 0.40241153 -0.02378107 0.04662638
v 0.38974362 0.02624141 0.03886487
v 0.39772197 0.02131051 0.05177412
v 0.39766831 0.02882201 0.03895169
v 0.41507945 0.02624141 0.03886487
v 0.40710109 0.02131051 0.05177412
v 0.40715475 0.02882201 0.03895169
v 0.40241153 0.02589054 0.04662638
v 0.40241153 -0.00692362 0.05936199
v 0.40241153 0.00903309 0.05936199
v 0.38974362 -0.02413194 0.02368914
v 0.39772197 -0.01920105 0.01077989
v 0.39766831 -0.02671254 0.02360232
v 0.41507945 -0.02413194 0.02368914
v 0.40710109 -0.01920105 0.01077989
v 0.40715475 -0.02671254 0.02360232
v 0.40241153 -0.02378107 0.01592764
v 0.38974362 0.02624141 0.02368914
v 0.39772197 0.02131051 0.01077989
v 0.39766831 0.02882201 0.02360232
v 0.41507945 0.02624141 0.02368914
v 0.40710109 0.02131051 0.01077989
v 0.40715475 0.02882201 0.02360232
v 0.40241153 0.02589054 0.01592764
v 0.40241153 -0.00692362 0.00319202
v 0.40241153 0.00903309 0.00319202
v 0.42266731 0.02155185 0.02658745
v 0.42759821 0.00864260 0.01860909
v 0.41957265 0.02114732 0.01885910
v 0.42266731 -0.01944238 0.02658745
v 0.42759821 -0.00653313 0.01860909
v 0.41957265 -0.01903786 0.01885910
v 0.40999940 -0.01161318 0.00609033
v 0.42290865 -0.00363483 0.01102123
v 0.41482943 -0.01610639 0.01118442
v 0.41008622 -0.00368848 0.00350973
v 0.42250412 -0.01136317 0.01411589
v 0.40999940 0.01372265 0.00609033
v 0.42290865 0.00574429 0.01102123
v 0.41482943 0.01821585 0.01118442
v 0.41008622 0.00579795 0.00350973
v 0.42250412 0.01347263 0.01411589
v 0.41776090 0.00105473 0.00644120
v 0.42266731 0.02155185 0.03596657
v 0.42759821 0.00864260 0.04394492
v 0.41957265 0.02114732 0.04369491
v 0.42724734 0.01640410 0.03127701
v 0.42266731 -0.01944238 0.03596657
v 0.42759821 -0.00653313 0.04394492
v 0.41957265 -0.01903786 0.04369491
v 0.42724734 -0.01429464 0.03127701
v 0.40999940 -0.01161318 0.05646368
v 0.42290865 -0.00363483 0.05153279
v 0.41482943 -0.01610639 0.05136960
v 0.41008622 -0.00368848 0.05904428
v 0.42250412 -0.01136317 0.04843813
v 0.40999940 0.01372265 0.05646368
v 0.42290865 0.00574429 0.05153279
v 0.41482943 0.01821585 0.05136960
v 0.41008622 0.00579795 0.05904428
v 0.42250412 0.01347263 0.04843813
v 0.41776090 0.00105473 0.05611281
v 0.43049651 0.00105473 0.02329865
v 0.43049651 0.00105473 0.03925536
v 0.43017880 0.00872942 0.02653379
v 0.43017880 -0.00661995 0.02653379
v 0.43017880 0.00872942 0.03602022
v 0.43017880 -0.00661995 0.03602022
v 0.38215575 0.02155185 0.02658745
v 0.37722486 0.00864260 0.01860909
v 0.38525041 0.02114732 0.01885910
v 0.38215575 -0.01944238 0.02658745
v 0.37722486 -0.00653313 0.01860909
v 0.38525041 -0.01903786 0.01885910
v 0.39482366 -0.01161318 0.00609033
v 0.38191441 -0.00363483 0.01102123
v 0.38999363 -0.01610639 0.01118442
v 0.39473684 -0.00368848 0.00350973
v 0.38231894 -0.01136317 0.01411589
v 0.39482366 0.01372265 0.00609033
v 0.38191441 0.00574429 0.01102123
v 0.38999363 0.01821585 0.01118442
v 0.39473684 0.00579795 0.00350973
v 0.38231894 0.01347263 0.01411589
v 0.38706216 0.00105473 0.00644120
v 0.38215575 0.02155185 0.03596657
v 0.37722486 0.00864260 0.04394492
v 0.38525041 0.02114732 0.04369491
v 0.37757573 0.01640410 0.03127701
v 0.38215575 -0.01944238 0.03596657
v 0.37722486 -0.00653313 0.04394492
v 0.38525041 -0.01903786 0.04369491
v 0.37757573 -0.01429464 0.03127701
v 0.39482366 -0.01161318 0.05646368
v 0.38191441 -0.00363483 0.05153279
v 0.38999363 -0.01610639 0.05136960
v 0.39473684 -0.00368848 0.05904428
v 0.38231894 -0.01136317 0.04843813
v 0.39482366 0.01372265 0.05646368
v 0.38191441 0.00574429 0.05153279
v 0.38999363 0.01821585 0.05136960
v 0.39473684 0.00579795 0.05904428
v 0.38231894 0.01347263 0.04843813
v 0.38706216 0.00105473 0.05611281
v 0.37432655 0.00105473 0.02329865
v 0.37432655 0.00105473 0.03925536
v 0.37464426 0.00872942 0.02653379
v 0.37464426 -0.00661995 0.02653379
v 0.37464426 0.00872942 0.03602022
v 0.37464426 -0.00661995 0.03602022
v 0.40518185 -0.01085386 0.09527094
v 0.43588059 -0.01085386 0.09527094
v 0.40518185 -0.06052547 0.09527094
v 0.43588059 -0.06052547 0.09527094
v 0.42053122 -0.05103903 0.12010675
v 0.42053122 -0.02034029 0.12010675
v 0.42053122 -0.05103903 0.07043514
v 0.42053122 -0.02034029 0.07043514
v 0.44536702 -0.03568966 0.07992157
v 0.44536702 -0.03568966 0.11062031
v 0.39569541 -0.03568966 0.07992157
v 0.39569541 -0.03568966 0.11062031
v 0.42053122 -0.00649342 0.09527094
v 0.42053122 -0.06488590 0.09527094
v 0.41150908 -0.05930991 0.10986906
v 0.42955335 -0.05930991 0.10986906
v 0.41150908 -0.01206941 0.10986906
v 0.42955335 -0.01206941 0.10986906
v 0.42053122 -0.03568966 0.12446718
v 0.41150908 -0.05930991 0.08067282
v 0.42955335 -0.05930991 0.08067282
v 0.41150908 -0.01206941 0.08067282
v 0.42955335 -0.01206941 0.08067282
v 0.42053122 -0.03568966 0.06607470
v 0.44415147 -0.02109154 0.08624881
v 0.44415147 -0.05028778 0.08624881
v 0.43512934 -0.04471179 0.07165069
v 0.43512934 -0.02666753 0.07165069
v 0.44415147 -0.02109154 0.10429308
v 0.44415147 -0.05028778 0.10429308
v 0.43512934 -0.04471179 0.11889120
v 0.43512934 -0.02666753 0.11889120
v 0.44972746 -0.03568966 0.09527094
v 0.39691097 -0.02109154 0.08624881
v 0.39691097 -0.05028778 0.08624881
v 0.40593310 -0.04471179 0.07165069
v 0.40593310 -0.02666753 0.07165069
v 0.39691097 -0.02109154 0.10429308
v 0.39691097 -0.05028778 0.10429308
v 0.40593310 -0.04471179 0.11889120
v 0.40593310 -0.02666753 0.11889120
v 0.39133498 -0.03568966 0.09527094
v 0.41255286 -0.00760468 0.09527094
v 0.42850957 -0.00760468 0.09527094
v 0.41255286 -0.06377464 0.09527094
v 0.42850957 -0.06377464 0.09527094
v 0.40786330 -0.06087634 0.10285881
v 0.41584166 -0.05594544 0.11576806
v 0.41578800 -0.06345693 0.10294563
v 0.43319913 -0.06087634 0.10285881
v 0.42522078 -0.05594544 0.11576806
v 0.42527444 -0.06345693 0.10294563
v 0.42053122 -0.06052547 0.11062031
v 0.40786330 -0.01050299 0.10285881
v 0.41584166 -0.01543388 0.11576806
v 0.41578800 -0.00792239 0.10294563
v 0.43319913 -0.01050299 0.10285881
v 0.42522078 -0.01543388 0.11576806
v 0.42527444 -0.00792239 0.10294563
v 0.42053122 -0.01085386 0.11062031
v 0.42053122 -0.04366802 0.12335593
v 0.42053122 -0.02771131 0.12335593
v 0.40786330 -0.06087634 0.08768308
v 0.41584166 -0.05594544 0.07477383
v 0.41578800 -0.06345693 0.08759626
v 0.43319913 -0.06087634 0.08768308
v 0.42522078 -0.05594544 0.07477383
v 0.42527444 -0.06345693 0.08759626
v 0.42053122 -0.06052547 0.07992157
v 0.40786330 -0.01050299 0.08768308
v 0.41584166 -0.01543388 0.07477383
v 0.41578800 -0.00792239 0.08759626
v 0.43319913 -0.01050299 0.08768308
v 0.42522078 -0.01543388 0.07477383
v 0.42527444 -0.00792239 0.08759626
v 0.42053122 -0.01085386 0.07992157
v 0.42053122 -0.04366802 0.06718596
v 0.42053122 -0.02771131 0.06718596
v 0.44078700 -0.01519254 0.09058138
v 0.44571789 -0.02810179 0.08260303
v 0.43769234 -0.01559707 0.08285304
v 0.44078700 -0.05618678 0.09058138
v 0.44571789 -0.04327753 0.08260303
v 0.43769234 -0.05578225 0.08285304
v 0.42811909 -0.04835758 0.07008427
v 0.44102834 -0.04037922 0.07501516
v 0.43294912 -0.05285078 0.07517836
v 0.42820590 -0.04043288 0.06750367
v 0.44062381 -0.04810756 0.07810982
v 0.42811909 -0.02302175 0.07008427
v 0.44102834 -0.03100010 0.07501516
v 0.43294912 -0.01852854 0.07517836
v 0.42820590 -0.03094644 0.06750367
v 0.44062381 -0.02327176 0.07810982
v 0.43588059 -0.03568966 0.07043514
v 0.44078700 -0.01519254 0.09996050
v 0.44571789 -0.02810179 0.10793886
v 0.43769234 -0.01559707 0.10768885
v 0.44536702 -0.02034029 0.09527094
v 0.44078700 -0.05618678 0.09996050
v 0.44571789 -0.04327753 0.10793886
v 0.43769234 -0.05578225 0.10768885
v 0.44536702 -0.05103903 0.09527094
v 0.42811909 -0.04835758 0.12045762
v 0.44102834 -0.04037922 0.11552672
v 0.43294912 -0.05285078 0.11536353
v 0.42820590 -0.04043288 0.12303822
v 0.44062381 -0.04810756 0.11243206
v 0.42811909 -0.02302175 0.12045762
v 0.44102834 -0.03100010 0.11552672
v 0.43294912 -0.01852854 0.11536353
v 0.42820590 -0.03094644 0.12303822
v 0.44062381 -0.02327176 0.11243206
v 0.43588059 -0.03568966 0.12010675
v 0.44861620 -0.03568966 0.08729259
v 0.44861620 -0.03568966 0.10324930
v 0.44829849 -0.02801498 0.09052773
v 0.44829849 -0.04336435 0.09052773
v 0.44829849 -0.02801498 0.10001416
v 0.44829849 -0.04336435 0.10001416
v 0.40027544 -0.01519254 0.09058138
v 0.39534454 -0.02810179 0.08260303
v 0.40337010 -0.01559707 0.08285304
v 0.40027544 -0.05618678 0.09058138
v 0.39534454 -0.04327753 0.08260303
v 0.40337010 -0.05578225 0.08285304
v 0.41294335 -0.04835758 0.07008427
v 0.40003410 -0.04037922 0.07501516
v 0.40811332 -0.05285078 0.07517836
v 0.41285653 -0.04043288 0.06750367
v 0.40043863 -0.04810756 0.07810982
v 0.41294335 -0.02302175 0.07008427
v 0.40003410 -0.03100010 0.07501516
v 0.40811332 -0.01852854 0.07517836
v 0.41285653 -0.03094644 0.06750367
v 0.40043863 -0.02327176 0.07810982
v 0.40518185 -0.03568966 0.07043514
v 0.40027544 -0.01519254 0.09996050
v 0.39534454 -0.02810179 0.10793886
v 0.40337010 -0.01559707 0.10768885
v 0.39569541 -0.02034029 0.09527094
v 0.40027544 -0.05618678 0.09996050
v 0.39534454 -0.04327753 0.10793886
v 0.40337010 -0.05578225 0.10768885
v 0.39569541 -0.05103903 0.09527094
v 0.41294335 -0.04835758 0.12045762
v 0.40003410 -0.04037922 0.11552672
v 0.40811332 -0.05285078 0.11536353
v 0.41285653 -0.04043288 0.12303822
v 0.40043863 -0.04810756 0.11243206
v 0.41294335 -0.02302175 0.12045762
v 0.40003410 -0.03100010 0.11552672
v 0.40811332 -0.01852854 0.11536353
v 0.41285653 -0.03094644 0.12303822
v 0.40043863 -0.02327176 0.11243206
v 0.40518185 -0.03568966 0.12010675
v 0.39244624 -0.03568966 0.08729259
v 0.39244624 -0.03568966 0.10324930
v 0.39276395 -0.02801498 0.09052773
v 0.39276395 -0.04336435 0.09052773
v 0.39276395 -0.02801498 0.10001416
v 0.39276395 -0.04336435 0.10001416
v 0.41696447 -0.13654249 0.03558815
v 0.44425224 -0.13654249 0.03558815
v 0.41696447 -0.18069503 0.03558815
v 0.44425224 -0.18069503 0.03558815
v 0.43060835 -0.17226265 0.05766443
v 0.43060835 -0.14497488 0.05766443
v 0.43060835 -0.17226265 0.01351188
v 0.43060835 -0.14497488 0.01351188
v 0.45268463 -0.15861876 0.02194427
v 0.45268463 -0.15861876 0.04923204
v 0.40853208 -0.15861876 0.02194427
v 0.40853208 -0.15861876 0.04923204
v 0.43060835 -0.13266655 0.03558815
v 0.43060835 -0.18457097 0.03558815
v 0.42258868 -0.17961454 0.04856426
v 0.43862803 -0.17961454 0.04856426
v 0.42258868 -0.13762298 0.04856426
v 0.43862803 -0.13762298 0.04856426
v 0.43060835 -0.15861876 0.06154037
v 0.42258868 -0.17961454 0.02261205
v 0.43862803 -0.17961454 0.02261205
v 0.42258868 -0.13762298 0.02261205
v 0.43862803 -0.13762298 0.02261205
v 0.43060835 -0.15861876 0.00963594
v 0.45160414 -0.14564265 0.02756848
v 0.45160414 -0.17159487 0.02756848
v 0.44358446 -0.16663844 0.01459237
v 0.44358446 -0.15059909 0.01459237
v 0.45160414 -0.14564265 0.04360783
v 0.45160414 -0.17159487 0.04360783
v 0.44358446 -0.16663844 0.05658394
v 0.44358446 -0.15059909 0.05658394
v 0.45656057 -0.15861876 0.03558815
v 0.40961257 -0.14564265 0.02756848
v 0.40961257 -0.17159487 0.02756848
v 0.41763225 -0.16663844 0.01459237
v 0.41763225 -0.15059909 0.01459237
v 0.40961257 -0.14564265 0.04360783
v 0.40961257 -0.17159487 0.04360783
v 0.41763225 -0.16663844 0.05658394
v 0.41763225 -0.15059909 0.05658394
v 0.40465614 -0.15861876 0.03558815
v 0.42351648 -0.13365433 0.03558815
v 0.43770023 -0.13365433 0.03558815
v 0.42351648 -0.18358319 0.03558815
v 0.43770023 -0.18358319 0.03558815
v 0.41934799 -0.18100692 0.04233292
v 0.42643986 -0.17662390 0.05380781
v 0.42639216 -0.18330078 0.04241010
v 0.44186872 -0.18100692 0.04233292
v 0.43477685 -0.17662390 0.05380781
v 0.43482455 -0.18330078 0.04241010
v 0.43060835 -0.18069503 0.04923204
v 0.41934799 -0.13623061 0.04233292
v 0.42643986 -0.14061362 0.05380781
v 0.42639216 -0.13393674 0.04241010
v 0.44186872 -0.13623061 0.04233292
v 0.43477685 -0.14061362 0.05380781
v 0.43482455 -0.13393674 0.04241010
v 0.43060835 -0.13654249 0.04923204
v 0.43060835 -0.16571063 0.06055258
v 0.43060835 -0.15152689 0.06055258
v 0.41934799 -0.18100692 0.02884338
v 0.42643986 -0.17662390 0.01736850
v 0.42639216 -0.18330078 0.02876621
v 0.44186872 -0.18100692 0.02884338
v 0.43477685 -0.17662390 0.01736850
v 0.43482455 -0.18330078 0.02876621
v 0.43060835 -0.18069503 0.02194427
v 0.41934799 -0.13623061 0.02884338
v 0.42643986 -0.14061362 0.01736850
v 0.42639216 -0.13393674 0.02876621
v 0.44186872 -0.13623061 0.02884338
v 0.43477685 -0.14061362 0.01736850
v 0.43482455 -0.13393674 0.02876621
v 0.43060835 -0.13654249 0.02194427
v 0.43060835 -0.16571063 0.01062373
v 0.43060835 -0.15152689 0.01062373
v 0.44861349 -0.14039910 0.03141966
v 0.45299651 -0.15187399 0.02432779
v 0.44586268 -0.14075868 0.02455002
v 0.44861349 -0.17683842 0.03141966
v 0.45299651 -0.16536353 0.02432779
v 0.44586268 -0.17647884 0.02455002
v 0.43735312 -0.16987913 0.01320000
v 0.44882801 -0.16278726 0.01758302
v 0.44164649 -0.17387309 0.01772808
v 0.43743030 -0.16283495 0.01090613
v 0.44846843 -0.16965690 0.02033383
v 0.43735312 -0.14735839 0.01320000
v 0.44882801 -0.15445026 0.01758302
v 0.44164649 -0.14336443 0.01772808
v 0.43743030 -0.15440257 0.01090613
v 0.44846843 -0.14758063 0.02033383
v 0.44425224 -0.15861876 0.01351188
v 0.44861349 -0.14039910 0.03975665
v 0.45299651 -0.15187399 0.04684852
v 0.44586268 -0.14075868 0.04662629
v 0.45268463 -0.14497488 0.03558815
v 0.44861349 -0.17683842 0.03975665
v 0.45299651 -0.16536353 0.04684852
v 0.44586268 -0.17647884 0.04662629
v 0.45268463 -0.17226265 0.03558815
v 0.43735312 -0.16987913 0.05797631
v 0.44882801 -0.16278726 0.05359329
v 0.44164649 -0.17387309 0.05344823
v 0.43743030 -0.16283495 0.06027018
v 0.44846843 -0.16965690 0.05084248
v 0.43735312 -0.14735839 0.05797631
v 0.44882801 -0.15445026 0.05359329
v 0.44164649 -0.14336443 0.05344823
v 0.43743030 -0.15440257 0.06027018
v 0.44846843 -0.14758063 0.05084248
v 0.44425224 -0.15861876 0.05766443
v 0.45557278 -0.15861876 0.02849628
v 0.45557278 -0.15861876 0.04268003
v 0.45529038 -0.15179682 0.03137196
v 0.45529038 -0.16544070 0.03137196
v 0.45529038 -0.15179682 0.03980435
v 0.45529038 -0.16544070 0.03980435
v 0.41260322 -0.14039910 0.03141966
v 0.40822020 -0.15187399 0.02432779
v 0.41535403 -0.14075868 0.02455002
v 0.41260322 -0.17683842 0.03141966
v 0.40822020 -0.16536353 0.02432779
v 0.41535403 -0.17647884 0.02455002
v 0.42386358 -0.16987913 0.01320000
v 0.41238870 -0.16278726 0.01758302
v 0.41957022 -0.17387309 0.01772808
v 0.42378641 -0.16283495 0.01090613
v 0.41274828 -0.16965690 0.02033383
v 0.42386358 -0.14735839 0.01320000
v 0.41238870 -0.15445026 0.01758302
v 0.41957022 -0.14336443 0.01772808
v 0.42378641 -0.15440257 0.01090613
v 0.41274828 -0.14758063 0.02033383
v 0.41696447 -0.15861876 0.01351188
v 0.41260322 -0.14039910 0.03975665
v 0.40822020 -0.15187399 0.04684852
v 0.41535403 -0.14075868 0.04662629
v 0.40853208 -0.14497488 0.03558815
v 0.41260322 -0.17683842 0.03975665
v 0.40822020 -0.16536353 0.04684852
v 0.41535403 -0.17647884 0.04662629
v 0.40853208 -0.17226265 0.03558815
v 0.42386358 -0.16987913 0.05797631
v 0.41238870 -0.16278726 0.05359329
v 0.41957022 -0.17387309 0.05344823
v 0.42378641 -0.16283495 0.06027018
v 0.41274828 -0.16965690 0.05084248
v 0.42386358 -0.14735839 0.05797631
v 0.41238870 -0.15445026 0.05359329
v 0.41957022 -0.14336443 0.05344823
v 0.42378641 -0.15440257 0.06027018
v 0.41274828 -0.14758063 0.05084248
v 0.41696447 -0.15861876 0.05766443
v 0.40564393 -0.15861876 0.02849628
v 0.40564393 -0.15861876 0.04268003
v 0.40592633 -0.15179682 0.03137196
v 0.40592633 -0.16544070 0.03137196
v 0.40592633 -0.15179682 0.03980435
v 0.40592633 -0.16544070 0.03980435
v 0.24129341 0.02039709 0.02725430
v 0.22295141 -0.00975607 0.09352184
v 0.23948985 0.00371735 0.01916546
v 0.22114785 -0.02643581 0.08543299
v 0.25092162 -0.01059993 0.01581495
v 0.23257962 -0.04075310 0.08208248
v 0.26889214 -0.01416790 0.01916546
v 0.25055014 -0.04432106 0.08543299
v 0.28287453 -0.00489647 0.02725430
v 0.26453253 -0.03504964 0.09352184
v 0.28467809 0.01178327 0.03534315
v 0.26633609 -0.01836990 0.10161068
v 0.27324632 0.02610056 0.03869366
v 0.25490432 -0.00405261 0.10496119
v 0.25527580 0.02966852 0.03534315
v 0.23693380 -0.00048465 0.10161068
v 0.26208397 0.00775031 0.02725430
v 0.24374197 -0.02240286 0.09352184
v 0.22253383 -0.02050307 0.09352184
v 0.21191244 -0.13907450 0.01404525
v 0.22949144 -0.01273284 0.08099956
v 0.21887004 -0.13130427 0.00152298
v 0.24479681 -0.01062716 0.07581266
v 0.23417542 -0.12919860 -0.00366392
v 0.25948427 -0.01541953 0.08099956
v 0.24886288 -0.13399096 0.00152298
v 0.26495011 -0.02430264 0.09352184
v 0.25432871 -0.14287407 0.01404525
v 0.25799250 -0.03207288 0.10604411
v 0.24737111 -0.15064431 0.02656753
v 0.24268713 -0.03417855 0.11123101
v 0.23206573 -0.15274998 0.03175442
v 0.22799966 -0.02938618 0.10604411
v 0.21737827 -0.14795761 0.02656753
v 0.24374197 -0.02240286 0.09352184
v 0.23312058 -0.14097429 0.01404525
v 0.24769114 0.03103840 0.02725430
v 0.27647680 0.03103840 0.02725430
v 0.24769114 -0.01553778 0.02725430
v 0.27647680 -0.01553778 0.02725430
v 0.26208397 -0.00664252 0.05054239
v 0.26208397 0.02214314 0.05054239
v 0.26208397 -0.00664252 0.00396622
v 0.26208397 0.02214314 0.00396622
v 0.28537206 0.00775031 0.01286147
v 0.28537206 0.00775031 0.04164713
v 0.23879588 0.00775031 0.01286147
v 0.23879588 0.00775031 0.04164713
v 0.26208397 0.03512710 0.02725430
v 0.26208397 -0.01962648 0.02725430
v 0.25362408 -0.01439798 0.04094270
v 0.27054387 -0.01439798 0.04094270
v 0.25362408 0.02989860 0.04094270
v 0.27054387 0.02989860 0.04094270
v 0.26208397 0.00775031 0.05463109
v 0.25362408 -0.01439798 0.01356591
v 0.27054387 -0.01439798 0.01356591
v 0.25362408 0.02989860 0.01356591
v 0.27054387 0.02989860 0.01356591
v 0.26208397 0.00775031 -0.00012248
v 0.28423226 0.02143871 0.01879441
v 0.28423226 -0.00593808 0.01879441
v 0.27577237 -0.00070958 0.00510602
v 0.27577237 0.01621020 0.00510602
v 0.28423226 0.02143871 0.03571420
v 0.28423226 -0.00593808 0.03571420
v 0.27577237 -0.00070958 0.04940259
v 0.27577237 0.01621020 0.04940259
v 0.28946076 0.00775031 0.02725430
v 0.23993568 0.02143871 0.01879441
v 0.23993568 -0.00593808 0.01879441
v 0.24839558 -0.00070958 0.00510602
v 0.24839558 0.01621020 0.00510602
v 0.23993568 0.02143871 0.03571420
v 0.23993568 -0.00593808 0.03571420
v 0.24839558 -0.00070958 0.04940259
v 0.24839558 0.01621020 0.04940259
v 0.23470718 0.00775031 0.02725430
v 0.25460281 0.03408509 0.02725430
v 0.26956513 0.03408509 0.02725430
v 0.25460281 -0.01858447 0.02725430
v 0.26956513 -0.01858447 0.02725430
v 0.25020550 -0.01586678 0.03436931
v 0.25768666 -0.01124317 0.04647408
v 0.25763634 -0.01828656 0.03445072
v 0.27396245 -0.01586678 0.03436931
v 0.26648129 -0.01124317 0.04647408
v 0.26653160 -0.01828656 0.03445072
v 0.26208397 -0.01553778 0.04164713
v 0.25020550 0.03136740 0.03436931
v 0.25768666 0.02674379 0.04647408
v 0.25763634 0.03378718 0.03445072
v 0.27396245 0.03136740 0.03436931
v 0.26648129 0.02674379 0.04647408
v 0.26653160 0.03378718 0.03445072
v 0.26208397 0.03103840 0.04164713
v 0.26208397 0.00026915 0.05358909
v 0.26208397 0.01523147 0.05358909
v 0.25020550 -0.01586678 0.02013930
v 0.25768666 -0.01124317 0.00803453
v 0.25763634 -0.01828656 0.02005789
v 0.27396245 -0.01586678 0.02013930
v 0.26648129 -0.01124317 0.00803453
v 0.26653160 -0.01828656 0.02005789
v 0.26208397 -0.01553778 0.01286147
v 0.25020550 0.03136740 0.02013930
v 0.25768666 0.02674379 0.00803453
v 0.25763634 0.03378718 0.02005789
v 0.27396245 0.03136740 0.02013930
v 0.26648129 0.02674379 0.00803453
v 0.26653160 0.03378718 0.02005789
v 0.26208397 0.03103840 0.01286147
v 0.26208397 0.00026915 0.00091952
v 0.26208397 0.01523147 0.00091952
v 0.28107745 0.02697009 0.02285699
v 0.28570106 0.01486532 0.01537583
v 0.27817564 0.02659077 0.01561026
v 0.28107745 -0.01146947 0.02285699
v 0.28570106 0.00063531 0.01537583
v 0.27817564 -0.01109015 0.01561026
v 0.26919898 -0.00412816 0.00363721
v 0.28130375 0.00335300 0.00826082
v 0.27372802 -0.00834136 0.00841385
v 0.26928039 0.00330268 0.00121743
v 0.28092443 -0.00389373 0.01116263
v 0.26919898 0.01962879 0.00363721
v 0.28130375 0.01214763 0.00826082
v 0.27372802 0.02384198 0.00841385
v 0.26928039 0.01219794 0.00121743
v 0.28092443 0.01939436 0.01116263
v 0.27647680 0.00775031 0.00396622
v 0.28107745 0.02697009 0.03165162
v 0.28570106 0.01486532 0.03913278
v 0.27817564 0.02659077 0.03889835
v 0.28537206 0.02214314 0.02725430
v 0.28107745 -0.01146947 0.03165162
v 0.28570106 0.00063531 0.03913278
v 0.27817564 -0.01109015 0.03889835
v 0.28537206 -0.00664252 0.02725430
v 0.26919898 -0.00412816 0.05087140
v 0.28130375 0.00335300 0.04624779
v 0.27372802 -0.00834136 0.04609476
v 0.26928039 0.00330268 0.05329118
v 0.28092443 -0.00389373 0.04334598
v 0.26919898 0.01962879 0.05087140
v 0.28130375 0.01214763 0.04624779
v 0.27372802 0.02384198 0.04609476
v 0.26928039 0.01219794 0.05329118
v 0.28092443 0.01939436 0.04334598
v 0.27647680 0.00775031 0.05054239
v 0.28841876 0.00775031 0.01977314
v 0.28841876 0.00775031 0.03473546
v 0.28812085 0.01494673 0.02280668
v 0.28812085 0.00055390 0.02280668
v 0.28812085 0.01494673 0.03170193
v 0.28812085 0.00055390 0.03170193
v 0.24309049 0.02697009 0.02285699
v 0.23846688 0.01486532 0.01537583
v 0.24599230 0.02659077 0.01561026
v 0.24309049 -0.01146947 0.02285699
v 0.23846688 0.00063531 0.01537583
v 0.24599230 -0.01109015 0.01561026
v 0.25496897 -0.00412816 0.00363721
v 0.24286419 0.00335300 0.00826082
v 0.25043993 -0.00834136 0.00841385
v 0.25488756 0.00330268 0.00121743
v 0.24324351 -0.00389373 0.01116263
v 0.25496897 0.01962879 0.00363721
v 0.24286419 0.01214763 0.00826082
v 0.25043993 0.02384198 0.00841385
v 0.25488756 0.01219794 0.00121743
v 0.24324351 0.01939436 0.01116263
v 0.24769114 0.00775031 0.00396622
v 0.24309049 0.02697009 0.03165162
v 0.23846688 0.01486532 0.03913278
v 0.24599230 0.02659077 0.03889835
v 0.23879588 0.02214314 0.02725430
v 0.24309049 -0.01146947 0.03165162
v 0.23846688 0.00063531 0.03913278
v 0.24599230 -0.01109015 0.03889835
v 0.23879588 -0.00664252 0.02725430
v 0.25496897 -0.00412816 0.05087140
v 0.24286419 0.00335300 0.04624779
v 0.25043993 -0.00834136 0.04609476
v 0.25488756 0.00330268 0.05329118
v 0.24324351 -0.00389373 0.04334598
v 0.25496897 0.01962879 0.05087140
v 0.24286419 0.01214763 0.04624779
v 0.25043993 0.02384198 0.04609476
v 0.25488756 0.01219794 0.05329118
v 0.24324351 0.01939436 0.04334598
v 0.24769114 0.00775031 0.05054239
v 0.23574919 0.00775031 0.01977314
v 0.23574919 0.00775031 0.03473546
v 0.23604710 0.01494673 0.02280668
v 0.23604710 0.00055390 0.02280668
v 0.23604710 0.01494673 0.03170193
v 0.23604710 0.00055390 0.03170193
v 0.22934914 0.00088523 0.09352184
v 0.25813480 0.00088523 0.09352184
v 0.22934914 -0.04569094 0.09352184
v 0.25813480 -0.04569094 0.09352184
v 0.24374197 -0.03679569 0.11680992
v 0.24374197 -0.00801003 0.11680992
v 0.24374197 -0.03679569 0.07023375
v 0.24374197 -0.00801003 0.07023375
v 0.26703006 -0.02240286 0.07912901
v 0.26703006 -0.02240286 0.10791467
v 0.22045388 -0.02240286 0.07912901
v 0.22045388 -0.02240286 0.10791467
v 0.24374197 0.00497393 0.09352184
v 0.24374197 -0.04977964 0.09352184
v 0.23528208 -0.04455114 0.10721023
v 0.25220186 -0.04455114 0.10721023
v 0.23528208 -0.00025457 0.10721023
v 0.25220186 -0.00025457 0.10721023
v 0.24374197 -0.02240286 0.12089862
v 0.23528208 -0.04455114 0.07983344
v 0.25220186 -0.04455114 0.07983344
v 0.23528208 -0.00025457 0.07983344
v 0.25220186 -0.00025457 0.07983344
v 0.24374197 -0.02240286 0.06614505
v 0.26589026 -0.00871446 0.08506194
v 0.26589026 -0.03609125 0.08506194
v 0.25743036 -0.03086275 0.07137355
v 0.25743036 -0.01394296 0.07137355
v 0.26589026 -0.00871446 0.10198173
v 0.26589026 -0.03609125 0.10198173
v 0.25743036 -0.03086275 0.11567012
v 0.25743036 -0.01394296 0.11567012
v 0.27111876 -0.02240286 0.09352184
v 0.22159368 -0.00871446 0.08506194
v 0.22159368 -0.03609125 0.08506194
v 0.23005357 -0.03086275 0.07137355
v 0.23005357 -0.01394296 0.07137355
v 0.22159368 -0.00871446 0.10198173
v 0.22159368 -0.03609125 0.10198173
v 0.23005357 -0.03086275 0.11567012
v 0.23005357 -0.01394296 0.11567012
v 0.21636518 -0.02240286 0.09352184
v 0.23626081 0.00393193 0.09352184
v 0.25122313 0.00393193 0.09352184
v 0.23626081 -0.04873764 0.09352184
v 0.25122313 -0.04873764 0.09352184
v 0.23186349 -0.04601995 0.10063684
v 0.23934465 -0.04139634 0.11274161
v 0.23929434 -0.04843973 0.10071825
v 0.25562044 -0.04601995 0.10063684
v 0.24813928 -0.04139634 0.11274161
v 0.24818960 -0.04843973 0.10071825
v 0.24374197 -0.04569094 0.10791467
v 0.23186349 0.00121424 0.10063684
v 0.23934465 -0.00340937 0.11274161
v 0.23929434 0.00363402 0.10071825
v 0.25562044 0.00121424 0.10063684
v 0.24813928 -0.00340937 0.11274161
v 0.24818960 0.00363402 0.10071825
v 0.24374197 0.00088523 0.10791467
v 0.24374197 -0.02988402 0.11985662
v 0.24374197 -0.01492170 0.11985662
v 0.23186349 -0.04601995 0.08640683
v 0.23934465 -0.04139634 0.07430206
v 0.23929434 -0.04843973 0.08632542
v 0.25562044 -0.04601995 0.08640683
v 0.24813928 -0.04139634 0.07430206
v 0.24818960 -0.04843973 0.08632542
v 0.24374197 -0.04569094 0.07912901
v 0.23186349 0.00121424 0.08640683
v 0.23934465 -0.00340937 0.07430206
v 0.23929434 0.00363402 0.08632542
v 0.25562044 0.00121424 0.08640683
v 0.24813928 -0.00340937 0.07430206
v 0.24818960 0.00363402 0.08632542
v 0.24374197 0.00088523 0.07912901
v 0.24374197 -0.02988402 0.06718705
v 0.24374197 -0.01492170 0.06718705
v 0.26273545 -0.00318308 0.08912452
v 0.26735906 -0.01528785 0.08164336
v 0.25983364 -0.00356240 0.08187779
v 0.26273545 -0.04162263 0.08912452
v 0.26735906 -0.02951786 0.08164336
v 0.25983364 -0.04124331 0.08187779
v 0.25085697 -0.03428133 0.06990474
v 0.26296175 -0.02680017 0.07452835
v 0.25538601 -0.03849453 0.07468138
v 0.25093838 -0.02685048 0.06748496
v 0.26258243 -0.03404690 0.07743016
v 0.25085697 -0.01052438 0.06990474
v 0.26296175 -0.01800554 0.07452835
v 0.25538601 -0.00631118 0.07468138
v 0.25093838 -0.01795523 0.06748496
v 0.26258243 -0.01075881 0.07743016
v 0.25813480 -0.02240286 0.07023375
v 0.26273545 -0.00318308 0.09791915
v 0.26735906 -0.01528785 0.10540031
v 0.25983364 -0.00356240 0.10516588
v 0.26703006 -0.00801003 0.09352184
v 0.26273545 -0.04162263 0.09791915
v 0.26735906 -0.02951786 0.10540031
v 0.25983364 -0.04124331 0.10516588
v 0.26703006 -0.03679569 0.09352184
v 0.25085697 -0.03428133 0.11713893
v 0.26296175 -0.02680017 0.11251532
v 0.25538601 -0.03849453 0.11236229
v 0.25093838 -0.02685048 0.11955871
v 0.26258243 -0.03404690 0.10961351
v 0.25085697 -0.01052438 0.11713893
v 0.26296175 -0.01800554 0.11251532
v 0.25538601 -0.00631118 0.11236229
v 0.25093838 -0.01795523 0.11955871
v 0.26258243 -0.01075881 0.10961351
v 0.25813480 -0.02240286 0.11680992
v 0.27007675 -0.02240286 0.08604068
v 0.27007675 -0.02240286 0.10100300
v 0.26977884 -0.01520644 0.08907421
v 0.26977884 -0.02959927 0.08907421
v 0.26977884 -0.01520644 0.09796946
v 0.26977884 -0.02959927 0.09796946
v 0.22474849 -0.00318308 0.08912452
v 0.22012488 -0.01528785 0.08164336
v 0.22765030 -0.00356240 0.08187779
v 0.22474849 -0.04162263 0.08912452
v 0.22012488 -0.02951786 0.08164336
v 0.22765030 -0.04124331 0.08187779
v 0.23662696 -0.03428133 0.06990474
v 0.22452219 -0.02680017 0.07452835
v 0.23209792 -0.03849453 0.07468138
v 0.23654555 -0.02685048 0.06748496
v 0.22490151 -0.03404690 0.07743016
v 0.23662696 -0.01052438 0.06990474
v 0.22452219 -0.01800554 0.07452835
v 0.23209792 -0.00631118 0.07468138
v 0.23654555 -0.01795523 0.06748496
v 0.22490151 -0.01075881 0.07743016
v 0.22934914 -0.02240286 0.07023375
v 0.22474849 -0.00318308 0.09791915
v 0.22012488 -0.01528785 0.10540031
v 0.22765030 -0.00356240 0.10516588
v 0.22045388 -0.00801003 0.09352184
v 0.22474849 -0.04162263 0.09791915
v 0.22012488 -0.02951786 0.10540031
v 0.22765030 -0.04124331 0.10516588
v 0.22045388 -0.03679569 0.09352184
v 0.23662696 -0.03428133 0.11713893
v 0.22452219 -0.02680017 0.11251532
v 0.23209792 -0.03849453 0.11236229
v 0.23654555 -0.02685048 0.11955871
v 0.22490151 -0.03404690 0.10961351
v 0.23662696 -0.01052438 0.11713893
v 0.22452219 -0.01800554 0.11251532
v 0.23209792 -0.00631118 0.11236229
v 0.23654555 -0.01795523 0.11955871
v 0.22490151 -0.01075881 0.10961351
v 0.22934914 -0.02240286 0.11680992
v 0.21740719 -0.02240286 0.08604068
v 0.21740719 -0.02240286 0.10100300
v 0.21770510 -0.01520644 0.08907421
v 0.21770510 -0.02959927 0.08907421
v 0.21770510 -0.01520644 0.09796946
v 0.21770510 -0.02959927 0.09796946
v 0.22032695 -0.12027376 0.01404525
v 0.24591420 -0.12027376 0.01404525
v 0.22032695 -0.16167481 0.01404525
v 0.24591420 -0.16167481 0.01404525
v 0.23312058 -0.15376791 0.03474577
v 0.23312058 -0.12818066 0.03474577
v 0.23312058 -0.15376791 -0.00665527
v 0.23312058 -0.12818066 -0.00665527
v 0.25382110 -0.14097429 0.00125162
v 0.25382110 -0.14097429 0.02683888
v 0.21242005 -0.14097429 0.00125162
v 0.21242005 -0.14097429 0.02683888
v 0.23312058 -0.11663936 0.01404525
v 0.23312058 -0.16530921 0.01404525
v 0.22560067 -0.16066165 0.02621271
v 0.24064048 -0.16066165 0.02621271
v 0.22560067 -0.12128692 0.02621271
v 0.24064048 -0.12128692 0.02621271
v 0.23312058 -0.14097429 0.03838017
v 0.22560067 -0.16066165 0.00187779
v 0.24064048 -0.16066165 0.00187779
v 0.22560067 -0.12128692 0.00187779
v 0.24064048 -0.12128692 0.00187779
v 0.23312058 -0.14097429 -0.01028967
v 0.25280794 -0.12880682 0.00652535
v 0.25280794 -0.15314175 0.00652535
v 0.24528804 -0.14849419 -0.00564212
v 0.24528804 -0.13345438 -0.00564212
v 0.25280794 -0.12880682 0.02156516
v 0.25280794 -0.15314175 0.02156516
v 0.24528804 -0.14849419 0.03373262
v 0.24528804 -0.13345438 0.03373262
v 0.25745550 -0.14097429 0.01404525
v 0.21343321 -0.12880682 0.00652535
v 0.21343321 -0.15314175 0.00652535
v 0.22095311 -0.14849419 -0.00564212
v 0.22095311 -0.13345438 -0.00564212
v 0.21343321 -0.12880682 0.02156516
v 0.21343321 -0.15314175 0.02156516
v 0.22095311 -0.14849419 0.03373262
v 0.22095311 -0.13345438 0.03373262
v 0.20878565 -0.14097429 0.01404525
v 0.22647066 -0.11756559 0.01404525
v 0.23977050 -0.11756559 0.01404525
v 0.22647066 -0.16438298 0.01404525
v 0.23977050 -0.16438298 0.01404525
v 0.22256193 -0.16196726 0.02036970
v 0.22921185 -0.15785738 0.03112950
v 0.22916713 -0.16411817 0.02044206
v 0.24367922 -0.16196726 0.02036970
v 0.23702930 -0.15785738 0.03112950
v 0.23707402 -0.16411817 0.02044206
v 0.23312058 -0.16167481 0.02683888
v 0.22256193 -0.11998132 0.02036970
v 0.22921185 -0.12409119 0.03112950
v 0.22916713 -0.11783040 0.02044206
v 0.24367922 -0.11998132 0.02036970
v 0.23702930 -0.12409119 0.03112950
v 0.23707402 -0.11783040 0.02044206
v 0.23312058 -0.12027376 0.02683888
v 0.23312058 -0.14762421 0.03745395
v 0.23312058 -0.13432437 0.03745395
v 0.22256193 -0.16196726 0.00772080
v 0.22921185 -0.15785738 -0.00303900
v 0.22916713 -0.16411817 0.00764844
v 0.24367922 -0.16196726 0.00772080
v 0.23702930 -0.15785738 -0.00303900
v 0.23707402 -0.16411817 0.00764844
v 0.23312058 -0.16167481 0.00125162
v 0.22256193 -0.11998132 0.00772080
v 0.22921185 -0.12409119 -0.00303900
v 0.22916713 -0.11783040 0.00764844
v 0.24367922 -0.11998132 0.00772080
v 0.23702930 -0.12409119 -0.00303900
v 0.23707402 -0.11783040 0.00764844
v 0.23312058 -0.12027376 0.00125162
v 0.23312058 -0.14762421 -0.00936344
v 0.23312058 -0.13432437 -0.00936344
v 0.25000367 -0.12389004 0.01013653
v 0.25411355 -0.13464984 0.00348661
v 0.24742429 -0.12422721 0.00369499
v 0.25000367 -0.15805853 0.01013653
v 0.25411355 -0.14729874 0.00348661
v 0.24742429 -0.15772136 0.00369499
v 0.23944503 -0.15153293 -0.00694772
v 0.25020482 -0.14488301 -0.00283784
v 0.24347084 -0.15527800 -0.00270182
v 0.23951739 -0.14492773 -0.00909864
v 0.24986765 -0.15132455 -0.00025846
v 0.23944503 -0.13041564 -0.00694772
v 0.25020482 -0.13706556 -0.00283784
v 0.24347084 -0.12667058 -0.00270182
v 0.23951739 -0.13702084 -0.00909864
v 0.24986765 -0.13062403 -0.00025846
v 0.24591420 -0.14097429 -0.00665527
v 0.25000367 -0.12389004 0.01795398
v 0.25411355 -0.13464984 0.02460390
v 0.24742429 -0.12422721 0.02439551
v 0.25382110 -0.12818066 0.01404525
v 0.25000367 -0.15805853 0.01795398
v 0.25411355 -0.14729874 0.02460390
v 0.24742429 -0.15772136 0.02439551
v 0.25382110 -0.15376791 0.01404525
v 0.23944503 -0.15153293 0.03503822
v 0.25020482 -0.14488301 0.03092835
v 0.24347084 -0.15527800 0.03079233
v 0.23951739 -0.14492773 0.03718914
v 0.24986765 -0.15132455 0.02834896
v 0.23944503 -0.13041564 0.03503822
v 0.25020482 -0.13706556 0.03092835
v 0.24347084 -0.12667058 0.03079233
v 0.23951739 -0.13702084 0.03718914
v 0.24986765 -0.13062403 0.02834896
v 0.24591420 -0.14097429 0.03474577
v 0.25652927 -0.14097429 0.00739533
v 0.25652927 -0.14097429 0.02069517
v 0.25626446 -0.13457747 0.01009180
v 0.25626446 -0.14737110 0.01009180
v 0.25626446 -0.13457747 0.01799870
v 0.25626446 -0.14737110 0.01799870
v 0.21623748 -0.12389004 0.01013653
v 0.21212760 -0.13464984 0.00348661
v 0.21881687 -0.12422721 0.00369499
v 0.21623748 -0.15805853 0.01013653
v 0.21212760 -0.14729874 0.00348661
v 0.21881687 -0.15772136 0.00369499
v 0.22679613 -0.15153293 -0.00694772
v 0.21603633 -0.14488301 -0.00283784
v 0.22277031 -0.15527800 -0.00270182
v 0.22672376 -0.14492773 -0.00909864
v 0.21637350 -0.15132455 -0.00025846
v 0.22679613 -0.13041564 -0.00694772
v 0.21603633 -0.13706556 -0.00283784
v 0.22277031 -0.12667058 -0.00270182
v 0.22672376 -0.13702084 -0.00909864
v 0.21637350 -0.13062403 -0.00025846
v 0.22032695 -0.14097429 -0.00665527
v 0.21623748 -0.12389004 0.01795398
v 0.21212760 -0.13464984 0.02460390
v 0.21881687 -0.12422721 0.02439551
v 0.21242005 -0.12818066 0.01404525
v 0.21623748 -0.15805853 0.01795398
v 0.21212760 -0.14729874 0.02460390
v 0.21881687 -0.15772136 0.02439551
v 0.21242005 -0.15376791 0.01404525
v 0.22679613 -0.15153293 0.03503822
v 0.21603633 -0.14488301 0.03092835
v 0.22277031 -0.15527800 0.03079233
v 0.22672376 -0.14492773 0.03718914
v 0.21637350 -0.15132455 0.02834896
v 0.22679613 -0.13041564 0.03503822
v 0.21603633 -0.13706556 0.03092835
v 0.22277031 -0.12667058 0.03079233
v 0.22672376 -0.13702084 0.03718914
v 0.21637350 -0.13062403 0.02834896
v 0.22032695 -0.14097429 0.03474577
v 0.20971188 -0.14097429 0.00739533
v 0.20971188 -0.14097429 0.02069517
v 0.20997669 -0.13457747 0.01009180
v 0.20997669 -0.14737110 0.01009180
v 0.20997669 -0.13457747 0.01799870
v 0.20997669 -0.14737110 0.01799870
f 1 533 197
f 533 138 535
f 197 535 54
f 533 535 197
f 138 534 542
f 534 38 540
f 542 540 140
f 534 540 542
f 54 541 198
f 541 140 539
f 198 539 17
f 541 539 198
f 138 542 535
f 542 140 541
f 535 541 54
f 542 541 535
f 38 538 601
f 538 139 603
f 601 603 155
f 538 603 601
f 139 537 589
f 537 12 587
f 589 587 152
f 537 587 589
f 155 605 602
f 605 152 588
f 602 588 41
f 605 588 602
f 139 589 603
f 589 152 605
f 603 605 155
f 589 605 603
f 17 591 201
f 591 153 593
f 201 593 55
f 591 593 201
f 153 592 595
f 592 41 584
f 595 584 151
f 592 584 595
f 55 585 200
f 585 151 583
f 200 583 6
f 585 583 200
f 153 595 593
f 595 151 585
f 593 585 55
f 595 585 593
f 38 601 540
f 601 155 604
f 540 604 140
f 601 604 540
f 155 602 606
f 602 41 592
f 606 592 153
f 602 592 606
f 140 594 539
f 594 153 591
f 539 591 17
f 594 591 539
f 155 606 604
f 606 153 594
f 604 594 140
f 606 594 604
f 1 197 163
f 197 54 199
f 163 199 43
f 197 199 163
f 54 198 205
f 198 17 203
f 205 203 56
f 198 203 205
f 43 204 164
f 204 56 202
f 164 202 13
f 204 202 164
f 54 205 199
f 205 56 204
f 199 204 43
f 205 204 199
f 17 201 217
f 201 55 219
f 217 219 60
f 201 219 217
f 55 200 211
f 200 6 209
f 211 209 58
f 200 209 211
f 60 221 218
f 221 58 210
f 218 210 18
f 221 210 218
f 55 211 219
f 211 58 221
f 219 221 60
f 211 221 219
f 13 212 166
f 212 59 214
f 166 214 44
f 212 214 166
f 59 213 216
f 213 18 207
f 216 207 57
f 213 207 216
f 44 208 165
f 208 57 206
f 165 206 2
f 208 206 165
f 59 216 214
f 216 57 208
f 214 208 44
f 216 208 214
f 17 217 203
f 217 60 220
f 203 220 56
f 217 220 203
f 60 218 222
f 218 18 213
f 222 213 59
f 218 213 222
f 56 215 202
f 215 59 212
f 202 212 13
f 215 212 202
f 60 222 220
f 222 59 215
f 220 215 56
f 222 215 220
f 1 163 253
f 163 43 255
f 253 255 70
f 163 255 253
f 43 164 260
f 164 13 258
f 260 258 72
f 164 258 260
f 70 261 254
f 261 72 259
f 254 259 22
f 261 259 254
f 43 260 255
f 260 72 261
f 255 261 70
f 260 261 255
f 13 166 268
f 166 44 270
f 268 270 75
f 166 270 268
f 44 165 264
f 165 2 262
f 264 262 73
f 165 262 264
f 75 272 269
f 272 73 263
f 269 263 23
f 272 263 269
f 44 264 270
f 264 73 272
f 270 272 75
f 264 272 270
f 22 273 257
f 273 76 275
f 257 275 71
f 273 275 257
f 76 274 277
f 274 23 266
f 277 266 74
f 274 266 277
f 71 267 256
f 267 74 265
f 256 265 8
f 267 265 256
f 76 277 275
f 277 74 267
f 275 267 71
f 277 267 275
f 13 268 258
f 268 75 271
f 258 271 72
f 268 271 258
f 75 269 278
f 269 23 274
f 278 274 76
f 269 274 278
f 72 276 259
f 276 76 273
f 259 273 22
f 276 273 259
f 75 278 271
f 278 76 276
f 271 276 72
f 278 276 271
f 1 253 463
f 253 70 465
f 463 465 121
f 253 465 463
f 70 254 470
f 254 22 468
f 470 468 123
f 254 468 470
f 121 471 464
f 471 123 469
f 464 469 34
f 471 469 464
f 70 470 465
f 470 123 471
f 465 471 121
f 470 471 465
f 22 257 511
f 257 71 513
f 511 513 134
f 257 513 511
f 71 256 505
f 256 8 503
f 505 503 132
f 256 503 505
f 134 515 512
f 515 132 504
f 512 504 37
f 515 504 512
f 71 505 513
f 505 132 515
f 513 515 134
f 505 515 513
f 34 521 467
f 521 136 523
f 467 523 122
f 521 523 467
f 136 522 525
f 522 37 508
f 525 508 133
f 522 508 525
f 122 509 466
f 509 133 507
f 466 507 11
f 509 507 466
f 136 525 523
f 525 133 509
f 523 509 122
f 525 509 523
f 22 511 468
f 511 134 514
f 468 514 123
f 511 514 468
f 134 512 526
f 512 37 522
f 526 522 136
f 512 522 526
f 123 524 469
f 524 136 521
f 469 521 34
f 524 521 469
f 134 526 514
f 526 136 524
f 514 524 123
f 526 524 514
f 1 463 533
f 463 121 536
f 533 536 138
f 463 536 533
f 121 464 545
f 464 34 543
f 545 543 141
f 464 543 545
f 138 546 534
f 546 141 544
f 534 544 38
f 546 544 534
f 121 545 536
f 545 141 546
f 536 546 138
f 545 546 536
f 34 467 621
f 467 122 623
f 621 623 159
f 467 623 621
f 122 466 615
f 466 11 613
f 615 613 157
f 466 613 615
f 159 625 622
f 625 157 614
f 622 614 42
f 625 614 622
f 122 615 623
f 615 157 625
f 623 625 159
f 615 625 623
f 38 631 538
f 631 161 633
f 538 633 139
f 631 633 538
f 161 632 635
f 632 42 618
f 635 618 158
f 632 618 635
f 139 619 537
f 619 158 617
f 537 617 12
f 619 617 537
f 161 635 633
f 635 158 619
f 633 619 139
f 635 619 633
f 34 621 543
f 621 159 624
f 543 624 141
f 621 624 543
f 159 622 636
f 622 42 632
f 636 632 161
f 622 632 636
f 141 634 544
f 634 161 631
f 544 631 38
f 634 631 544
f 159 636 624
f 636 161 634
f 624 634 141
f 636 634 624
f 2 206 353
f 206 57 355
f 353 355 96
f 206 355 353
f 57 207 361
f 207 18 359
f 361 359 98
f 207 359 361
f 96 362 354
f 362 98 360
f 354 360 29
f 362 360 354
f 57 361 355
f 361 98 362
f 355 362 96
f 361 362 355
f 18 210 411
f 210 58 413
f 411 413 111
f 210 413 411
f 58 209 405
f 209 6 403
f 405 403 109
f 209 403 405
f 111 415 412
f 415 109 404
f 412 404 32
f 415 404 412
f 58 405 413
f 405 109 415
f 413 415 111
f 405 415 413
f 29 421 358
f 421 113 423
f 358 423 97
f 421 423 358
f 113 422 425
f 422 32 408
f 425 408 110
f 422 408 425
f 97 409 357
f 409 110 407
f 357 407 10
f 409 407 357
f 113 425 423
f 425 110 409
f 423 409 97
f 425 409 423
f 18 411 359
f 411 111 414
f 359 414 98
f 411 414 359
f 111 412 426
f 412 32 422
f 426 422 113
f 412 422 426
f 98 424 360
f 424 113 421
f 360 421 29
f 424 421 360
f 111 426 414
f 426 113 424
f 414 424 98
f 426 424 414
f 6 583 225
f 583 151 586
f 225 586 62
f 583 586 225
f 151 584 600
f 584 41 597
f 600 597 154
f 584 597 600
f 62 598 226
f 598 154 596
f 226 596 19
f 598 596 226
f 151 600 586
f 600 154 598
f 586 598 62
f 600 598 586
f 41 588 608
f 588 152 611
f 608 611 156
f 588 611 608
f 152 587 590
f 587 12 565
f 590 565 147
f 587 565 590
f 156 609 607
f 609 147 566
f 607 566 40
f 609 566 607
f 152 590 611
f 590 147 609
f 611 609 156
f 590 609 611
f 19 573 224
f 573 149 575
f 224 575 61
f 573 575 224
f 149 574 576
f 574 40 562
f 576 562 146
f 574 562 576
f 61 564 223
f 564 146 561
f 223 561 5
f 564 561 223
f 149 576 575
f 576 146 564
f 575 564 61
f 576 564 575
f 41 608 597
f 608 156 612
f 597 612 154
f 608 612 597
f 156 607 610
f 607 40 574
f 610 574 149
f 607 574 610
f 154 599 596
f 599 149 573
f 596 573 19
f 599 573 596
f 156 610 612
f 610 149 599
f 612 599 154
f 610 599 612
f 12 617 551
f 617 158 620
f 551 620 143
f 617 620 551
f 158 618 641
f 618 42 638
f 641 638 162
f 618 638 641
f 143 639 552
f 639 162 637
f 552 637 39
f 639 637 552
f 158 641 620
f 641 162 639
f 620 639 143
f 641 639 620
f 42 614 627
f 614 157 630
f 627 630 160
f 614 630 627
f 157 613 616
f 613 11 475
f 616 475 125
f 613 475 616
f 160 628 626
f 628 125 476
f 626 476 35
f 628 476 626
f 157 616 630
f 616 125 628
f 630 628 160
f 616 628 630
f 39 558 548
f 558 145 560
f 548 560 142
f 558 560 548
f 145 557 559
f 557 35 473
f 559 473 124
f 557 473 559
f 142 550 547
f 550 124 472
f 547 472 3
f 550 472 547
f 145 559 560
f 559 124 550
f 560 550 142
f 559 550 560
f 42 627 638
f 627 160 642
f 638 642 162
f 627 642 638
f 160 626 629
f 626 35 557
f 629 557 145
f 626 557 629
f 162 640 637
f 640 145 558
f 637 558 39
f 640 558 637
f 160 629 642
f 629 145 640
f 642 640 162
f 629 640 642
f 11 507 485
f 507 133 510
f 485 510 128
f 507 510 485
f 133 508 531
f 508 37 528
f 531 528 137
f 508 528 531
f 128 529 486
f 529 137 527
f 486 527 36
f 529 527 486
f 133 531 510
f 531 137 529
f 510 529 128
f 531 529 510
f 37 504 517
f 504 132 520
f 517 520 135
f 504 520 517
f 132 503 506
f 503 8 281
f 506 281 78
f 503 281 506
f 135 518 516
f 518 78 282
f 516 282 24
f 518 282 516
f 132 506 520
f 506 78 518
f 520 518 135
f 506 518 520
f 36 494 482
f 494 130 496
f 482 496 127
f 494 496 482
f 130 493 495
f 493 24 280
f 495 280 77
f 493 280 495
f 127 484 481
f 484 77 279
f 481 279 7
f 484 279 481
f 130 495 496
f 495 77 484
f 496 484 127
f 495 484 496
f 37 517 528
f 517 135 532
f 528 532 137
f 517 532 528
f 135 516 519
f 516 24 493
f 519 493 130
f 516 493 519
f 137 530 527
f 530 130 494
f 527 494 36
f 530 494 527
f 135 519 532
f 519 130 530
f 532 530 137
f 519 530 532
f 8 265 323
f 265 74 325
f 323 325 90
f 265 325 323
f 74 266 333
f 266 23 331
f 333 331 92
f 266 331 333
f 90 335 324
f 335 92 332
f 324 332 28
f 335 332 324
f 74 333 325
f 333 92 335
f 325 335 90
f 333 335 325
f 23 263 288
f 263 73 290
f 288 290 81
f 263 290 288
f 73 262 285
f 262 2 283
f 285 283 79
f 262 283 285
f 81 291 289
f 291 79 284
f 289 284 25
f 291 284 289
f 73 285 290
f 285 79 291
f 290 291 81
f 285 291 290
f 28 342 328
f 342 94 345
f 328 345 91
f 342 345 328
f 94 341 343
f 341 25 287
f 343 287 80
f 341 287 343
f 91 329 327
f 329 80 286
f 327 286 9
f 329 286 327
f 94 343 345
f 343 80 329
f 345 329 91
f 343 329 345
f 23 288 331
f 288 81 334
f 331 334 92
f 288 334 331
f 81 289 344
f 289 25 341
f 344 341 94
f 289 341 344
f 92 346 332
f 346 94 342
f 332 342 28
f 346 342 332
f 81 344 334
f 344 94 346
f 334 346 92
f 344 346 334
f 4 367 180
f 367 100 369
f 180 369 50
f 367 369 180
f 100 368 376
f 368 30 374
f 376 374 102
f 368 374 376
f 50 375 181
f 375 102 373
f 181 373 16
f 375 373 181
f 100 376 369
f 376 102 375
f 369 375 50
f 376 375 369
f 30 372 397
f 372 101 399
f 397 399 108
f 372 399 397
f 101 371 387
f 371 10 385
f 387 385 105
f 371 385 387
f 108 401 398
f 401 105 386
f 398 386 31
f 401 386 398
f 101 387 399
f 387 105 401
f 399 401 108
f 387 401 399
f 16 388 184
f 388 106 390
f 184 390 51
f 388 390 184
f 106 389 392
f 389 31 382
f 392 382 104
f 389 382 392
f 51 383 183
f 383 104 381
f 183 381 5
f 383 381 183
f 106 392 390
f 392 104 383
f 390 383 51
f 392 383 390
f 30 397 374
f 397 108 400
f 374 400 102
f 397 400 374
f 108 398 402
f 398 31 389
f 402 389 106
f 398 389 402
f 102 391 373
f 391 106 388
f 373 388 16
f 391 388 373
f 108 402 400
f 402 106 391
f 400 391 102
f 402 391 400
f 4 180 169
f 180 50 182
f 169 182 46
f 180 182 169
f 50 181 190
f 181 16 187
f 190 187 52
f 181 187 190
f 46 188 170
f 188 52 186
f 170 186 14
f 188 186 170
f 50 190 182
f 190 52 188
f 182 188 46
f 190 188 182
f 16 184 192
f 184 51 195
f 192 195 53
f 184 195 192
f 51 183 185
f 183 5 174
f 185 174 48
f 183 174 185
f 53 193 191
f 193 48 175
f 191 175 15
f 193 175 191
f 51 185 195
f 185 48 193
f 195 193 53
f 185 193 195
f 14 176 168
f 176 49 178
f 168 178 45
f 176 178 168
f 49 177 179
f 177 15 172
f 179 172 47
f 177 172 179
f 45 173 167
f 173 47 171
f 167 171 3
f 173 171 167
f 49 179 178
f 179 47 173
f 178 173 45
f 179 173 178
f 16 192 187
f 192 53 196
f 187 196 52
f 192 196 187
f 53 191 194
f 191 15 177
f 194 177 49
f 191 177 194
f 52 189 186
f 189 49 176
f 186 176 14
f 189 176 186
f 53 194 196
f 194 49 189
f 196 189 52
f 194 189 196
f 4 169 236
f 169 46 238
f 236 238 66
f 169 238 236
f 46 170 244
f 170 14 242
f 244 242 68
f 170 242 244
f 66 246 237
f 246 68 243
f 237 243 21
f 246 243 237
f 46 244 238
f 244 68 246
f 238 246 66
f 244 246 238
f 14 168 232
f 168 45 234
f 232 234 65
f 168 234 232
f 45 167 229
f 167 3 227
f 229 227 63
f 167 227 229
f 65 235 233
f 235 63 228
f 233 228 20
f 235 228 233
f 45 229 234
f 229 63 235
f 234 235 65
f 229 235 234
f 21 248 240
f 248 69 251
f 240 251 67
f 248 251 240
f 69 247 249
f 247 20 231
f 249 231 64
f 247 231 249
f 67 241 239
f 241 64 230
f 239 230 7
f 241 230 239
f 69 249 251
f 249 64 241
f 251 241 67
f 249 241 251
f 14 232 242
f 232 65 245
f 242 245 68
f 232 245 242
f 65 233 250
f 233 20 247
f 250 247 69
f 233 247 250
f 68 252 243
f 252 69 248
f 243 248 21
f 252 248 243
f 65 250 245
f 250 69 252
f 245 252 68
f 250 252 245
f 4 236 292
f 236 66 294
f 292 294 82
f 236 294 292
f 66 237 299
f 237 21 297
f 299 297 84
f 237 297 299
f 82 300 293
f 300 84 298
f 293 298 26
f 300 298 293
f 66 299 294
f 299 84 300
f 294 300 82
f 299 300 294
f 21 240 308
f 240 67 310
f 308 310 87
f 240 310 308
f 67 239 303
f 239 7 301
f 303 301 85
f 239 301 303
f 87 312 309
f 312 85 302
f 309 302 27
f 312 302 309
f 67 303 310
f 303 85 312
f 310 312 87
f 303 312 310
f 26 317 296
f 317 89 319
f 296 319 83
f 317 319 296
f 89 318 321
f 318 27 306
f 321 306 86
f 318 306 321
f 83 307 295
f 307 86 305
f 295 305 9
f 307 305 295
f 89 321 319
f 321 86 307
f 319 307 83
f 321 307 319
f 21 308 297
f 308 87 311
f 297 311 84
f 308 311 297
f 87 309 322
f 309 27 318
f 322 318 89
f 309 318 322
f 84 320 298
f 320 89 317
f 298 317 26
f 320 317 298
f 87 322 311
f 322 89 320
f 311 320 84
f 322 320 311
f 4 292 367
f 292 82 370
f 367 370 100
f 292 370 367
f 82 293 379
f 293 26 377
f 379 377 103
f 293 377 379
f 100 380 368
f 380 103 378
f 368 378 30
f 380 378 368
f 82 379 370
f 379 103 380
f 370 380 100
f 379 380 370
f 26 296 446
f 296 83 448
f 446 448 118
f 296 448 446
f 83 295 436
f 295 9 433
f 436 433 115
f 295 433 436
f 118 450 447
f 450 115 434
f 447 434 33
f 450 434 447
f 83 436 448
f 436 115 450
f 448 450 118
f 436 450 448
f 30 457 372
f 457 120 459
f 372 459 101
f 457 459 372
f 120 458 461
f 458 33 438
f 461 438 116
f 458 438 461
f 101 440 371
f 440 116 437
f 371 437 10
f 440 437 371
f 120 461 459
f 461 116 440
f 459 440 101
f 461 440 459
f 26 446 377
f 446 118 449
f 377 449 103
f 446 449 377
f 118 447 462
f 447 33 458
f 462 458 120
f 447 458 462
f 103 460 378
f 460 120 457
f 378 457 30
f 460 457 378
f 118 462 449
f 462 120 460
f 449 460 103
f 462 460 449
f 5 381 223
f 381 104 384
f 223 384 61
f 381 384 223
f 104 382 396
f 382 31 394
f 396 394 107
f 382 394 396
f 61 395 224
f 395 107 393
f 224 393 19
f 395 393 224
f 104 396 384
f 396 107 395
f 384 395 61
f 396 395 384
f 31 386 427
f 386 105 429
f 427 429 114
f 386 429 427
f 105 385 410
f 385 10 407
f 410 407 110
f 385 407 410
f 114 431 428
f 431 110 408
f 428 408 32
f 431 408 428
f 105 410 429
f 410 110 431
f 429 431 114
f 410 431 429
f 19 416 226
f 416 112 418
f 226 418 62
f 416 418 226
f 112 417 420
f 417 32 404
f 420 404 109
f 417 404 420
f 62 406 225
f 406 109 403
f 225 403 6
f 406 403 225
f 112 420 418
f 420 109 406
f 418 406 62
f 420 406 418
f 31 427 394
f 427 114 430
f 394 430 107
f 427 430 394
f 114 428 432
f 428 32 417
f 432 417 112
f 428 417 432
f 107 419 393
f 419 112 416
f 393 416 19
f 419 416 393
f 114 432 430
f 432 112 419
f 430 419 107
f 432 419 430
f 3 171 547
f 171 47 549
f 547 549 142
f 171 549 547
f 47 172 555
f 172 15 553
f 555 553 144
f 172 553 555
f 142 556 548
f 556 144 554
f 548 554 39
f 556 554 548
f 47 555 549
f 555 144 556
f 549 556 142
f 555 556 549
f 15 175 568
f 175 48 570
f 568 570 148
f 175 570 568
f 48 174 563
f 174 5 561
f 563 561 146
f 174 561 563
f 148 572 569
f 572 146 562
f 569 562 40
f 572 562 569
f 48 563 570
f 563 146 572
f 570 572 148
f 563 572 570
f 39 577 552
f 577 150 579
f 552 579 143
f 577 579 552
f 150 578 581
f 578 40 566
f 581 566 147
f 578 566 581
f 143 567 551
f 567 147 565
f 551 565 12
f 567 565 551
f 150 581 579
f 581 147 567
f 579 567 143
f 581 567 579
f 15 568 553
f 568 148 571
f 553 571 144
f 568 571 553
f 148 569 582
f 569 40 578
f 582 578 150
f 569 578 582
f 144 580 554
f 580 150 577
f 554 577 39
f 580 577 554
f 148 582 571
f 582 150 580
f 571 580 144
f 582 580 571
f 7 230 481
f 230 64 483
f 481 483 127
f 230 483 481
f 64 231 490
f 231 20 488
f 490 488 129
f 231 488 490
f 127 492 482
f 492 129 489
f 482 489 36
f 492 489 482
f 64 490 483
f 490 129 492
f 483 492 127
f 490 492 483
f 20 228 477
f 228 63 479
f 477 479 126
f 228 479 477
f 63 227 474
f 227 3 472
f 474 472 124
f 227 472 474
f 126 480 478
f 480 124 473
f 478 473 35
f 480 473 478
f 63 474 479
f 474 124 480
f 479 480 126
f 474 480 479
f 36 498 486
f 498 131 501
f 486 501 128
f 498 501 486
f 131 497 499
f 497 35 476
f 499 476 125
f 497 476 499
f 128 487 485
f 487 125 475
f 485 475 11
f 487 475 485
f 131 499 501
f 499 125 487
f 501 487 128
f 499 487 501
f 20 477 488
f 477 126 491
f 488 491 129
f 477 491 488
f 126 478 500
f 478 35 497
f 500 497 131
f 478 497 500
f 129 502 489
f 502 131 498
f 489 498 36
f 502 498 489
f 126 500 491
f 500 131 502
f 491 502 129
f 500 502 491
f 9 305 327
f 305 86 330
f 327 330 91
f 305 330 327
f 86 306 349
f 306 27 347
f 349 347 95
f 306 347 349
f 91 351 328
f 351 95 348
f 328 348 28
f 351 348 328
f 86 349 330
f 349 95 351
f 330 351 91
f 349 351 330
f 27 302 314
f 302 85 316
f 314 316 88
f 302 316 314
f 85 301 304
f 301 7 279
f 304 279 77
f 301 279 304
f 88 315 313
f 315 77 280
f 313 280 24
f 315 280 313
f 85 304 316
f 304 77 315
f 316 315 88
f 304 315 316
f 28 337 324
f 337 93 340
f 324 340 90
f 337 340 324
f 93 336 338
f 336 24 282
f 338 282 78
f 336 282 338
f 90 326 323
f 326 78 281
f 323 281 8
f 326 281 323
f 93 338 340
f 338 78 326
f 340 326 90
f 338 326 340
f 27 314 347
f 314 88 350
f 347 350 95
f 314 350 347
f 88 313 339
f 313 24 336
f 339 336 93
f 313 336 339
f 95 352 348
f 352 93 337
f 348 337 28
f 352 337 348
f 88 339 350
f 339 93 352
f 350 352 95
f 339 352 350
f 10 437 357
f 437 116 439
f 357 439 97
f 437 439 357
f 116 438 455
f 438 33 452
f 455 452 119
f 438 452 455
f 97 453 358
f 453 119 451
f 358 451 29
f 453 451 358
f 116 455 439
f 455 119 453
f 439 453 97
f 455 453 439
f 33 434 442
f 434 115 445
f 442 445 117
f 434 445 442
f 115 433 435
f 433 9 286
f 435 286 80
f 433 286 435
f 117 443 441
f 443 80 287
f 441 287 25
f 443 287 441
f 115 435 445
f 435 80 443
f 445 443 117
f 435 443 445
f 29 364 354
f 364 99 366
f 354 366 96
f 364 366 354
f 99 363 365
f 363 25 284
f 365 284 79
f 363 284 365
f 96 356 353
f 356 79 283
f 353 283 2
f 356 283 353
f 99 365 366
f 365 79 356
f 366 356 96
f 365 356 366
f 33 442 452
f 442 117 456
f 452 456 119
f 442 456 452
f 117 441 444
f 441 25 363
f 444 363 99
f 441 363 444
f 119 454 451
f 454 99 364
f 451 364 29
f 454 364 451
f 117 444 456
f 444 99 454
f 456 454 119
f 444 454 456
f 643 644 645
f 643 645 646
f 647 649 648
f 647 650 649
f 643 646 650
f 643 650 647
f 644 648 649
f 644 649 645
f 643 647 648
f 643 648 644
f 646 645 649
f 646 649 650
f 651 652 654
f 651 654 653
f 653 654 656
f 653 656 655
f 655 656 658
f 655 658 657
f 657 658 660
f 657 660 659
f 659 660 662
f 659 662 661
f 661 662 664
f 661 664 663
f 663 664 666
f 663 666 665
f 665 666 652
f 665 652 651
f 667 653 651
f 668 652 654
f 667 655 653
f 668 654 656
f 667 657 655
f 668 656 658
f 667 659 657
f 668 658 660
f 667 661 659
f 668 660 662
f 667 663 661
f 668 662 664
f 667 665 663
f 668 664 666
f 667 651 665
f 668 666 652
f 669 806 722
f 806 706 808
f 722 808 685
f 806 808 722
f 706 807 823
f 807 680 820
f 823 820 709
f 807 820 823
f 685 821 723
f 821 709 819
f 723 819 674
f 821 819 723
f 706 823 808
f 823 709 821
f 808 821 685
f 823 821 808
f 669 722 711
f 722 685 724
f 711 724 681
f 722 724 711
f 685 723 728
f 723 674 726
f 728 726 686
f 723 726 728
f 681 727 712
f 727 686 725
f 712 725 670
f 727 725 712
f 685 728 724
f 728 686 727
f 724 727 681
f 728 727 724
f 669 711 738
f 711 681 740
f 738 740 690
f 711 740 738
f 681 712 743
f 712 670 741
f 743 741 691
f 712 741 743
f 690 744 739
f 744 691 742
f 739 742 676
f 744 742 739
f 681 743 740
f 743 691 744
f 740 744 690
f 743 744 740
f 669 738 789
f 738 690 791
f 789 791 702
f 738 791 789
f 690 739 802
f 739 676 800
f 802 800 705
f 739 800 802
f 702 804 790
f 804 705 801
f 790 801 679
f 804 801 790
f 690 802 791
f 802 705 804
f 791 804 702
f 802 804 791
f 669 789 806
f 789 702 809
f 806 809 706
f 789 809 806
f 702 790 827
f 790 679 825
f 827 825 710
f 790 825 827
f 706 829 807
f 829 710 826
f 807 826 680
f 829 826 807
f 702 827 809
f 827 710 829
f 809 829 706
f 827 829 809
f 670 725 764
f 725 686 766
f 764 766 697
f 725 766 764
f 686 726 779
f 726 674 777
f 779 777 700
f 726 777 779
f 697 781 765
f 781 700 778
f 765 778 678
f 781 778 765
f 686 779 766
f 779 700 781
f 766 781 697
f 779 781 766
f 674 819 730
f 819 709 822
f 730 822 687
f 819 822 730
f 709 820 824
f 820 680 815
f 824 815 708
f 820 815 824
f 687 817 729
f 817 708 814
f 729 814 673
f 817 814 729
f 709 824 822
f 824 708 817
f 822 817 687
f 824 817 822
f 680 826 811
f 826 710 830
f 811 830 707
f 826 830 811
f 710 825 828
f 825 679 793
f 828 793 703
f 825 793 828
f 707 813 810
f 813 703 792
f 810 792 671
f 813 792 810
f 710 828 830
f 828 703 813
f 830 813 707
f 828 813 830
f 679 801 796
f 801 705 805
f 796 805 704
f 801 805 796
f 705 800 803
f 800 676 746
f 803 746 692
f 800 746 803
f 704 798 795
f 798 692 745
f 795 745 675
f 798 745 795
f 705 803 805
f 803 692 798
f 805 798 704
f 803 798 805
f 676 742 758
f 742 691 760
f 758 760 696
f 742 760 758
f 691 741 749
f 741 670 747
f 749 747 693
f 741 747 749
f 696 762 759
f 762 693 748
f 759 748 677
f 762 748 759
f 691 749 760
f 749 693 762
f 760 762 696
f 749 762 760
f 672 768 718
f 768 698 770
f 718 770 684
f 768 770 718
f 698 769 776
f 769 678 773
f 776 773 699
f 769 773 776
f 684 774 719
f 774 699 772
f 719 772 673
f 774 772 719
f 698 776 770
f 776 699 774
f 770 774 684
f 776 774 770
f 672 718 714
f 718 684 720
f 714 720 682
f 718 720 714
f 684 719 721
f 719 673 716
f 721 716 683
f 719 716 721
f 682 717 713
f 717 683 715
f 713 715 671
f 717 715 713
f 684 721 720
f 721 683 717
f 720 717 682
f 721 717 720
f 672 714 734
f 714 682 736
f 734 736 689
f 714 736 734
f 682 713 733
f 713 671 731
f 733 731 688
f 713 731 733
f 689 737 735
f 737 688 732
f 735 732 675
f 737 732 735
f 682 733 736
f 733 688 737
f 736 737 689
f 733 737 736
f 672 734 750
f 734 689 752
f 750 752 694
f 734 752 750
f 689 735 755
f 735 675 753
f 755 753 695
f 735 753 755
f 694 757 751
f 757 695 754
f 751 754 677
f 757 754 751
f 689 755 752
f 755 695 757
f 752 757 694
f 755 757 752
f 672 750 768
f 750 694 771
f 768 771 698
f 750 771 768
f 694 751 786
f 751 677 783
f 786 783 701
f 751 783 786
f 698 788 769
f 788 701 784
f 769 784 678
f 788 784 769
f 694 786 771
f 786 701 788
f 771 788 698
f 786 788 771
f 673 772 729
f 772 699 775
f 729 775 687
f 772 775 729
f 699 773 782
f 773 678 778
f 782 778 700
f 773 778 782
f 687 780 730
f 780 700 777
f 730 777 674
f 780 777 730
f 699 782 775
f 782 700 780
f 775 780 687
f 782 780 775
f 671 715 810
f 715 683 812
f 810 812 707
f 715 812 810
f 683 716 816
f 716 673 814
f 816 814 708
f 716 814 816
f 707 818 811
f 818 708 815
f 811 815 680
f 818 815 811
f 683 816 812
f 816 708 818
f 812 818 707
f 816 818 812
f 675 732 795
f 732 688 797
f 795 797 704
f 732 797 795
f 688 731 794
f 731 671 792
f 794 792 703
f 731 792 794
f 704 799 796
f 799 703 793
f 796 793 679
f 799 793 796
f 688 794 797
f 794 703 799
f 797 799 704
f 794 799 797
f 677 754 759
f 754 695 763
f 759 763 696
f 754 763 759
f 695 753 756
f 753 675 745
f 756 745 692
f 753 745 756
f 696 761 758
f 761 692 746
f 758 746 676
f 761 746 758
f 695 756 763
f 756 692 761
f 763 761 696
f 756 761 763
f 678 784 765
f 784 701 787
f 765 787 697
f 784 787 765
f 701 783 785
f 783 677 748
f 785 748 693
f 783 748 785
f 697 767 764
f 767 693 747
f 764 747 670
f 767 747 764
f 701 785 787
f 785 693 767
f 787 767 697
f 785 767 787
f 831 832 834
f 831 834 833
f 833 834 836
f 833 836 835
f 835 836 838
f 835 838 837
f 837 838 840
f 837 840 839
f 839 840 842
f 839 842 841
f 841 842 844
f 841 844 843
f 843 844 846
f 843 846 845
f 845 846 832
f 845 832 831
f 847 833 831
f 848 832 834
f 847 835 833
f 848 834 836
f 847 837 835
f 848 836 838
f 847 839 837
f 848 838 840
f 847 841 839
f 848 840 842
f 847 843 841
f 848 842 844
f 847 845 843
f 848 844 846
f 847 831 845
f 848 846 832
f 849 986 902
f 986 886 988
f 902 988 865
f 986 988 902
f 886 987 1003
f 987 860 1000
f 1003 1000 889
f 987 1000 1003
f 865 1001 903
f 1001 889 999
f 903 999 854
f 1001 999 903
f 886 1003 988
f 1003 889 1001
f 988 1001 865
f 1003 1001 988
f 849 902 891
f 902 865 904
f 891 904 861
f 902 904 891
f 865 903 908
f 903 854 906
f 908 906 866
f 903 906 908
f 861 907 892
f 907 866 905
f 892 905 850
f 907 905 892
f 865 908 904
f 908 866 907
f 904 907 861
f 908 907 904
f 849 891 918
f 891 861 920
f 918 920 870
f 891 920 918
f 861 892 923
f 892 850 921
f 923 921 871
f 892 921 923
f 870 924 919
f 924 871 922
f 919 922 856
f 924 922 919
f 861 923 920
f 923 871 924
f 920 924 870
f 923 924 920
f 849 918 969
f 918 870 971
f 969 971 882
f 918 971 969
f 870 919 982
f 919 856 980
f 982 980 885
f 919 980 982
f 882 984 970
f 984 885 981
f 970 981 859
f 984 981 970
f 870 982 971
f 982 885 984
f 971 984 882
f 982 984 971
f 849 969 986
f 969 882 989
f 986 989 886
f 969 989 986
f 882 970 1007
f 970 859 1005
f 1007 1005 890
f 970 1005 1007
f 886 1009 987
f 1009 890 1006
f 987 1006 860
f 1009 1006 987
f 882 1007 989
f 1007 890 1009
f 989 1009 886
f 1007 1009 989
f 850 905 944
f 905 866 946
f 944 946 877
f 905 946 944
f 866 906 959
f 906 854 957
f 959 957 880
f 906 957 959
f 877 961 945
f 961 880 958
f 945 958 858
f 961 958 945
f 866 959 946
f 959 880 961
f 946 961 877
f 959 961 946
f 854 999 910
f 999 889 1002
f 910 1002 867
f 999 1002 910
f 889 1000 1004
f 1000 860 995
f 1004 995 888
f 1000 995 1004
f 867 997 909
f 997 888 994
f 909 994 853
f 997 994 909
f 889 1004 1002
f 1004 888 997
f 1002 997 867
f 1004 997 1002
f 860 1006 991
f 1006 890 1010
f 991 1010 887
f 1006 1010 991
f 890 1005 1008
f 1005 859 973
f 1008 973 883
f 1005 973 1008
f 887 993 990
f 993 883 972
f 990 972 851
f 993 972 990
f 890 1008 1010
f 1008 883 993
f 1010 993 887
f 1008 993 1010
f 859 981 976
f 981 885 985
f 976 985 884
f 981 985 976
f 885 980 983
f 980 856 926
f 983 926 872
f 980 926 983
f 884 978 975
f 978 872 925
f 975 925 855
f 978 925 975
f 885 983 985
f 983 872 978
f 985 978 884
f 983 978 985
f 856 922 938
f 922 871 940
f 938 940 876
f 922 940 938
f 871 921 929
f 921 850 927
f 929 927 873
f 921 927 929
f 876 942 939
f 942 873 928
f 939 928 857
f 942 928 939
f 871 929 940
f 929 873 942
f 940 942 876
f 929 942 940
f 852 948 898
f 948 878 950
f 898 950 864
f 948 950 898
f 878 949 956
f 949 858 953
f 956 953 879
f 949 953 956
f 864 954 899
f 954 879 952
f 899 952 853
f 954 952 899
f 878 956 950
f 956 879 954
f 950 954 864
f 956 954 950
f 852 898 894
f 898 864 900
f 894 900 862
f 898 900 894
f 864 899 901
f 899 853 896
f 901 896 863
f 899 896 901
f 862 897 893
f 897 863 895
f 893 895 851
f 897 895 893
f 864 901 900
f 901 863 897
f 900 897 862
f 901 897 900
f 852 894 914
f 894 862 916
f 914 916 869
f 894 916 914
f 862 893 913
f 893 851 911
f 913 911 868
f 893 911 913
f 869 917 915
f 917 868 912
f 915 912 855
f 917 912 915
f 862 913 916
f 913 868 917
f 916 917 869
f 913 917 916
f 852 914 930
f 914 869 932
f 930 932 874
f 914 932 930
f 869 915 935
f 915 855 933
f 935 933 875
f 915 933 935
f 874 937 931
f 937 875 934
f 931 934 857
f 937 934 931
f 869 935 932
f 935 875 937
f 932 937 874
f 935 937 932
f 852 930 948
f 930 874 951
f 948 951 878
f 930 951 948
f 874 931 966
f 931 857 963
f 966 963 881
f 931 963 966
f 878 968 949
f 968 881 964
f 949 964 858
f 968 964 949
f 874 966 951
f 966 881 968
f 951 968 878
f 966 968 951
f 853 952 909
f 952 879 955
f 909 955 867
f 952 955 909
f 879 953 962
f 953 858 958
f 962 958 880
f 953 958 962
f 867 960 910
f 960 880 957
f 910 957 854
f 960 957 910
f 879 962 955
f 962 880 960
f 955 960 867
f 962 960 955
f 851 895 990
f 895 863 992
f 990 992 887
f 895 992 990
f 863 896 996
f 896 853 994
f 996 994 888
f 896 994 996
f 887 998 991
f 998 888 995
f 991 995 860
f 998 995 991
f 863 996 992
f 996 888 998
f 992 998 887
f 996 998 992
f 855 912 975
f 912 868 977
f 975 977 884
f 912 977 975
f 868 911 974
f 911 851 972
f 974 972 883
f 911 972 974
f 884 979 976
f 979 883 973
f 976 973 859
f 979 973 976
f 868 974 977
f 974 883 979
f 977 979 884
f 974 979 977
f 857 934 939
f 934 875 943
f 939 943 876
f 934 943 939
f 875 933 936
f 933 855 925
f 936 925 872
f 933 925 936
f 876 941 938
f 941 872 926
f 938 926 856
f 941 926 938
f 875 936 943
f 936 872 941
f 943 941 876
f 936 941 943
f 858 964 945
f 964 881 967
f 945 967 877
f 964 967 945
f 881 963 965
f 963 857 928
f 965 928 873
f 963 928 965
f 877 947 944
f 947 873 927
f 944 927 850
f 947 927 944
f 881 965 967
f 965 873 947
f 967 947 877
f 965 947 967
f 1011 1148 1064
f 1148 1048 1150
f 1064 1150 1027
f 1148 1150 1064
f 1048 1149 1165
f 1149 1022 1162
f 1165 1162 1051
f 1149 1162 1165
f 1027 1163 1065
f 1163 1051 1161
f 1065 1161 1016
f 1163 1161 1065
f 1048 1165 1150
f 1165 1051 1163
f 1150 1163 1027
f 1165 1163 1150
f 1011 1064 1053
f 1064 1027 1066
f 1053 1066 1023
f 1064 1066 1053
f 1027 1065 1070
f 1065 1016 1068
f 1070 1068 1028
f 1065 1068 1070
f 1023 1069 1054
f 1069 1028 1067
f 1054 1067 1012
f 1069 1067 1054
f 1027 1070 1066
f 1070 1028 1069
f 1066 1069 1023
f 1070 1069 1066
f 1011 1053 1080
f 1053 1023 1082
f 1080 1082 1032
f 1053 1082 1080
f 1023 1054 1085
f 1054 1012 1083
f 1085 1083 1033
f 1054 1083 1085
f 1032 1086 1081
f 1086 1033 1084
f 1081 1084 1018
f 1086 1084 1081
f 1023 1085 1082
f 1085 1033 1086
f 1082 1086 1032
f 1085 1086 1082
f 1011 1080 1131
f 1080 1032 1133
f 1131 1133 1044
f 1080 1133 1131
f 1032 1081 1144
f 1081 1018 1142
f 1144 1142 1047
f 1081 1142 1144
f 1044 1146 1132
f 1146 1047 1143
f 1132 1143 1021
f 1146 1143 1132
f 1032 1144 1133
f 1144 1047 1146
f 1133 1146 1044
f 1144 1146 1133
f 1011 1131 1148
f 1131 1044 1151
f 1148 1151 1048
f 1131 1151 1148
f 1044 1132 1169
f 1132 1021 1167
f 1169 1167 1052
f 1132 1167 1169
f 1048 1171 1149
f 1171 1052 1168
f 1149 1168 1022
f 1171 1168 1149
f 1044 1169 1151
f 1169 1052 1171
f 1151 1171 1048
f 1169 1171 1151
f 1012 1067 1106
f 1067 1028 1108
f 1106 1108 1039
f 1067 1108 1106
f 1028 1068 1121
f 1068 1016 1119
f 1121 1119 1042
f 1068 1119 1121
f 1039 1123 1107
f 1123 1042 1120
f 1107 1120 1020
f 1123 1120 1107
f 1028 1121 1108
f 1121 1042 1123
f 1108 1123 1039
f 1121 1123 1108
f 1016 1161 1072
f 1161 1051 1164
f 1072 1164 1029
f 1161 1164 1072
f 1051 1162 1166
f 1162 1022 1157
f 1166 1157 1050
f 1162 1157 1166
f 1029 1159 1071
f 1159 1050 1156
f 1071 1156 1015
f 1159 1156 1071
f 1051 1166 1164
f 1166 1050 1159
f 1164 1159 1029
f 1166 1159 1164
f 1022 1168 1153
f 1168 1052 1172
f 1153 1172 1049
f 1168 1172 1153
f 1052 1167 1170
f 1167 1021 1135
f 1170 1135 1045
f 1167 1135 1170
f 1049 1155 1152
f 1155 1045 1134
f 1152 1134 1013
f 1155 1134 1152
f 1052 1170 1172
f 1170 1045 1155
f 1172 1155 1049
f 1170 1155 1172
f 1021 1143 1138
f 1143 1047 1147
f 1138 1147 1046
f 1143 1147 1138
f 1047 1142 1145
f 1142 1018 1088
f 1145 1088 1034
f 1142 1088 1145
f 1046 1140 1137
f 1140 1034 1087
f 1137 1087 1017
f 1140 1087 1137
f 1047 1145 1147
f 1145 1034 1140
f 1147 1140 1046
f 1145 1140 1147
f 1018 1084 1100
f 1084 1033 1102
f 1100 1102 1038
f 1084 1102 1100
f 1033 1083 1091
f 1083 1012 1089
f 1091 1089 1035
f 1083 1089 1091
f 1038 1104 1101
f 1104 1035 1090
f 1101 1090 1019
f 1104 1090 1101
f 1033 1091 1102
f 1091 1035 1104
f 1102 1104 1038
f 1091 1104 1102
f 1014 1110 1060
f 1110 1040 1112
f 1060 1112 1026
f 1110 1112 1060
f 1040 1111 1118
f 1111 1020 1115
f 1118 1115 1041
f 1111 1115 1118
f 1026 1116 1061
f 1116 1041 1114
f 1061 1114 1015
f 1116 1114 1061
f 1040 1118 1112
f 1118 1041 1116
f 1112 1116 1026
f 1118 1116 1112
f 1014 1060 1056
f 1060 1026 1062
f 1056 1062 1024
f 1060 1062 1056
f 1026 1061 1063
f 1061 1015 1058
f 1063 1058 1025
f 1061 1058 1063
f 1024 1059 1055
f 1059 1025 1057
f 1055 1057 1013
f 1059 1057 1055
f 1026 1063 1062
f 1063 1025 1059
f 1062 1059 1024
f 1063 1059 1062
f 1014 1056 1076
f 1056 1024 1078
f 1076 1078 1031
f 1056 1078 1076
f 1024 1055 1075
f 1055 1013 1073
f 1075 1073 1030
f 1055 1073 1075
f 1031 1079 1077
f 1079 1030 1074
f 1077 1074 1017
f 1079 1074 1077
f 1024 1075 1078
f 1075 1030 1079
f 1078 1079 1031
f 1075 1079 1078
f 1014 1076 1092
f 1076 1031 1094
f 1092 1094 1036
f 1076 1094 1092
f 1031 1077 1097
f 1077 1017 1095
f 1097 1095 1037
f 1077 1095 1097
f 1036 1099 1093
f 1099 1037 1096
f 1093 1096 1019
f 1099 1096 1093
f 1031 1097 1094
f 1097 1037 1099
f 1094 1099 1036
f 1097 1099 1094
f 1014 1092 1110
f 1092 1036 1113
f 1110 1113 1040
f 1092 1113 1110
f 1036 1093 1128
f 1093 1019 1125
f 1128 1125 1043
f 1093 1125 1128
f 1040 1130 1111
f 1130 1043 1126
f 1111 1126 1020
f 1130 1126 1111
f 1036 1128 1113
f 1128 1043 1130
f 1113 1130 1040
f 1128 1130 1113
f 1015 1114 1071
f 1114 1041 1117
f 1071 1117 1029
f 1114 1117 1071
f 1041 1115 1124
f 1115 1020 1120
f 1124 1120 1042
f 1115 1120 1124
f 1029 1122 1072
f 1122 1042 1119
f 1072 1119 1016
f 1122 1119 1072
f 1041 1124 1117
f 1124 1042 1122
f 1117 1122 1029
f 1124 1122 1117
f 1013 1057 1152
f 1057 1025 1154
f 1152 1154 1049
f 1057 1154 1152
f 1025 1058 1158
f 1058 1015 1156
f 1158 1156 1050
f 1058 1156 1158
f 1049 1160 1153
f 1160 1050 1157
f 1153 1157 1022
f 1160 1157 1153
f 1025 1158 1154
f 1158 1050 1160
f 1154 1160 1049
f 1158 1160 1154
f 1017 1074 1137
f 1074 1030 1139
f 1137 1139 1046
f 1074 1139 1137
f 1030 1073 1136
f 1073 1013 1134
f 1136 1134 1045
f 1073 1134 1136
f 1046 1141 1138
f 1141 1045 1135
f 1138 1135 1021
f 1141 1135 1138
f 1030 1136 1139
f 1136 1045 1141
f 1139 1141 1046
f 1136 1141 1139
f 1019 1096 1101
f 1096 1037 1105
f 1101 1105 1038
f 1096 1105 1101
f 1037 1095 1098
f 1095 1017 1087
f 1098 1087 1034
f 1095 1087 1098
f 1038 1103 1100
f 1103 1034 1088
f 1100 1088 1018
f 1103 1088 1100
f 1037 1098 1105
f 1098 1034 1103
f 1105 1103 1038
f 1098 1103 1105
f 1020 1126 1107
f 1126 1043 1129
f 1107 1129 1039
f 1126 1129 1107
f 1043 1125 1127
f 1125 1019 1090
f 1127 1090 1035
f 1125 1090 1127
f 1039 1109 1106
f 1109 1035 1089
f 1106 1089 1012
f 1109 1089 1106
f 1043 1127 1129
f 1127 1035 1109
f 1129 1109 1039
f 1127 1109 1129
f 1173 1174 1176
f 1173 1176 1175
f 1175 1176 1178
f 1175 1178 1177
f 1177 1178 1180
f 1177 1180 1179
f 1179 1180 1182
f 1179 1182 1181
f 1181 1182 1184
f 1181 1184 1183
f 1183 1184 1186
f 1183 1186 1185
f 1185 1186 1188
f 1185 1188 1187
f 1187 1188 1174
f 1187 1174 1173
f 1189 1175 1173
f 1190 1174 1176
f 1189 1177 1175
f 1190 1176 1178
f 1189 1179 1177
f 1190 1178 1180
f 1189 1181 1179
f 1190 1180 1182
f 1189 1183 1181
f 1190 1182 1184
f 1189 1185 1183
f 1190 1184 1186
f 1189 1187 1185
f 1190 1186 1188
f 1189 1173 1187
f 1190 1188 1174
f 1191 1328 1244
f 1328 1228 1330
f 1244 1330 1207
f 1328 1330 1244
f 1228 1329 1345
f 1329 1202 1342
f 1345 1342 1231
f 1329 1342 1345
f 1207 1343 1245
f 1343 1231 1341
f 1245 1341 1196
f 1343 1341 1245
f 1228 1345 1330
f 1345 1231 1343
f 1330 1343 1207
f 1345 1343 1330
f 1191 1244 1233
f 1244 1207 1246
f 1233 1246 1203
f 1244 1246 1233
f 1207 1245 1250
f 1245 1196 1248
f 1250 1248 1208
f 1245 1248 1250
f 1203 1249 1234
f 1249 1208 1247
f 1234 1247 1192
f 1249 1247 1234
f 1207 1250 1246
f 1250 1208 1249
f 1246 1249 1203
f 1250 1249 1246
f 1191 1233 1260
f 1233 1203 1262
f 1260 1262 1212
f 1233 1262 1260
f 1203 1234 1265
f 1234 1192 1263
f 1265 1263 1213
f 1234 1263 1265
f 1212 1266 1261
f 1266 1213 1264
f 1261 1264 1198
f 1266 1264 1261
f 1203 1265 1262
f 1265 1213 1266
f 1262 1266 1212
f 1265 1266 1262
f 1191 1260 1311
f 1260 1212 1313
f 1311 1313 1224
f 1260 1313 1311
f 1212 1261 1324
f 1261 1198 1322
f 1324 1322 1227
f 1261 1322 1324
f 1224 1326 1312
f 1326 1227 1323
f 1312 1323 1201
f 1326 1323 1312
f 1212 1324 1313
f 1324 1227 1326
f 1313 1326 1224
f 1324 1326 1313
f 1191 1311 1328
f 1311 1224 1331
f 1328 1331 1228
f 1311 1331 1328
f 1224 1312 1349
f 1312 1201 1347
f 1349 1347 1232
f 1312 1347 1349
f 1228 1351 1329
f 1351 1232 1348
f 1329 1348 1202
f 1351 1348 1329
f 1224 1349 1331
f 1349 1232 1351
f 1331 1351 1228
f 1349 1351 1331
f 1192 1247 1286
f 1247 1208 1288
f 1286 1288 1219
f 1247 1288 1286
f 1208 1248 1301
f 1248 1196 1299
f 1301 1299 1222
f 1248 1299 1301
f 1219 1303 1287
f 1303 1222 1300
f 1287 1300 1200
f 1303 1300 1287
f 1208 1301 1288
f 1301 1222 1303
f 1288 1303 1219
f 1301 1303 1288
f 1196 1341 1252
f 1341 1231 1344
f 1252 1344 1209
f 1341 1344 1252
f 1231 1342 1346
f 1342 1202 1337
f 1346 1337 1230
f 1342 1337 1346
f 1209 1339 1251
f 1339 1230 1336
f 1251 1336 1195
f 1339 1336 1251
f 1231 1346 1344
f 1346 1230 1339
f 1344 1339 1209
f 1346 1339 1344
f 1202 1348 1333
f 1348 1232 1352
f 1333 1352 1229
f 1348 1352 1333
f 1232 1347 1350
f 1347 1201 1315
f 1350 1315 1225
f 1347 1315 1350
f 1229 1335 1332
f 1335 1225 1314
f 1332 1314 1193
f 1335 1314 1332
f 1232 1350 1352
f 1350 1225 1335
f 1352 1335 1229
f 1350 1335 1352
f 1201 1323 1318
f 1323 1227 1327
f 1318 1327 1226
f 1323 1327 1318
f 1227 1322 1325
f 1322 1198 1268
f 1325 1268 1214
f 1322 1268 1325
f 1226 1320 1317
f 1320 1214 1267
f 1317 1267 1197
f 1320 1267 1317
f 1227 1325 1327
f 1325 1214 1320
f 1327 1320 1226
f 1325 1320 1327
f 1198 1264 1280
f 1264 1213 1282
f 1280 1282 1218
f 1264 1282 1280
f 1213 1263 1271
f 1263 1192 1269
f 1271 1269 1215
f 1263 1269 1271
f 1218 1284 1281
f 1284 1215 1270
f 1281 1270 1199
f 1284 1270 1281
f 1213 1271 1282
f 1271 1215 1284
f 1282 1284 1218
f 1271 1284 1282
f 1194 1290 1240
f 1290 1220 1292
f 1240 1292 1206
f 1290 1292 1240
f 1220 1291 1298
f 1291 1200 1295
f 1298 1295 1221
f 1291 1295 1298
f 1206 1296 1241
f 1296 1221 1294
f 1241 1294 1195
f 1296 1294 1241
f 1220 1298 1292
f 1298 1221 1296
f 1292 1296 1206
f 1298 1296 1292
f 1194 1240 1236
f 1240 1206 1242
f 1236 1242 1204
f 1240 1242 1236
f 1206 1241 1243
f 1241 1195 1238
f 1243 1238 1205
f 1241 1238 1243
f 1204 1239 1235
f 1239 1205 1237
f 1235 1237 1193
f 1239 1237 1235
f 1206 1243 1242
f 1243 1205 1239
f 1242 1239 1204
f 1243 1239 1242
f 1194 1236 1256
f 1236 1204 1258
f 1256 1258 1211
f 1236 1258 1256
f 1204 1235 1255
f 1235 1193 1253
f 1255 1253 1210
f 1235 1253 1255
f 1211 1259 1257
f 1259 1210 1254
f 1257 1254 1197
f 1259 1254 1257
f 1204 1255 1258
f 1255 1210 1259
f 1258 1259 1211
f 1255 1259 1258
f 1194 1256 1272
f 1256 1211 1274
f 1272 1274 1216
f 1256 1274 1272
f 1211 1257 1277
f 1257 1197 1275
f 1277 1275 1217
f 1257 1275 1277
f 1216 1279 1273
f 1279 1217 1276
f 1273 1276 1199
f 1279 1276 1273
f 1211 1277 1274
f 1277 1217 1279
f 1274 1279 1216
f 1277 1279 1274
f 1194 1272 1290
f 1272 1216 1293
f 1290 1293 1220
f 1272 1293 1290
f 1216 1273 1308
f 1273 1199 1305
f 1308 1305 1223
f 1273 1305 1308
f 1220 1310 1291
f 1310 1223 1306
f 1291 1306 1200
f 1310 1306 1291
f 1216 1308 1293
f 1308 1223 1310
f 1293 1310 1220
f 1308 1310 1293
f 1195 1294 1251
f 1294 1221 1297
f 1251 1297 1209
f 1294 1297 1251
f 1221 1295 1304
f 1295 1200 1300
f 1304 1300 1222
f 1295 1300 1304
f 1209 1302 1252
f 1302 1222 1299
f 1252 1299 1196
f 1302 1299 1252
f 1221 1304 1297
f 1304 1222 1302
f 1297 1302 1209
f 1304 1302 1297
f 1193 1237 1332
f 1237 1205 1334
f 1332 1334 1229
f 1237 1334 1332
f 1205 1238 1338
f 1238 1195 1336
f 1338 1336 1230
f 1238 1336 1338
f 1229 1340 1333
f 1340 1230 1337
f 1333 1337 1202
f 1340 1337 1333
f 1205 1338 1334
f 1338 1230 1340
f 1334 1340 1229
f 1338 1340 1334
f 1197 1254 1317
f 1254 1210 1319
f 1317 1319 1226
f 1254 1319 1317
f 1210 1253 1316
f 1253 1193 1314
f 1316 1314 1225
f 1253 1314 1316
f 1226 1321 1318
f 1321 1225 1315
f 1318 1315 1201
f 1321 1315 1318
f 1210 1316 1319
f 1316 1225 1321
f 1319 1321 1226
f 1316 1321 1319
f 1199 1276 1281
f 1276 1217 1285
f 1281 1285 1218
f 1276 1285 1281
f 1217 1275 1278
f 1275 1197 1267
f 1278 1267 1214
f 1275 1267 1278
f 1218 1283 1280
f 1283 1214 1268
f 1280 1268 1198
f 1283 1268 1280
f 1217 1278 1285
f 1278 1214 1283
f 1285 1283 1218
f 1278 1283 1285
f 1200 1306 1287
f 1306 1223 1309
f 1287 1309 1219
f 1306 1309 1287
f 1223 1305 1307
f 1305 1199 1270
f 1307 1270 1215
f 1305 1270 1307
f 1219 1289 1286
f 1289 1215 1269
f 1286 1269 1192
f 1289 1269 1286
f 1223 1307 1309
f 1307 1215 1289
f 1309 1289 1219
f 1307 1289 1309
f 1353 1354 1356
f 1353 1356 1355
f 1355 1356 1358
f 1355 1358 1357
f 1357 1358 1360
f 1357 1360 1359
f 1359 1360 1362
f 1359 1362 1361
f 1361 1362 1364
f 1361 1364 1363
f 1363 1364 1366
f 1363 1366 1365
f 1365 1366 1368
f 1365 1368 1367
f 1367 1368 1354
f 1367 1354 1353
f 1369 1355 1353
f 1370 1354 1356
f 1369 1357 1355
f 1370 1356 1358
f 1369 1359 1357
f 1370 1358 1360
f 1369 1361 1359
f 1370 1360 1362
f 1369 1363 1361
f 1370 1362 1364
f 1369 1365 1363
f 1370 1364 1366
f 1369 1367 1365
f 1370 1366 1368
f 1369 1353 1367
f 1370 1368 1354
f 1371 1508 1424
f 1508 1408 1510
f 1424 1510 1387
f 1508 1510 1424
f 1408 1509 1525
f 1509 1382 1522
f 1525 1522 1411
f 1509 1522 1525
f 1387 1523 1425
f 1523 1411 1521
f 1425 1521 1376
f 1523 1521 1425
f 1408 1525 1510
f 1525 1411 1523
f 1510 1523 1387
f 1525 1523 1510
f 1371 1424 1413
f 1424 1387 1426
f 1413 1426 1383
f 1424 1426 1413
f 1387 1425 1430
f 1425 1376 1428
f 1430 1428 1388
f 1425 1428 1430
f 1383 1429 1414
f 1429 1388 1427
f 1414 1427 1372
f 1429 1427 1414
f 1387 1430 1426
f 1430 1388 1429
f 1426 1429 1383
f 1430 1429 1426
f 1371 1413 1440
f 1413 1383 1442
f 1440 1442 1392
f 1413 1442 1440
f 1383 1414 1445
f 1414 1372 1443
f 1445 1443 1393
f 1414 1443 1445
f 1392 1446 1441
f 1446 1393 1444
f 1441 1444 1378
f 1446 1444 1441
f 1383 1445 1442
f 1445 1393 1446
f 1442 1446 1392
f 1445 1446 1442
f 1371 1440 1491
f 1440 1392 1493
f 1491 1493 1404
f 1440 1493 1491
f 1392 1441 1504
f 1441 1378 1502
f 1504 1502 1407
f 1441 1502 1504
f 1404 1506 1492
f 1506 1407 1503
f 1492 1503 1381
f 1506 1503 1492
f 1392 1504 1493
f 1504 1407 1506
f 1493 1506 1404
f 1504 1506 1493
f 1371 1491 1508
f 1491 1404 1511
f 1508 1511 1408
f 1491 1511 1508
f 1404 1492 1529
f 1492 1381 1527
f 1529 1527 1412
f 1492 1527 1529
f 1408 1531 1509
f 1531 1412 1528
f 1509 1528 1382
f 1531 1528 1509
f 1404 1529 1511
f 1529 1412 1531
f 1511 1531 1408
f 1529 1531 1511
f 1372 1427 1466
f 1427 1388 1468
f 1466 1468 1399
f 1427 1468 1466
f 1388 1428 1481
f 1428 1376 1479
f 1481 1479 1402
f 1428 1479 1481
f 1399 1483 1467
f 1483 1402 1480
f 1467 1480 1380
f 1483 1480 1467
f 1388 1481 1468
f 1481 1402 1483
f 1468 1483 1399
f 1481 1483 1468
f 1376 1521 1432
f 1521 1411 1524
f 1432 1524 1389
f 1521 1524 1432
f 1411 1522 1526
f 1522 1382 1517
f 1526 1517 1410
f 1522 1517 1526
f 1389 1519 1431
f 1519 1410 1516
f 1431 1516 1375
f 1519 1516 1431
f 1411 1526 1524
f 1526 1410 1519
f 1524 1519 1389
f 1526 1519 1524
f 1382 1528 1513
f 1528 1412 1532
f 1513 1532 1409
f 1528 1532 1513
f 1412 1527 1530
f 1527 1381 1495
f 1530 1495 1405
f 1527 1495 1530
f 1409 1515 1512
f 1515 1405 1494
f 1512 1494 1373
f 1515 1494 1512
f 1412 1530 1532
f 1530 1405 1515
f 1532 1515 1409
f 1530 1515 1532
f 1381 1503 1498
f 1503 1407 1507
f 1498 1507 1406
f 1503 1507 1498
f 1407 1502 1505
f 1502 1378 1448
f 1505 1448 1394
f 1502 1448 1505
f 1406 1500 1497
f 1500 1394 1447
f 1497 1447 1377
f 1500 1447 1497
f 1407 1505 1507
f 1505 1394 1500
f 1507 1500 1406
f 1505 1500 1507
f 1378 1444 1460
f 1444 1393 1462
f 1460 1462 1398
f 1444 1462 1460
f 1393 1443 1451
f 1443 1372 1449
f 1451 1449 1395
f 1443 1449 1451
f 1398 1464 1461
f 1464 1395 1450
f 1461 1450 1379
f 1464 1450 1461
f 1393 1451 1462
f 1451 1395 1464
f 1462 1464 1398
f 1451 1464 1462
f 1374 1470 1420
f 1470 1400 1472
f 1420 1472 1386
f 1470 1472 1420
f 1400 1471 1478
f 1471 1380 1475
f 1478 1475 1401
f 1471 1475 1478
f 1386 1476 1421
f 1476 1401 1474
f 1421 1474 1375
f 1476 1474 1421
f 1400 1478 1472
f 1478 1401 1476
f 1472 1476 1386
f 1478 1476 1472
f 1374 1420 1416
f 1420 1386 1422
f 1416 1422 1384
f 1420 1422 1416
f 1386 1421 1423
f 1421 1375 1418
f 1423 1418 1385
f 1421 1418 1423
f 1384 1419 1415
f 1419 1385 1417
f 1415 1417 1373
f 1419 1417 1415
f 1386 1423 1422
f 1423 1385 1419
f 1422 1419 1384
f 1423 1419 1422
f 1374 1416 1436
f 1416 1384 1438
f 1436 1438 1391
f 1416 1438 1436
f 1384 1415 1435
f 1415 1373 1433
f 1435 1433 1390
f 1415 1433 1435
f 1391 1439 1437
f 1439 1390 1434
f 1437 1434 1377
f 1439 1434 1437
f 1384 1435 1438
f 1435 1390 1439
f 1438 1439 1391
f 1435 1439 1438
f 1374 1436 1452
f 1436 1391 1454
f 1452 1454 1396
f 1436 1454 1452
f 1391 1437 1457
f 1437 1377 1455
f 1457 1455 1397
f 1437 1455 1457
f 1396 1459 1453
f 1459 1397 1456
f 1453 1456 1379
f 1459 1456 1453
f 1391 1457 1454
f 1457 1397 1459
f 1454 1459 1396
f 1457 1459 1454
f 1374 1452 1470
f 1452 1396 1473
f 1470 1473 1400
f 1452 1473 1470
f 1396 1453 1488
f 1453 1379 1485
f 1488 1485 1403
f 1453 1485 1488
f 1400 1490 1471
f 1490 1403 1486
f 1471 1486 1380
f 1490 1486 1471
f 1396 1488 1473
f 1488 1403 1490
f 1473 1490 1400
f 1488 1490 1473
f 1375 1474 1431
f 1474 1401 1477
f 1431 1477 1389
f 1474 1477 1431
f 1401 1475 1484
f 1475 1380 1480
f 1484 1480 1402
f 1475 1480 1484
f 1389 1482 1432
f 1482 1402 1479
f 1432 1479 1376
f 1482 1479 1432
f 1401 1484 1477
f 1484 1402 1482
f 1477 1482 1389
f 1484 1482 1477
f 1373 1417 1512
f 1417 1385 1514
f 1512 1514 1409
f 1417 1514 1512
f 1385 1418 1518
f 1418 1375 1516
f 1518 1516 1410
f 1418 1516 1518
f 1409 1520 1513
f 1520 1410 1517
f 1513 1517 1382
f 1520 1517 1513
f 1385 1518 1514
f 1518 1410 1520
f 1514 1520 1409
f 1518 1520 1514
f 1377 1434 1497
f 1434 1390 1499
f 1497 1499 1406
f 1434 1499 1497
f 1390 1433 1496
f 1433 1373 1494
f 1496 1494 1405
f 1433 1494 1496
f 1406 1501 1498
f 1501 1405 1495
f 1498 1495 1381
f 1501 1495 1498
f 1390 1496 1499
f 1496 1405 1501
f 1499 1501 1406
f 1496 1501 1499
f 1379 1456 1461
f 1456 1397 1465
f 1461 1465 1398
f 1456 1465 1461
f 1397 1455 1458
f 1455 1377 1447
f 1458 1447 1394
f 1455 1447 1458
f 1398 1463 1460
f 1463 1394 1448
f 1460 1448 1378
f 1463 1448 1460
f 1397 1458 1465
f 1458 1394 1463
f 1465 1463 1398
f 1458 1463 1465
f 1380 1486 1467
f 1486 1403 1489
f 1467 1489 1399
f 1486 1489 1467
f 1403 1485 1487
f 1485 1379 1450
f 1487 1450 1395
f 1485 1450 1487
f 1399 1469 1466
f 1469 1395 1449
f 1466 1449 1372
f 1469 1449 1466
f 1403 1487 1489
f 1487 1395 1469
f 1489 1469 1399
f 1487 1469 1489
f 1533 1670 1586
f 1670 1570 1672
f 1586 1672 1549
f 1670 1672 1586
f 1570 1671 1687
f 1671 1544 1684
f 1687 1684 1573
f 1671 1684 1687
f 1549 1685 1587
f 1685 1573 1683
f 1587 1683 1538
f 1685 1683 1587
f 1570 1687 1672
f 1687 1573 1685
f 1672 1685 1549
f 1687 1685 1672
f 1533 1586 1575
f 1586 1549 1588
f 1575 1588 1545
f 1586 1588 1575
f 1549 1587 1592
f 1587 1538 1590
f 1592 1590 1550
f 1587 1590 1592
f 1545 1591 1576
f 1591 1550 1589
f 1576 1589 1534
f 1591 1589 1576
f 1549 1592 1588
f 1592 1550 1591
f 1588 1591 1545
f 1592 1591 1588
f 1533 1575 1602
f 1575 1545 1604
f 1602 1604 1554
f 1575 1604 1602
f 1545 1576 1607
f 1576 1534 1605
f 1607 1605 1555
f 1576 1605 1607
f 1554 1608 1603
f 1608 1555 1606
f 1603 1606 1540
f 1608 1606 1603
f 1545 1607 1604
f 1607 1555 1608
f 1604 1608 1554
f 1607 1608 1604
f 1533 1602 1653
f 1602 1554 1655
f 1653 1655 1566
f 1602 1655 1653
f 1554 1603 1666
f 1603 1540 1664
f 1666 1664 1569
f 1603 1664 1666
f 1566 1668 1654
f 1668 1569 1665
f 1654 1665 1543
f 1668 1665 1654
f 1554 1666 1655
f 1666 1569 1668
f 1655 1668 1566
f 1666 1668 1655
f 1533 1653 1670
f 1653 1566 1673
f 1670 1673 1570
f 1653 1673 1670
f 1566 1654 1691
f 1654 1543 1689
f 1691 1689 1574
f 1654 1689 1691
f 1570 1693 1671
f 1693 1574 1690
f 1671 1690 1544
f 1693 1690 1671
f 1566 1691 1673
f 1691 1574 1693
f 1673 1693 1570
f 1691 1693 1673
f 1534 1589 1628
f 1589 1550 1630
f 1628 1630 1561
f 1589 1630 1628
f 1550 1590 1643
f 1590 1538 1641
f 1643 1641 1564
f 1590 1641 1643
f 1561 1645 1629
f 1645 1564 1642
f 1629 1642 1542
f 1645 1642 1629
f 1550 1643 1630
f 1643 1564 1645
f 1630 1645 1561
f 1643 1645 1630
f 1538 1683 1594
f 1683 1573 1686
f 1594 1686 1551
f 1683 1686 1594
f 1573 1684 1688
f 1684 1544 1679
f 1688 1679 1572
f 1684 1679 1688
f 1551 1681 1593
f 1681 1572 1678
f 1593 1678 1537
f 1681 1678 1593
f 1573 1688 1686
f 1688 1572 1681
f 1686 1681 1551
f 1688 1681 1686
f 1544 1690 1675
f 1690 1574 1694
f 1675 1694 1571
f 1690 1694 1675
f 1574 1689 1692
f 1689 1543 1657
f 1692 1657 1567
f 1689 1657 1692
f 1571 1677 1674
f 1677 1567 1656
f 1674 1656 1535
f 1677 1656 1674
f 1574 1692 1694
f 1692 1567 1677
f 1694 1677 1571
f 1692 1677 1694
f 1543 1665 1660
f 1665 1569 1669
f 1660 1669 1568
f 1665 1669 1660
f 1569 1664 1667
f 1664 1540 1610
f 1667 1610 1556
f 1664 1610 1667
f 1568 1662 1659
f 1662 1556 1609
f 1659 1609 1539
f 1662 1609 1659
f 1569 1667 1669
f 1667 1556 1662
f 1669 1662 1568
f 1667 1662 1669
f 1540 1606 1622
f 1606 1555 1624
f 1622 1624 1560
f 1606 1624 1622
f 1555 1605 1613
f 1605 1534 1611
f 1613 1611 1557
f 1605 1611 1613
f 1560 1626 1623
f 1626 1557 1612
f 1623 1612 1541
f 1626 1612 1623
f 1555 1613 1624
f 1613 1557 1626
f 1624 1626 1560
f 1613 1626 1624
f 1536 1632 1582
f 1632 1562 1634
f 1582 1634 1548
f 1632 1634 1582
f 1562 1633 1640
f 1633 1542 1637
f 1640 1637 1563
f 1633 1637 1640
f 1548 1638 1583
f 1638 1563 1636
f 1583 1636 1537
f 1638 1636 1583
f 1562 1640 1634
f 1640 1563 1638
f 1634 1638 1548
f 1640 1638 1634
f 1536 1582 1578
f 1582 1548 1584
f 1578 1584 1546
f 1582 1584 1578
f 1548 1583 1585
f 1583 1537 1580
f 1585 1580 1547
f 1583 1580 1585
f 1546 1581 1577
f 1581 1547 1579
f 1577 1579 1535
f 1581 1579 1577
f 1548 1585 1584
f 1585 1547 1581
f 1584 1581 1546
f 1585 1581 1584
f 1536 1578 1598
f 1578 1546 1600
f 1598 1600 1553
f 1578 1600 1598
f 1546 1577 1597
f 1577 1535 1595
f 1597 1595 1552
f 1577 1595 1597
f 1553 1601 1599
f 1601 1552 1596
f 1599 1596 1539
f 1601 1596 1599
f 1546 1597 1600
f 1597 1552 1601
f 1600 1601 1553
f 1597 1601 1600
f 1536 1598 1614
f 1598 1553 1616
f 1614 1616 1558
f 1598 1616 1614
f 1553 1599 1619
f 1599 1539 1617
f 1619 1617 1559
f 1599 1617 1619
f 1558 1621 1615
f 1621 1559 1618
f 1615 1618 1541
f 1621 1618 1615
f 1553 1619 1616
f 1619 1559 1621
f 1616 1621 1558
f 1619 1621 1616
f 1536 1614 1632
f 1614 1558 1635
f 1632 1635 1562
f 1614 1635 1632
f 1558 1615 1650
f 1615 1541 1647
f 1650 1647 1565
f 1615 1647 1650
f 1562 1652 1633
f 1652 1565 1648
f 1633 1648 1542
f 1652 1648 1633
f 1558 1650 1635
f 1650 1565 1652
f 1635 1652 1562
f 1650 1652 1635
f 1537 1636 1593
f 1636 1563 1639
f 1593 1639 1551
f 1636 1639 1593
f 1563 1637 1646
f 1637 1542 1642
f 1646 1642 1564
f 1637 1642 1646
f 1551 1644 1594
f 1644 1564 1641
f 1594 1641 1538
f 1644 1641 1594
f 1563 1646 1639
f 1646 1564 1644
f 1639 1644 1551
f 1646 1644 1639
f 1535 1579 1674
f 1579 1547 1676
f 1674 1676 1571
f 1579 1676 1674
f 1547 1580 1680
f 1580 1537 1678
f 1680 1678 1572
f 1580 1678 1680
f 1571 1682 1675
f 1682 1572 1679
f 1675 1679 1544
f 1682 1679 1675
f 1547 1680 1676
f 1680 1572 1682
f 1676 1682 1571
f 1680 1682 1676
f 1539 1596 1659
f 1596 1552 1661
f 1659 1661 1568
f 1596 1661 1659
f 1552 1595 1658
f 1595 1535 1656
f 1658 1656 1567
f 1595 1656 1658
f 1568 1663 1660
f 1663 1567 1657
f 1660 1657 1543
f 1663 1657 1660
f 1552 1658 1661
f 1658 1567 1663
f 1661 1663 1568
f 1658 1663 1661
f 1541 1618 1623
f 1618 1559 1627
f 1623 1627 1560
f 1618 1627 1623
f 1559 1617 1620
f 1617 1539 1609
f 1620 1609 1556
f 1617 1609 1620
f 1560 1625 1622
f 1625 1556 1610
f 1622 1610 1540
f 1625 1610 1622
f 1559 1620 1627
f 1620 1556 1625
f 1627 1625 1560
f 1620 1625 1627
f 1542 1648 1629
f 1648 1565 1651
f 1629 1651 1561
f 1648 1651 1629
f 1565 1647 1649
f 1647 1541 1612
f 1649 1612 1557
f 1647 1612 1649
f 1561 1631 1628
f 1631 1557 1611
f 1628 1611 1534
f 1631 1611 1628
f 1565 1649 1651
f 1649 1557 1631
f 1651 1631 1561
f 1649 1631 1651
f 1695 1832 1748
f 1832 1732 1834
f 1748 1834 1711
f 1832 1834 1748
f 1732 1833 1849
f 1833 1706 1846
f 1849 1846 1735
f 1833 1846 1849
f 1711 1847 1749
f 1847 1735 1845
f 1749 1845 1700
f 1847 1845 1749
f 1732 1849 1834
f 1849 1735 1847
f 1834 1847 1711
f 1849 1847 1834
f 1695 1748 1737
f 1748 1711 1750
f 1737 1750 1707
f 1748 1750 1737
f 1711 1749 1754
f 1749 1700 1752
f 1754 1752 1712
f 1749 1752 1754
f 1707 1753 1738
f 1753 1712 1751
f 1738 1751 1696
f 1753 1751 1738
f 1711 1754 1750
f 1754 1712 1753
f 1750 1753 1707
f 1754 1753 1750
f 1695 1737 1764
f 1737 1707 1766
f 1764 1766 1716
f 1737 1766 1764
f 1707 1738 1769
f 1738 1696 1767
f 1769 1767 1717
f 1738 1767 1769
f 1716 1770 1765
f 1770 1717 1768
f 1765 1768 1702
f 1770 1768 1765
f 1707 1769 1766
f 1769 1717 1770
f 1766 1770 1716
f 1769 1770 1766
f 1695 1764 1815
f 1764 1716 1817
f 1815 1817 1728
f 1764 1817 1815
f 1716 1765 1828
f 1765 1702 1826
f 1828 1826 1731
f 1765 1826 1828
f 1728 1830 1816
f 1830 1731 1827
f 1816 1827 1705
f 1830 1827 1816
f 1716 1828 1817
f 1828 1731 1830
f 1817 1830 1728
f 1828 1830 1817
f 1695 1815 1832
f 1815 1728 1835
f 1832 1835 1732
f 1815 1835 1832
f 1728 1816 1853
f 1816 1705 1851
f 1853 1851 1736
f 1816 1851 1853
f 1732 1855 1833
f 1855 1736 1852
f 1833 1852 1706
f 1855 1852 1833
f 1728 1853 1835
f 1853 1736 1855
f 1835 1855 1732
f 1853 1855 1835
f 1696 1751 1790
f 1751 1712 1792
f 1790 1792 1723
f 1751 1792 1790
f 1712 1752 1805
f 1752 1700 1803
f 1805 1803 1726
f 1752 1803 1805
f 1723 1807 1791
f 1807 1726 1804
f 1791 1804 1704
f 1807 1804 1791
f 1712 1805 1792
f 1805 1726 1807
f 1792 1807 1723
f 1805 1807 1792
f 1700 1845 1756
f 1845 1735 1848
f 1756 1848 1713
f 1845 1848 1756
f 1735 1846 1850
f 1846 1706 1841
f 1850 1841 1734
f 1846 1841 1850
f 1713 1843 1755
f 1843 1734 1840
f 1755 1840 1699
f 1843 1840 1755
f 1735 1850 1848
f 1850 1734 1843
f 1848 1843 1713
f 1850 1843 1848
f 1706 1852 1837
f 1852 1736 1856
f 1837 1856 1733
f 1852 1856 1837
f 1736 1851 1854
f 1851 1705 1819
f 1854 1819 1729
f 1851 1819 1854
f 1733 1839 1836
f 1839 1729 1818
f 1836 1818 1697
f 1839 1818 1836
f 1736 1854 1856
f 1854 1729 1839
f 1856 1839 1733
f 1854 1839 1856
f 1705 1827 1822
f 1827 1731 1831
f 1822 1831 1730
f 1827 1831 1822
f 1731 1826 1829
f 1826 1702 1772
f 1829 1772 1718
f 1826 1772 1829
f 1730 1824 1821
f 1824 1718 1771
f 1821 1771 1701
f 1824 1771 1821
f 1731 1829 1831
f 1829 1718 1824
f 1831 1824 1730
f 1829 1824 1831
f 1702 1768 1784
f 1768 1717 1786
f 1784 1786 1722
f 1768 1786 1784
f 1717 1767 1775
f 1767 1696 1773
f 1775 1773 1719
f 1767 1773 1775
f 1722 1788 1785
f 1788 1719 1774
f 1785 1774 1703
f 1788 1774 1785
f 1717 1775 1786
f 1775 1719 1788
f 1786 1788 1722
f 1775 1788 1786
f 1698 1794 1744
f 1794 1724 1796
f 1744 1796 1710
f 1794 1796 1744
f 1724 1795 1802
f 1795 1704 1799
f 1802 1799 1725
f 1795 1799 1802
f 1710 1800 1745
f 1800 1725 1798
f 1745 1798 1699
f 1800 1798 1745
f 1724 1802 1796
f 1802 1725 1800
f 1796 1800 1710
f 1802 1800 1796
f 1698 1744 1740
f 1744 1710 1746
f 1740 1746 1708
f 1744 1746 1740
f 1710 1745 1747
f 1745 1699 1742
f 1747 1742 1709
f 1745 1742 1747
f 1708 1743 1739
f 1743 1709 1741
f 1739 1741 1697
f 1743 1741 1739
f 1710 1747 1746
f 1747 1709 1743
f 1746 1743 1708
f 1747 1743 1746
f 1698 1740 1760
f 1740 1708 1762
f 1760 1762 1715
f 1740 1762 1760
f 1708 1739 1759
f 1739 1697 1757
f 1759 1757 1714
f 1739 1757 1759
f 1715 1763 1761
f 1763 1714 1758
f 1761 1758 1701
f 1763 1758 1761
f 1708 1759 1762
f 1759 1714 1763
f 1762 1763 1715
f 1759 1763 1762
f 1698 1760 1776
f 1760 1715 1778
f 1776 1778 1720
f 1760 1778 1776
f 1715 1761 1781
f 1761 1701 1779
f 1781 1779 1721
f 1761 1779 1781
f 1720 1783 1777
f 1783 1721 1780
f 1777 1780 1703
f 1783 1780 1777
f 1715 1781 1778
f 1781 1721 1783
f 1778 1783 1720
f 1781 1783 1778
f 1698 1776 1794
f 1776 1720 1797
f 1794 1797 1724
f 1776 1797 1794
f 1720 1777 1812
f 1777 1703 1809
f 1812 1809 1727
f 1777 1809 1812
f 1724 1814 1795
f 1814 1727 1810
f 1795 1810 1704
f 1814 1810 1795
f 1720 1812 1797
f 1812 1727 1814
f 1797 1814 1724
f 1812 1814 1797
f 1699 1798 1755
f 1798 1725 1801
f 1755 1801 1713
f 1798 1801 1755
f 1725 1799 1808
f 1799 1704 1804
f 1808 1804 1726
f 1799 1804 1808
f 1713 1806 1756
f 1806 1726 1803
f 1756 1803 1700
f 1806 1803 1756
f 1725 1808 1801
f 1808 1726 1806
f 1801 1806 1713
f 1808 1806 1801
f 1697 1741 1836
f 1741 1709 1838
f 1836 1838 1733
f 1741 1838 1836
f 1709 1742 1842
f 1742 1699 1840
f 1842 1840 1734
f 1742 1840 1842
f 1733 1844 1837
f 1844 1734 1841
f 1837 1841 1706
f 1844 1841 1837
f 1709 1842 1838
f 1842 1734 1844
f 1838 1844 1733
f 1842 1844 1838
f 1701 1758 1821
f 1758 1714 1823
f 1821 1823 1730
f 1758 1823 1821
f 1714 1757 1820
f 1757 1697 1818
f 1820 1818 1729
f 1757 1818 1820
f 1730 1825 1822
f 1825 1729 1819
f 1822 1819 1705
f 1825 1819 1822
f 1714 1820 1823
f 1820 1729 1825
f 1823 1825 1730
f 1820 1825 1823
f 1703 1780 1785
f 1780 1721 1789
f 1785 1789 1722
f 1780 1789 1785
f 1721 1779 1782
f 1779 1701 1771
f 1782 1771 1718
f 1779 1771 1782
f 1722 1787 1784
f 1787 1718 1772
f 1784 1772 1702
f 1787 1772 1784
f 1721 1782 1789
f 1782 1718 1787
f 1789 1787 1722
f 1782 1787 1789
f 1704 1810 1791
f 1810 1727 1813
f 1791 1813 1723
f 1810 1813 1791
f 1727 1809 1811
f 1809 1703 1774
f 1811 1774 1719
f 1809 1774 1811
f 1723 1793 1790
f 1793 1719 1773
f 1790 1773 1696
f 1793 1773 1790
f 1727 1811 1813
f 1811 1719 1793
f 1813 1793 1723
f 1811 1793 1813
f 1857 1858 1860
f 1857 1860 1859
f 1859 1860 1862
f 1859 1862 1861
f 1861 1862 1864
f 1861 1864 1863
f 1863 1864 1866
f 1863 1866 1865
f 1865 1866 1868
f 1865 1868 1867
f 1867 1868 1870
f 1867 1870 1869
f 1869 1870 1872
f 1869 1872 1871
f 1871 1872 1858
f 1871 1858 1857
f 1873 1859 1857
f 1874 1858 1860
f 1873 1861 1859
f 1874 1860 1862
f 1873 1863 1861
f 1874 1862 1864
f 1873 1865 1863
f 1874 1864 1866
f 1873 1867 1865
f 1874 1866 1868
f 1873 1869 1867
f 1874 1868 1870
f 1873 1871 1869
f 1874 1870 1872
f 1873 1857 1871
f 1874 1872 1858
f 1875 2012 1928
f 2012 1912 2014
f 1928 2014 1891
f 2012 2014 1928
f 1912 2013 2029
f 2013 1886 2026
f 2029 2026 1915
f 2013 2026 2029
f 1891 2027 1929
f 2027 1915 2025
f 1929 2025 1880
f 2027 2025 1929
f 1912 2029 2014
f 2029 1915 2027
f 2014 2027 1891
f 2029 2027 2014
f 1875 1928 1917
f 1928 1891 1930
f 1917 1930 1887
f 1928 1930 1917
f 1891 1929 1934
f 1929 1880 1932
f 1934 1932 1892
f 1929 1932 1934
f 1887 1933 1918
f 1933 1892 1931
f 1918 1931 1876
f 1933 1931 1918
f 1891 1934 1930
f 1934 1892 1933
f 1930 1933 1887
f 1934 1933 1930
f 1875 1917 1944
f 1917 1887 1946
f 1944 1946 1896
f 1917 1946 1944
f 1887 1918 1949
f 1918 1876 1947
f 1949 1947 1897
f 1918 1947 1949
f 1896 1950 1945
f 1950 1897 1948
f 1945 1948 1882
f 1950 1948 1945
f 1887 1949 1946
f 1949 1897 1950
f 1946 1950 1896
f 1949 1950 1946
f 1875 1944 1995
f 1944 1896 1997
f 1995 1997 1908
f 1944 1997 1995
f 1896 1945 2008
f 1945 1882 2006
f 2008 2006 1911
f 1945 2006 2008
f 1908 2010 1996
f 2010 1911 2007
f 1996 2007 1885
f 2010 2007 1996
f 1896 2008 1997
f 2008 1911 2010
f 1997 2010 1908
f 2008 2010 1997
f 1875 1995 2012
f 1995 1908 2015
f 2012 2015 1912
f 1995 2015 2012
f 1908 1996 2033
f 1996 1885 2031
f 2033 2031 1916
f 1996 2031 2033
f 1912 2035 2013
f 2035 1916 2032
f 2013 2032 1886
f 2035 2032 2013
f 1908 2033 2015
f 2033 1916 2035
f 2015 2035 1912
f 2033 2035 2015
f 1876 1931 1970
f 1931 1892 1972
f 1970 1972 1903
f 1931 1972 1970
f 1892 1932 1985
f 1932 1880 1983
f 1985 1983 1906
f 1932 1983 1985
f 1903 1987 1971
f 1987 1906 1984
f 1971 1984 1884
f 1987 1984 1971
f 1892 1985 1972
f 1985 1906 1987
f 1972 1987 1903
f 1985 1987 1972
f 1880 2025 1936
f 2025 1915 2028
f 1936 2028 1893
f 2025 2028 1936
f 1915 2026 2030
f 2026 1886 2021
f 2030 2021 1914
f 2026 2021 2030
f 1893 2023 1935
f 2023 1914 2020
f 1935 2020 1879
f 2023 2020 1935
f 1915 2030 2028
f 2030 1914 2023
f 2028 2023 1893
f 2030 2023 2028
f 1886 2032 2017
f 2032 1916 2036
f 2017 2036 1913
f 2032 2036 2017
f 1916 2031 2034
f 2031 1885 1999
f 2034 1999 1909
f 2031 1999 2034
f 1913 2019 2016
f 2019 1909 1998
f 2016 1998 1877
f 2019 1998 2016
f 1916 2034 2036
f 2034 1909 2019
f 2036 2019 1913
f 2034 2019 2036
f 1885 2007 2002
f 2007 1911 2011
f 2002 2011 1910
f 2007 2011 2002
f 1911 2006 2009
f 2006 1882 1952
f 2009 1952 1898
f 2006 1952 2009
f 1910 2004 2001
f 2004 1898 1951
f 2001 1951 1881
f 2004 1951 2001
f 1911 2009 2011
f 2009 1898 2004
f 2011 2004 1910
f 2009 2004 2011
f 1882 1948 1964
f 1948 1897 1966
f 1964 1966 1902
f 1948 1966 1964
f 1897 1947 1955
f 1947 1876 1953
f 1955 1953 1899
f 1947 1953 1955
f 1902 1968 1965
f 1968 1899 1954
f 1965 1954 1883
f 1968 1954 1965
f 1897 1955 1966
f 1955 1899 1968
f 1966 1968 1902
f 1955 1968 1966
f 1878 1974 1924
f 1974 1904 1976
f 1924 1976 1890
f 1974 1976 1924
f 1904 1975 1982
f 1975 1884 1979
f 1982 1979 1905
f 1975 1979 1982
f 1890 1980 1925
f 1980 1905 1978
f 1925 1978 1879
f 1980 1978 1925
f 1904 1982 1976
f 1982 1905 1980
f 1976 1980 1890
f 1982 1980 1976
f 1878 1924 1920
f 1924 1890 1926
f 1920 1926 1888
f 1924 1926 1920
f 1890 1925 1927
f 1925 1879 1922
f 1927 1922 1889
f 1925 1922 1927
f 1888 1923 1919
f 1923 1889 1921
f 1919 1921 1877
f 1923 1921 1919
f 1890 1927 1926
f 1927 1889 1923
f 1926 1923 1888
f 1927 1923 1926
f 1878 1920 1940
f 1920 1888 1942
f 1940 1942 1895
f 1920 1942 1940
f 1888 1919 1939
f 1919 1877 1937
f 1939 1937 1894
f 1919 1937 1939
f 1895 1943 1941
f 1943 1894 1938
f 1941 1938 1881
f 1943 1938 1941
f 1888 1939 1942
f 1939 1894 1943
f 1942 1943 1895
f 1939 1943 1942
f 1878 1940 1956
f 1940 1895 1958
f 1956 1958 1900
f 1940 1958 1956
f 1895 1941 1961
f 1941 1881 1959
f 1961 1959 1901
f 1941 1959 1961
f 1900 1963 1957
f 1963 1901 1960
f 1957 1960 1883
f 1963 1960 1957
f 1895 1961 1958
f 1961 1901 1963
f 1958 1963 1900
f 1961 1963 1958
f 1878 1956 1974
f 1956 1900 1977
f 1974 1977 1904
f 1956 1977 1974
f 1900 1957 1992
f 1957 1883 1989
f 1992 1989 1907
f 1957 1989 1992
f 1904 1994 1975
f 1994 1907 1990
f 1975 1990 1884
f 1994 1990 1975
f 1900 1992 1977
f 1992 1907 1994
f 1977 1994 1904
f 1992 1994 1977
f 1879 1978 1935
f 1978 1905 1981
f 1935 1981 1893
f 1978 1981 1935
f 1905 1979 1988
f 1979 1884 1984
f 1988 1984 1906
f 1979 1984 1988
f 1893 1986 1936
f 1986 1906 1983
f 1936 1983 1880
f 1986 1983 1936
f 1905 1988 1981
f 1988 1906 1986
f 1981 1986 1893
f 1988 1986 1981
f 1877 1921 2016
f 1921 1889 2018
f 2016 2018 1913
f 1921 2018 2016
f 1889 1922 2022
f 1922 1879 2020
f 2022 2020 1914
f 1922 2020 2022
f 1913 2024 2017
f 2024 1914 2021
f 2017 2021 1886
f 2024 2021 2017
f 1889 2022 2018
f 2022 1914 2024
f 2018 2024 1913
f 2022 2024 2018
f 1881 1938 2001
f 1938 1894 2003
f 2001 2003 1910
f 1938 2003 2001
f 1894 1937 2000
f 1937 1877 1998
f 2000 1998 1909
f 1937 1998 2000
f 1910 2005 2002
f 2005 1909 1999
f 2002 1999 1885
f 2005 1999 2002
f 1894 2000 2003
f 2000 1909 2005
f 2003 2005 1910
f 2000 2005 2003
f 1883 1960 1965
f 1960 1901 1969
f 1965 1969 1902
f 1960 1969 1965
f 1901 1959 1962
f 1959 1881 1951
f 1962 1951 1898
f 1959 1951 1962
f 1902 1967 1964
f 1967 1898 1952
f 1964 1952 1882
f 1967 1952 1964
f 1901 1962 1969
f 1962 1898 1967
f 1969 1967 1902
f 1962 1967 1969
f 1884 1990 1971
f 1990 1907 1993
f 1971 1993 1903
f 1990 1993 1971
f 1907 1989 1991
f 1989 1883 1954
f 1991 1954 1899
f 1989 1954 1991
f 1903 1973 1970
f 1973 1899 1953
f 1970 1953 1876
f 1973 1953 1970
f 1907 1991 1993
f 1991 1899 1973
f 1993 1973 1903
f 1991 1973 1993
f 2037 2038 2040
f 2037 2040 2039
f 2039 2040 2042
f 2039 2042 2041
f 2041 2042 2044
f 2041 2044 2043
f 2043 2044 2046
f 2043 2046 2045
f 2045 2046 2048
f 2045 2048 2047
f 2047 2048 2050
f 2047 2050 2049
f 2049 2050 2052
f 2049 2052 2051
f 2051 2052 2038
f 2051 2038 2037
f 2053 2039 2037
f 2054 2038 2040
f 2053 2041 2039
f 2054 2040 2042
f 2053 2043 2041
f 2054 2042 2044
f 2053 2045 2043
f 2054 2044 2046
f 2053 2047 2045
f 2054 2046 2048
f 2053 2049 2047
f 2054 2048 2050
f 2053 2051 2049
f 2054 2050 2052
f 2053 2037 2051
f 2054 2052 2038
f 2055 2192 2108
f 2192 2092 2194
f 2108 2194 2071
f 2192 2194 2108
f 2092 2193 2209
f 2193 2066 2206
f 2209 2206 2095
f 2193 2206 2209
f 2071 2207 2109
f 2207 2095 2205
f 2109 2205 2060
f 2207 2205 2109
f 2092 2209 2194
f 2209 2095 2207
f 2194 2207 2071
f 2209 2207 2194
f 2055 2108 2097
f 2108 2071 2110
f 2097 2110 2067
f 2108 2110 2097
f 2071 2109 2114
f 2109 2060 2112
f 2114 2112 2072
f 2109 2112 2114
f 2067 2113 2098
f 2113 2072 2111
f 2098 2111 2056
f 2113 2111 2098
f 2071 2114 2110
f 2114 2072 2113
f 2110 2113 2067
f 2114 2113 2110
f 2055 2097 2124
f 2097 2067 2126
f 2124 2126 2076
f 2097 2126 2124
f 2067 2098 2129
f 2098 2056 2127
f 2129 2127 2077
f 2098 2127 2129
f 2076 2130 2125
f 2130 2077 2128
f 2125 2128 2062
f 2130 2128 2125
f 2067 2129 2126
f 2129 2077 2130
f 2126 2130 2076
f 2129 2130 2126
f 2055 2124 2175
f 2124 2076 2177
f 2175 2177 2088
f 2124 2177 2175
f 2076 2125 2188
f 2125 2062 2186
f 2188 2186 2091
f 2125 2186 2188
f 2088 2190 2176
f 2190 2091 2187
f 2176 2187 2065
f 2190 2187 2176
f 2076 2188 2177
f 2188 2091 2190
f 2177 2190 2088
f 2188 2190 2177
f 2055 2175 2192
f 2175 2088 2195
f 2192 2195 2092
f 2175 2195 2192
f 2088 2176 2213
f 2176 2065 2211
f 2213 2211 2096
f 2176 2211 2213
f 2092 2215 2193
f 2215 2096 2212
f 2193 2212 2066
f 2215 2212 2193
f 2088 2213 2195
f 2213 2096 2215
f 2195 2215 2092
f 2213 2215 2195
f 2056 2111 2150
f 2111 2072 2152
f 2150 2152 2083
f 2111 2152 2150
f 2072 2112 2165
f 2112 2060 2163
f 2165 2163 2086
f 2112 2163 2165
f 2083 2167 2151
f 2167 2086 2164
f 2151 2164 2064
f 2167 2164 2151
f 2072 2165 2152
f 2165 2086 2167
f 2152 2167 2083
f 2165 2167 2152
f 2060 2205 2116
f 2205 2095 2208
f 2116 2208 2073
f 2205 2208 2116
f 2095 2206 2210
f 2206 2066 2201
f 2210 2201 2094
f 2206 2201 2210
f 2073 2203 2115
f 2203 2094 2200
f 2115 2200 2059
f 2203 2200 2115
f 2095 2210 2208
f 2210 2094 2203
f 2208 2203 2073
f 2210 2203 2208
f 2066 2212 2197
f 2212 2096 2216
f 2197 2216 2093
f 2212 2216 2197
f 2096 2211 2214
f 2211 2065 2179
f 2214 2179 2089
f 2211 2179 2214
f 2093 2199 2196
f 2199 2089 2178
f 2196 2178 2057
f 2199 2178 2196
f 2096 2214 2216
f 2214 2089 2199
f 2216 2199 2093
f 2214 2199 2216
f 2065 2187 2182
f 2187 2091 2191
f 2182 2191 2090
f 2187 2191 2182
f 2091 2186 2189
f 2186 2062 2132
f 2189 2132 2078
f 2186 2132 2189
f 2090 2184 2181
f 2184 2078 2131
f 2181 2131 2061
f 2184 2131 2181
f 2091 2189 2191
f 2189 2078 2184
f 2191 2184 2090
f 2189 2184 2191
f 2062 2128 2144
f 2128 2077 2146
f 2144 2146 2082
f 2128 2146 2144
f 2077 2127 2135
f 2127 2056 2133
f 2135 2133 2079
f 2127 2133 2135
f 2082 2148 2145
f 2148 2079 2134
f 2145 2134 2063
f 2148 2134 2145
f 2077 2135 2146
f 2135 2079 2148
f 2146 2148 2082
f 2135 2148 2146
f 2058 2154 2104
f 2154 2084 2156
f 2104 2156 2070
f 2154 2156 2104
f 2084 2155 2162
f 2155 2064 2159
f 2162 2159 2085
f 2155 2159 2162
f 2070 2160 2105
f 2160 2085 2158
f 2105 2158 2059
f 2160 2158 2105
f 2084 2162 2156
f 2162 2085 2160
f 2156 2160 2070
f 2162 2160 2156
f 2058 2104 2100
f 2104 2070 2106
f 2100 2106 2068
f 2104 2106 2100
f 2070 2105 2107
f 2105 2059 2102
f 2107 2102 2069
f 2105 2102 2107
f 2068 2103 2099
f 2103 2069 2101
f 2099 2101 2057
f 2103 2101 2099
f 2070 2107 2106
f 2107 2069 2103
f 2106 2103 2068
f 2107 2103 2106
f 2058 2100 2120
f 2100 2068 2122
f 2120 2122 2075
f 2100 2122 2120
f 2068 2099 2119
f 2099 2057 2117
f 2119 2117 2074
f 2099 2117 2119
f 2075 2123 2121
f 2123 2074 2118
f 2121 2118 2061
f 2123 2118 2121
f 2068 2119 2122
f 2119 2074 2123
f 2122 2123 2075
f 2119 2123 2122
f 2058 2120 2136
f 2120 2075 2138
f 2136 2138 2080
f 2120 2138 2136
f 2075 2121 2141
f 2121 2061 2139
f 2141 2139 2081
f 2121 2139 2141
f 2080 2143 2137
f 2143 2081 2140
f 2137 2140 2063
f 2143 2140 2137
f 2075 2141 2138
f 2141 2081 2143
f 2138 2143 2080
f 2141 2143 2138
f 2058 2136 2154
f 2136 2080 2157
f 2154 2157 2084
f 2136 2157 2154
f 2080 2137 2172
f 2137 2063 2169
f 2172 2169 2087
f 2137 2169 2172
f 2084 2174 2155
f 2174 2087 2170
f 2155 2170 2064
f 2174 2170 2155
f 2080 2172 2157
f 2172 2087 2174
f 2157 2174 2084
f 2172 2174 2157
f 2059 2158 2115
f 2158 2085 2161
f 2115 2161 2073
f 2158 2161 2115
f 2085 2159 2168
f 2159 2064 2164
f 2168 2164 2086
f 2159 2164 2168
f 2073 2166 2116
f 2166 2086 2163
f 2116 2163 2060
f 2166 2163 2116
f 2085 2168 2161
f 2168 2086 2166
f 2161 2166 2073
f 2168 2166 2161
f 2057 2101 2196
f 2101 2069 2198
f 2196 2198 2093
f 2101 2198 2196
f 2069 2102 2202
f 2102 2059 2200
f 2202 2200 2094
f 2102 2200 2202
f 2093 2204 2197
f 2204 2094 2201
f 2197 2201 2066
f 2204 2201 2197
f 2069 2202 2198
f 2202 2094 2204
f 2198 2204 2093
f 2202 2204 2198
f 2061 2118 2181
f 2118 2074 2183
f 2181 2183 2090
f 2118 2183 2181
f 2074 2117 2180
f 2117 2057 2178
f 2180 2178 2089
f 2117 2178 2180
f 2090 2185 2182
f 2185 2089 2179
f 2182 2179 2065
f 2185 2179 2182
f 2074 2180 2183
f 2180 2089 2185
f 2183 2185 2090
f 2180 2185 2183
f 2063 2140 2145
f 2140 2081 2149
f 2145 2149 2082
f 2140 2149 2145
f 2081 2139 2142
f 2139 2061 2131
f 2142 2131 2078
f 2139 2131 2142
f 2082 2147 2144
f 2147 2078 2132
f 2144 2132 2062
f 2147 2132 2144
f 2081 2142 2149
f 2142 2078 2147
f 2149 2147 2082
f 2142 2147 2149
f 2064 2170 2151
f 2170 2087 2173
f 2151 2173 2083
f 2170 2173 2151
f 2087 2169 2171
f 2169 2063 2134
f 2171 2134 2079
f 2169 2134 2171
f 2083 2153 2150
f 2153 2079 2133
f 2150 2133 2056
f 2153 2133 2150
f 2087 2171 2173
f 2171 2079 2153
f 2173 2153 2083
f 2171 2153 2173
f 2217 2218 2220
f 2217 2220 2219
f 2219 2220 2222
f 2219 2222 2221
f 2221 2222 2224
f 2221 2224 2223
f 2223 2224 2226
f 2223 2226 2225
f 2225 2226 2228
f 2225 2228 2227
f 2227 2228 2230
f 2227 2230 2229
f 2229 2230 2232
f 2229 2232 2231
f 2231 2232 2218
f 2231 2218 2217
f 2233 2219 2217
f 2234 2218 2220
f 2233 2221 2219
f 2234 2220 2222
f 2233 2223 2221
f 2234 2222 2224
f 2233 2225 2223
f 2234 2224 2226
f 2233 2227 2225
f 2234 2226 2228
f 2233 2229 2227
f 2234 2228 2230
f 2233 2231 2229
f 2234 2230 2232
f 2233 2217 2231
f 2234 2232 2218
f 2235 2372 2288
f 2372 2272 2374
f 2288 2374 2251
f 2372 2374 2288
f 2272 2373 2389
f 2373 2246 2386
f 2389 2386 2275
f 2373 2386 2389
f 2251 2387 2289
f 2387 2275 2385
f 2289 2385 2240
f 2387 2385 2289
f 2272 2389 2374
f 2389 2275 2387
f 2374 2387 2251
f 2389 2387 2374
f 2235 2288 2277
f 2288 2251 2290
f 2277 2290 2247
f 2288 2290 2277
f 2251 2289 2294
f 2289 2240 2292
f 2294 2292 2252
f 2289 2292 2294
f 2247 2293 2278
f 2293 2252 2291
f 2278 2291 2236
f 2293 2291 2278
f 2251 2294 2290
f 2294 2252 2293
f 2290 2293 2247
f 2294 2293 2290
f 2235 2277 2304
f 2277 2247 2306
f 2304 2306 2256
f 2277 2306 2304
f 2247 2278 2309
f 2278 2236 2307
f 2309 2307 2257
f 2278 2307 2309
f 2256 2310 2305
f 2310 2257 2308
f 2305 2308 2242
f 2310 2308 2305
f 2247 2309 2306
f 2309 2257 2310
f 2306 2310 2256
f 2309 2310 2306
f 2235 2304 2355
f 2304 2256 2357
f 2355 2357 2268
f 2304 2357 2355
f 2256 2305 2368
f 2305 2242 2366
f 2368 2366 2271
f 2305 2366 2368
f 2268 2370 2356
f 2370 2271 2367
f 2356 2367 2245
f 2370 2367 2356
f 2256 2368 2357
f 2368 2271 2370
f 2357 2370 2268
f 2368 2370 2357
f 2235 2355 2372
f 2355 2268 2375
f 2372 2375 2272
f 2355 2375 2372
f 2268 2356 2393
f 2356 2245 2391
f 2393 2391 2276
f 2356 2391 2393
f 2272 2395 2373
f 2395 2276 2392
f 2373 2392 2246
f 2395 2392 2373
f 2268 2393 2375
f 2393 2276 2395
f 2375 2395 2272
f 2393 2395 2375
f 2236 2291 2330
f 2291 2252 2332
f 2330 2332 2263
f 2291 2332 2330
f 2252 2292 2345
f 2292 2240 2343
f 2345 2343 2266
f 2292 2343 2345
f 2263 2347 2331
f 2347 2266 2344
f 2331 2344 2244
f 2347 2344 2331
f 2252 2345 2332
f 2345 2266 2347
f 2332 2347 2263
f 2345 2347 2332
f 2240 2385 2296
f 2385 2275 2388
f 2296 2388 2253
f 2385 2388 2296
f 2275 2386 2390
f 2386 2246 2381
f 2390 2381 2274
f 2386 2381 2390
f 2253 2383 2295
f 2383 2274 2380
f 2295 2380 2239
f 2383 2380 2295
f 2275 2390 2388
f 2390 2274 2383
f 2388 2383 2253
f 2390 2383 2388
f 2246 2392 2377
f 2392 2276 2396
f 2377 2396 2273
f 2392 2396 2377
f 2276 2391 2394
f 2391 2245 2359
f 2394 2359 2269
f 2391 2359 2394
f 2273 2379 2376
f 2379 2269 2358
f 2376 2358 2237
f 2379 2358 2376
f 2276 2394 2396
f 2394 2269 2379
f 2396 2379 2273
f 2394 2379 2396
f 2245 2367 2362
f 2367 2271 2371
f 2362 2371 2270
f 2367 2371 2362
f 2271 2366 2369
f 2366 2242 2312
f 2369 2312 2258
f 2366 2312 2369
f 2270 2364 2361
f 2364 2258 2311
f 2361 2311 2241
f 2364 2311 2361
f 2271 2369 2371
f 2369 2258 2364
f 2371 2364 2270
f 2369 2364 2371
f 2242 2308 2324
f 2308 2257 2326
f 2324 2326 2262
f 2308 2326 2324
f 2257 2307 2315
f 2307 2236 2313
f 2315 2313 2259
f 2307 2313 2315
f 2262 2328 2325
f 2328 2259 2314
f 2325 2314 2243
f 2328 2314 2325
f 2257 2315 2326
f 2315 2259 2328
f 2326 2328 2262
f 2315 2328 2326
f 2238 2334 2284
f 2334 2264 2336
f 2284 2336 2250
f 2334 2336 2284
f 2264 2335 2342
f 2335 2244 2339
f 2342 2339 2265
f 2335 2339 2342
f 2250 2340 2285
f 2340 2265 2338
f 2285 2338 2239
f 2340 2338 2285
f 2264 2342 2336
f 2342 2265 2340
f 2336 2340 2250
f 2342 2340 2336
f 2238 2284 2280
f 2284 2250 2286
f 2280 2286 2248
f 2284 2286 2280
f 2250 2285 2287
f 2285 2239 2282
f 2287 2282 2249
f 2285 2282 2287
f 2248 2283 2279
f 2283 2249 2281
f 2279 2281 2237
f 2283 2281 2279
f 2250 2287 2286
f 2287 2249 2283
f 2286 2283 2248
f 2287 2283 2286
f 2238 2280 2300
f 2280 2248 2302
f 2300 2302 2255
f 2280 2302 2300
f 2248 2279 2299
f 2279 2237 2297
f 2299 2297 2254
f 2279 2297 2299
f 2255 2303 2301
f 2303 2254 2298
f 2301 2298 2241
f 2303 2298 2301
f 2248 2299 2302
f 2299 2254 2303
f 2302 2303 2255
f 2299 2303 2302
f 2238 2300 2316
f 2300 2255 2318
f 2316 2318 2260
f 2300 2318 2316
f 2255 2301 2321
f 2301 2241 2319
f 2321 2319 2261
f 2301 2319 2321
f 2260 2323 2317
f 2323 2261 2320
f 2317 2320 2243
f 2323 2320 2317
f 2255 2321 2318
f 2321 2261 2323
f 2318 2323 2260
f 2321 2323 2318
f 2238 2316 2334
f 2316 2260 2337
f 2334 2337 2264
f 2316 2337 2334
f 2260 2317 2352
f 2317 2243 2349
f 2352 2349 2267
f 2317 2349 2352
f 2264 2354 2335
f 2354 2267 2350
f 2335 2350 2244
f 2354 2350 2335
f 2260 2352 2337
f 2352 2267 2354
f 2337 2354 2264
f 2352 2354 2337
f 2239 2338 2295
f 2338 2265 2341
f 2295 2341 2253
f 2338 2341 2295
f 2265 2339 2348
f 2339 2244 2344
f 2348 2344 2266
f 2339 2344 2348
f 2253 2346 2296
f 2346 2266 2343
f 2296 2343 2240
f 2346 2343 2296
f 2265 2348 2341
f 2348 2266 2346
f 2341 2346 2253
f 2348 2346 2341
f 2237 2281 2376
f 2281 2249 2378
f 2376 2378 2273
f 2281 2378 2376
f 2249 2282 2382
f 2282 2239 2380
f 2382 2380 2274
f 2282 2380 2382
f 2273 2384 2377
f 2384 2274 2381
f 2377 2381 2246
f 2384 2381 2377
f 2249 2382 2378
f 2382 2274 2384
f 2378 2384 2273
f 2382 2384 2378
f 2241 2298 2361
f 2298 2254 2363
f 2361 2363 2270
f 2298 2363 2361
f 2254 2297 2360
f 2297 2237 2358
f 2360 2358 2269
f 2297 2358 2360
f 2270 2365 2362
f 2365 2269 2359
f 2362 2359 2245
f 2365 2359 2362
f 2254 2360 2363
f 2360 2269 2365
f 2363 2365 2270
f 2360 2365 2363
f 2243 2320 2325
f 2320 2261 2329
f 2325 2329 2262
f 2320 2329 2325
f 2261 2319 2322
f 2319 2241 2311
f 2322 2311 2258
f 2319 2311 2322
f 2262 2327 2324
f 2327 2258 2312
f 2324 2312 2242
f 2327 2312 2324
f 2261 2322 2329
f 2322 2258 2327
f 2329 2327 2262
f 2322 2327 2329
f 2244 2350 2331
f 2350 2267 2353
f 2331 2353 2263
f 2350 2353 2331
f 2267 2349 2351
f 2349 2243 2314
f 2351 2314 2259
f 2349 2314 2351
f 2263 2333 2330
f 2333 2259 2313
f 2330 2313 2236
f 2333 2313 2330
f 2267 2351 2353
f 2351 2259 2333
f 2353 2333 2263
f 2351 2333 2353
f 2397 2534 2450
f 2534 2434 2536
f 2450 2536 2413
f 2534 2536 2450
f 2434 2535 2551
f 2535 2408 2548
f 2551 2548 2437
f 2535 2548 2551
f 2413 2549 2451
f 2549 2437 2547
f 2451 2547 2402
f 2549 2547 2451
f 2434 2551 2536
f 2551 2437 2549
f 2536 2549 2413
f 2551 2549 2536
f 2397 2450 2439
f 2450 2413 2452
f 2439 2452 2409
f 2450 2452 2439
f 2413 2451 2456
f 2451 2402 2454
f 2456 2454 2414
f 2451 2454 2456
f 2409 2455 2440
f 2455 2414 2453
f 2440 2453 2398
f 2455 2453 2440
f 2413 2456 2452
f 2456 2414 2455
f 2452 2455 2409
f 2456 2455 2452
f 2397 2439 2466
f 2439 2409 2468
f 2466 2468 2418
f 2439 2468 2466
f 2409 2440 2471
f 2440 2398 2469
f 2471 2469 2419
f 2440 2469 2471
f 2418 2472 2467
f 2472 2419 2470
f 2467 2470 2404
f 2472 2470 2467
f 2409 2471 2468
f 2471 2419 2472
f 2468 2472 2418
f 2471 2472 2468
f 2397 2466 2517
f 2466 2418 2519
f 2517 2519 2430
f 2466 2519 2517
f 2418 2467 2530
f 2467 2404 2528
f 2530 2528 2433
f 2467 2528 2530
f 2430 2532 2518
f 2532 2433 2529
f 2518 2529 2407
f 2532 2529 2518
f 2418 2530 2519
f 2530 2433 2532
f 2519 2532 2430
f 2530 2532 2519
f 2397 2517 2534
f 2517 2430 2537
f 2534 2537 2434
f 2517 2537 2534
f 2430 2518 2555
f 2518 2407 2553
f 2555 2553 2438
f 2518 2553 2555
f 2434 2557 2535
f 2557 2438 2554
f 2535 2554 2408
f 2557 2554 2535
f 2430 2555 2537
f 2555 2438 2557
f 2537 2557 2434
f 2555 2557 2537
f 2398 2453 2492
f 2453 2414 2494
f 2492 2494 2425
f 2453 2494 2492
f 2414 2454 2507
f 2454 2402 2505
f 2507 2505 2428
f 2454 2505 2507
f 2425 2509 2493
f 2509 2428 2506
f 2493 2506 2406
f 2509 2506 2493
f 2414 2507 2494
f 2507 2428 2509
f 2494 2509 2425
f 2507 2509 2494
f 2402 2547 2458
f 2547 2437 2550
f 2458 2550 2415
f 2547 2550 2458
f 2437 2548 2552
f 2548 2408 2543
f 2552 2543 2436
f 2548 2543 2552
f 2415 2545 2457
f 2545 2436 2542
f 2457 2542 2401
f 2545 2542 2457
f 2437 2552 2550
f 2552 2436 2545
f 2550 2545 2415
f 2552 2545 2550
f 2408 2554 2539
f 2554 2438 2558
f 2539 2558 2435
f 2554 2558 2539
f 2438 2553 2556
f 2553 2407 2521
f 2556 2521 2431
f 2553 2521 2556
f 2435 2541 2538
f 2541 2431 2520
f 2538 2520 2399
f 2541 2520 2538
f 2438 2556 2558
f 2556 2431 2541
f 2558 2541 2435
f 2556 2541 2558
f 2407 2529 2524
f 2529 2433 2533
f 2524 2533 2432
f 2529 2533 2524
f 2433 2528 2531
f 2528 2404 2474
f 2531 2474 2420
f 2528 2474 2531
f 2432 2526 2523
f 2526 2420 2473
f 2523 2473 2403
f 2526 2473 2523
f 2433 2531 2533
f 2531 2420 2526
f 2533 2526 2432
f 2531 2526 2533
f 2404 2470 2486
f 2470 2419 2488
f 2486 2488 2424
f 2470 2488 2486
f 2419 2469 2477
f 2469 2398 2475
f 2477 2475 2421
f 2469 2475 2477
f 2424 2490 2487
f 2490 2421 2476
f 2487 2476 2405
f 2490 2476 2487
f 2419 2477 2488
f 2477 2421 2490
f 2488 2490 2424
f 2477 2490 2488
f 2400 2496 2446
f 2496 2426 2498
f 2446 2498 2412
f 2496 2498 2446
f 2426 2497 2504
f 2497 2406 2501
f 2504 2501 2427
f 2497 2501 2504
f 2412 2502 2447
f 2502 2427 2500
f 2447 2500 2401
f 2502 2500 2447
f 2426 2504 2498
f 2504 2427 2502
f 2498 2502 2412
f 2504 2502 2498
f 2400 2446 2442
f 2446 2412 2448
f 2442 2448 2410
f 2446 2448 2442
f 2412 2447 2449
f 2447 2401 2444
f 2449 2444 2411
f 2447 2444 2449
f 2410 2445 2441
f 2445 2411 2443
f 2441 2443 2399
f 2445 2443 2441
f 2412 2449 2448
f 2449 2411 2445
f 2448 2445 2410
f 2449 2445 2448
f 2400 2442 2462
f 2442 2410 2464
f 2462 2464 2417
f 2442 2464 2462
f 2410 2441 2461
f 2441 2399 2459
f 2461 2459 2416
f 2441 2459 2461
f 2417 2465 2463
f 2465 2416 2460
f 2463 2460 2403
f 2465 2460 2463
f 2410 2461 2464
f 2461 2416 2465
f 2464 2465 2417
f 2461 2465 2464
f 2400 2462 2478
f 2462 2417 2480
f 2478 2480 2422
f 2462 2480 2478
f 2417 2463 2483
f 2463 2403 2481
f 2483 2481 2423
f 2463 2481 2483
f 2422 2485 2479
f 2485 2423 2482
f 2479 2482 2405
f 2485 2482 2479
f 2417 2483 2480
f 2483 2423 2485
f 2480 2485 2422
f 2483 2485 2480
f 2400 2478 2496
f 2478 2422 2499
f 2496 2499 2426
f 2478 2499 2496
f 2422 2479 2514
f 2479 2405 2511
f 2514 2511 2429
f 2479 2511 2514
f 2426 2516 2497
f 2516 2429 2512
f 2497 2512 2406
f 2516 2512 2497
f 2422 2514 2499
f 2514 2429 2516
f 2499 2516 2426
f 2514 2516 2499
f 2401 2500 2457
f 2500 2427 2503
f 2457 2503 2415
f 2500 2503 2457
f 2427 2501 2510
f 2501 2406 2506
f 2510 2506 2428
f 2501 2506 2510
f 2415 2508 2458
f 2508 2428 2505
f 2458 2505 2402
f 2508 2505 2458
f 2427 2510 2503
f 2510 2428 2508
f 2503 2508 2415
f 2510 2508 2503
f 2399 2443 2538
f 2443 2411 2540
f 2538 2540 2435
f 2443 2540 2538
f 2411 2444 2544
f 2444 2401 2542
f 2544 2542 2436
f 2444 2542 2544
f 2435 2546 2539
f 2546 2436 2543
f 2539 2543 2408
f 2546 2543 2539
f 2411 2544 2540
f 2544 2436 2546
f 2540 2546 2435
f 2544 2546 2540
f 2403 2460 2523
f 2460 2416 2525
f 2523 2525 2432
f 2460 2525 2523
f 2416 2459 2522
f 2459 2399 2520
f 2522 2520 2431
f 2459 2520 2522
f 2432 2527 2524
f 2527 2431 2521
f 2524 2521 2407
f 2527 2521 2524
f 2416 2522 2525
f 2522 2431 2527
f 2525 2527 2432
f 2522 2527 2525
f 2405 2482 2487
f 2482 2423 2491
f 2487 2491 2424
f 2482 2491 2487
f 2423 2481 2484
f 2481 2403 2473
f 2484 2473 2420
f 2481 2473 2484
f 2424 2489 2486
f 2489 2420 2474
f 2486 2474 2404
f 2489 2474 2486
f 2423 2484 2491
f 2484 2420 2489
f 2491 2489 2424
f 2484 2489 2491
f 2406 2512 2493
f 2512 2429 2515
f 2493 2515 2425
f 2512 2515 2493
f 2429 2511 2513
f 2511 2405 2476
f 2513 2476 2421
f 2511 2476 2513
f 2425 2495 2492
f 2495 2421 2475
f 2492 2475 2398
f 2495 2475 2492
f 2429 2513 2515
f 2513 2421 2495
f 2515 2495 2425
f 2513 2495 2515
f 2559 2560 2562
f 2559 2562 2561
f 2561 2562 2564
f 2561 2564 2563
f 2563 2564 2566
f 2563 2566 2565
f 2565 2566 2568
f 2565 2568 2567
f 2567 2568 2570
f 2567 2570 2569
f 2569 2570 2572
f 2569 2572 2571
f 2571 2572 2574
f 2571 2574 2573
f 2573 2574 2560
f 2573 2560 2559
f 2575 2561 2559
f 2576 2560 2562
f 2575 2563 2561
f 2576 2562 2564
f 2575 2565 2563
f 2576 2564 2566
f 2575 2567 2565
f 2576 2566 2568
f 2575 2569 2567
f 2576 2568 2570
f 2575 2571 2569
f 2576 2570 2572
f 2575 2573 2571
f 2576 2572 2574
f 2575 2559 2573
f 2576 2574 2560
f 2577 2714 2630
f 2714 2614 2716
f 2630 2716 2593
f 2714 2716 2630
f 2614 2715 2731
f 2715 2588 2728
f 2731 2728 2617
f 2715 2728 2731
f 2593 2729 2631
f 2729 2617 2727
f 2631 2727 2582
f 2729 2727 2631
f 2614 2731 2716
f 2731 2617 2729
f 2716 2729 2593
f 2731 2729 2716
f 2577 2630 2619
f 2630 2593 2632
f 2619 2632 2589
f 2630 2632 2619
f 2593 2631 2636
f 2631 2582 2634
f 2636 2634 2594
f 2631 2634 2636
f 2589 2635 2620
f 2635 2594 2633
f 2620 2633 2578
f 2635 2633 2620
f 2593 2636 2632
f 2636 2594 2635
f 2632 2635 2589
f 2636 2635 2632
f 2577 2619 2646
f 2619 2589 2648
f 2646 2648 2598
f 2619 2648 2646
f 2589 2620 2651
f 2620 2578 2649
f 2651 2649 2599
f 2620 2649 2651
f 2598 2652 2647
f 2652 2599 2650
f 2647 2650 2584
f 2652 2650 2647
f 2589 2651 2648
f 2651 2599 2652
f 2648 2652 2598
f 2651 2652 2648
f 2577 2646 2697
f 2646 2598 2699
f 2697 2699 2610
f 2646 2699 2697
f 2598 2647 2710
f 2647 2584 2708
f 2710 2708 2613
f 2647 2708 2710
f 2610 2712 2698
f 2712 2613 2709
f 2698 2709 2587
f 2712 2709 2698
f 2598 2710 2699
f 2710 2613 2712
f 2699 2712 2610
f 2710 2712 2699
f 2577 2697 2714
f 2697 2610 2717
f 2714 2717 2614
f 2697 2717 2714
f 2610 2698 2735
f 2698 2587 2733
f 2735 2733 2618
f 2698 2733 2735
f 2614 2737 2715
f 2737 2618 2734
f 2715 2734 2588
f 2737 2734 2715
f 2610 2735 2717
f 2735 2618 2737
f 2717 2737 2614
f 2735 2737 2717
f 2578 2633 2672
f 2633 2594 2674
f 2672 2674 2605
f 2633 2674 2672
f 2594 2634 2687
f 2634 2582 2685
f 2687 2685 2608
f 2634 2685 2687
f 2605 2689 2673
f 2689 2608 2686
f 2673 2686 2586
f 2689 2686 2673
f 2594 2687 2674
f 2687 2608 2689
f 2674 2689 2605
f 2687 2689 2674
f 2582 2727 2638
f 2727 2617 2730
f 2638 2730 2595
f 2727 2730 2638
f 2617 2728 2732
f 2728 2588 2723
f 2732 2723 2616
f 2728 2723 2732
f 2595 2725 2637
f 2725 2616 2722
f 2637 2722 2581
f 2725 2722 2637
f 2617 2732 2730
f 2732 2616 2725
f 2730 2725 2595
f 2732 2725 2730
f 2588 2734 2719
f 2734 2618 2738
f 2719 2738 2615
f 2734 2738 2719
f 2618 2733 2736
f 2733 2587 2701
f 2736 2701 2611
f 2733 2701 2736
f 2615 2721 2718
f 2721 2611 2700
f 2718 2700 2579
f 2721 2700 2718
f 2618 2736 2738
f 2736 2611 2721
f 2738 2721 2615
f 2736 2721 2738
f 2587 2709 2704
f 2709 2613 2713
f 2704 2713 2612
f 2709 2713 2704
f 2613 2708 2711
f 2708 2584 2654
f 2711 2654 2600
f 2708 2654 2711
f 2612 2706 2703
f 2706 2600 2653
f 2703 2653 2583
f 2706 2653 2703
f 2613 2711 2713
f 2711 2600 2706
f 2713 2706 2612
f 2711 2706 2713
f 2584 2650 2666
f 2650 2599 2668
f 2666 2668 2604
f 2650 2668 2666
f 2599 2649 2657
f 2649 2578 2655
f 2657 2655 2601
f 2649 2655 2657
f 2604 2670 2667
f 2670 2601 2656
f 2667 2656 2585
f 2670 2656 2667
f 2599 2657 2668
f 2657 2601 2670
f 2668 2670 2604
f 2657 2670 2668
f 2580 2676 2626
f 2676 2606 2678
f 2626 2678 2592
f 2676 2678 2626
f 2606 2677 2684
f 2677 2586 2681
f 2684 2681 2607
f 2677 2681 2684
f 2592 2682 2627
f 2682 2607 2680
f 2627 2680 2581
f 2682 2680 2627
f 2606 2684 2678
f 2684 2607 2682
f 2678 2682 2592
f 2684 2682 2678
f 2580 2626 2622
f 2626 2592 2628
f 2622 2628 2590
f 2626 2628 2622
f 2592 2627 2629
f 2627 2581 2624
f 2629 2624 2591
f 2627 2624 2629
f 2590 2625 2621
f 2625 2591 2623
f 2621 2623 2579
f 2625 2623 2621
f 2592 2629 2628
f 2629 2591 2625
f 2628 2625 2590
f 2629 2625 2628
f 2580 2622 2642
f 2622 2590 2644
f 2642 2644 2597
f 2622 2644 2642
f 2590 2621 2641
f 2621 2579 2639
f 2641 2639 2596
f 2621 2639 2641
f 2597 2645 2643
f 2645 2596 2640
f 2643 2640 2583
f 2645 2640 2643
f 2590 2641 2644
f 2641 2596 2645
f 2644 2645 2597
f 2641 2645 2644
f 2580 2642 2658
f 2642 2597 2660
f 2658 2660 2602
f 2642 2660 2658
f 2597 2643 2663
f 2643 2583 2661
f 2663 2661 2603
f 2643 2661 2663
f 2602 2665 2659
f 2665 2603 2662
f 2659 2662 2585
f 2665 2662 2659
f 2597 2663 2660
f 2663 2603 2665
f 2660 2665 2602
f 2663 2665 2660
f 2580 2658 2676
f 2658 2602 2679
f 2676 2679 2606
f 2658 2679 2676
f 2602 2659 2694
f 2659 2585 2691
f 2694 2691 2609
f 2659 2691 2694
f 2606 2696 2677
f 2696 2609 2692
f 2677 2692 2586
f 2696 2692 2677
f 2602 2694 2679
f 2694 2609 2696
f 2679 2696 2606
f 2694 2696 2679
f 2581 2680 2637
f 2680 2607 2683
f 2637 2683 2595
f 2680 2683 2637
f 2607 2681 2690
f 2681 2586 2686
f 2690 2686 2608
f 2681 2686 2690
f 2595 2688 2638
f 2688 2608 2685
f 2638 2685 2582
f 2688 2685 2638
f 2607 2690 2683
f 2690 2608 2688
f 2683 2688 2595
f 2690 2688 2683
f 2579 2623 2718
f 2623 2591 2720
f 2718 2720 2615
f 2623 2720 2718
f 2591 2624 2724
f 2624 2581 2722
f 2724 2722 2616
f 2624 2722 2724
f 2615 2726 2719
f 2726 2616 2723
f 2719 2723 2588
f 2726 2723 2719
f 2591 2724 2720
f 2724 2616 2726
f 2720 2726 2615
f 2724 2726 2720
f 2583 2640 2703
f 2640 2596 2705
f 2703 2705 2612
f 2640 2705 2703
f 2596 2639 2702
f 2639 2579 2700
f 2702 2700 2611
f 2639 2700 2702
f 2612 2707 2704
f 2707 2611 2701
f 2704 2701 2587
f 2707 2701 2704
f 2596 2702 2705
f 2702 2611 2707
f 2705 2707 2612
f 2702 2707 2705
f 2585 2662 2667
f 2662 2603 2671
f 2667 2671 2604
f 2662 2671 2667
f 2603 2661 2664
f 2661 2583 2653
f 2664 2653 2600
f 2661 2653 2664
f 2604 2669 2666
f 2669 2600 2654
f 2666 2654 2584
f 2669 2654 2666
f 2603 2664 2671
f 2664 2600 2669
f 2671 2669 2604
f 2664 2669 2671
f 2586 2692 2673
f 2692 2609 2695
f 2673 2695 2605
f 2692 2695 2673
f 2609 2691 2693
f 2691 2585 2656
f 2693 2656 2601
f 2691 2656 2693
f 2605 2675 2672
f 2675 2601 2655
f 2672 2655 2578
f 2675 2655 2672
f 2609 2693 2695
f 2693 2601 2675
f 2695 2675 2605
f 2693 2675 2695
f 2739 2740 2742
f 2739 2742 2741
f 2741 2742 2744
f 2741 2744 2743
f 2743 2744 2746
f 2743 2746 2745
f 2745 2746 2748
f 2745 2748 2747
f 2747 2748 2750
f 2747 2750 2749
f 2749 2750 2752
f 2749 2752 2751
f 2751 2752 2754
f 2751 2754 2753
f 2753 2754 2740
f 2753 2740 2739
f 2755 2741 2739
f 2756 2740 2742
f 2755 2743 2741
f 2756 2742 2744
f 2755 2745 2743
f 2756 2744 2746
f 2755 2747 2745
f 2756 2746 2748
f 2755 2749 2747
f 2756 2748 2750
f 2755 2751 2749
f 2756 2750 2752
f 2755 2753 2751
f 2756 2752 2754
f 2755 2739 2753
f 2756 2754 2740
f 2757 2894 2810
f 2894 2794 2896
f 2810 2896 2773
f 2894 2896 2810
f 2794 2895 2911
f 2895 2768 2908
f 2911 2908 2797
f 2895 2908 2911
f 2773 2909 2811
f 2909 2797 2907
f 2811 2907 2762
f 2909 2907 2811
f 2794 2911 2896
f 2911 2797 2909
f 2896 2909 2773
f 2911 2909 2896
f 2757 2810 2799
f 2810 2773 2812
f 2799 2812 2769
f 2810 2812 2799
f 2773 2811 2816
f 2811 2762 2814
f 2816 2814 2774
f 2811 2814 2816
f 2769 2815 2800
f 2815 2774 2813
f 2800 2813 2758
f 2815 2813 2800
f 2773 2816 2812
f 2816 2774 2815
f 2812 2815 2769
f 2816 2815 2812
f 2757 2799 2826
f 2799 2769 2828
f 2826 2828 2778
f 2799 2828 2826
f 2769 2800 2831
f 2800 2758 2829
f 2831 2829 2779
f 2800 2829 2831
f 2778 2832 2827
f 2832 2779 2830
f 2827 2830 2764
f 2832 2830 2827
f 2769 2831 2828
f 2831 2779 2832
f 2828 2832 2778
f 2831 2832 2828
f 2757 2826 2877
f 2826 2778 2879
f 2877 2879 2790
f 2826 2879 2877
f 2778 2827 2890
f 2827 2764 2888
f 2890 2888 2793
f 2827 2888 2890
f 2790 2892 2878
f 2892 2793 2889
f 2878 2889 2767
f 2892 2889 2878
f 2778 2890 2879
f 2890 2793 2892
f 2879 2892 2790
f 2890 2892 2879
f 2757 2877 2894
f 2877 2790 2897
f 2894 2897 2794
f 2877 2897 2894
f 2790 2878 2915
f 2878 2767 2913
f 2915 2913 2798
f 2878 2913 2915
f 2794 2917 2895
f 2917 2798 2914
f 2895 2914 2768
f 2917 2914 2895
f 2790 2915 2897
f 2915 2798 2917
f 2897 2917 2794
f 2915 2917 2897
f 2758 2813 2852
f 2813 2774 2854
f 2852 2854 2785
f 2813 2854 2852
f 2774 2814 2867
f 2814 2762 2865
f 2867 2865 2788
f 2814 2865 2867
f 2785 2869 2853
f 2869 2788 2866
f 2853 2866 2766
f 2869 2866 2853
f 2774 2867 2854
f 2867 2788 2869
f 2854 2869 2785
f 2867 2869 2854
f 2762 2907 2818
f 2907 2797 2910
f 2818 2910 2775
f 2907 2910 2818
f 2797 2908 2912
f 2908 2768 2903
f 2912 2903 2796
f 2908 2903 2912
f 2775 2905 2817
f 2905 2796 2902
f 2817 2902 2761
f 2905 2902 2817
f 2797 2912 2910
f 2912 2796 2905
f 2910 2905 2775
f 2912 2905 2910
f 2768 2914 2899
f 2914 2798 2918
f 2899 2918 2795
f 2914 2918 2899
f 2798 2913 2916
f 2913 2767 2881
f 2916 2881 2791
f 2913 2881 2916
f 2795 2901 2898
f 2901 2791 2880
f 2898 2880 2759
f 2901 2880 2898
f 2798 2916 2918
f 2916 2791 2901
f 2918 2901 2795
f 2916 2901 2918
f 2767 2889 2884
f 2889 2793 2893
f 2884 2893 2792
f 2889 2893 2884
f 2793 2888 2891
f 2888 2764 2834
f 2891 2834 2780
f 2888 2834 2891
f 2792 2886 2883
f 2886 2780 2833
f 2883 2833 2763
f 2886 2833 2883
f 2793 2891 2893
f 2891 2780 2886
f 2893 2886 2792
f 2891 2886 2893
f 2764 2830 2846
f 2830 2779 2848
f 2846 2848 2784
f 2830 2848 2846
f 2779 2829 2837
f 2829 2758 2835
f 2837 2835 2781
f 2829 2835 2837
f 2784 2850 2847
f 2850 2781 2836
f 2847 2836 2765
f 2850 2836 2847
f 2779 2837 2848
f 2837 2781 2850
f 2848 2850 2784
f 2837 2850 2848
f 2760 2856 2806
f 2856 2786 2858
f 2806 2858 2772
f 2856 2858 2806
f 2786 2857 2864
f 2857 2766 2861
f 2864 2861 2787
f 2857 2861 2864
f 2772 2862 2807
f 2862 2787 2860
f 2807 2860 2761
f 2862 2860 2807
f 2786 2864 2858
f 2864 2787 2862
f 2858 2862 2772
f 2864 2862 2858
f 2760 2806 2802
f 2806 2772 2808
f 2802 2808 2770
f 2806 2808 2802
f 2772 2807 2809
f 2807 2761 2804
f 2809 2804 2771
f 2807 2804 2809
f 2770 2805 2801
f 2805 2771 2803
f 2801 2803 2759
f 2805 2803 2801
f 2772 2809 2808
f 2809 2771 2805
f 2808 2805 2770
f 2809 2805 2808
f 2760 2802 2822
f 2802 2770 2824
f 2822 2824 2777
f 2802 2824 2822
f 2770 2801 2821
f 2801 2759 2819
f 2821 2819 2776
f 2801 2819 2821
f 2777 2825 2823
f 2825 2776 2820
f 2823 2820 2763
f 2825 2820 2823
f 2770 2821 2824
f 2821 2776 2825
f 2824 2825 2777
f 2821 2825 2824
f 2760 2822 2838
f 2822 2777 2840
f 2838 2840 2782
f 2822 2840 2838
f 2777 2823 2843
f 2823 2763 2841
f 2843 2841 2783
f 2823 2841 2843
f 2782 2845 2839
f 2845 2783 2842
f 2839 2842 2765
f 2845 2842 2839
f 2777 2843 2840
f 2843 2783 2845
f 2840 2845 2782
f 2843 2845 2840
f 2760 2838 2856
f 2838 2782 2859
f 2856 2859 2786
f 2838 2859 2856
f 2782 2839 2874
f 2839 2765 2871
f 2874 2871 2789
f 2839 2871 2874
f 2786 2876 2857
f 2876 2789 2872
f 2857 2872 2766
f 2876 2872 2857
f 2782 2874 2859
f 2874 2789 2876
f 2859 2876 2786
f 2874 2876 2859
f 2761 2860 2817
f 2860 2787 2863
f 2817 2863 2775
f 2860 2863 2817
f 2787 2861 2870
f 2861 2766 2866
f 2870 2866 2788
f 2861 2866 2870
f 2775 2868 2818
f 2868 2788 2865
f 2818 2865 2762
f 2868 2865 2818
f 2787 2870 2863
f 2870 2788 2868
f 2863 2868 2775
f 2870 2868 2863
f 2759 2803 2898
f 2803 2771 2900
f 2898 2900 2795
f 2803 2900 2898
f 2771 2804 2904
f 2804 2761 2902
f 2904 2902 2796
f 2804 2902 2904
f 2795 2906 2899
f 2906 2796 2903
f 2899 2903 2768
f 2906 2903 2899
f 2771 2904 2900
f 2904 2796 2906
f 2900 2906 2795
f 2904 2906 2900
f 2763 2820 2883
f 2820 2776 2885
f 2883 2885 2792
f 2820 2885 2883
f 2776 2819 2882
f 2819 2759 2880
f 2882 2880 2791
f 2819 2880 2882
f 2792 2887 2884
f 2887 2791 2881
f 2884 2881 2767
f 2887 2881 2884
f 2776 2882 2885
f 2882 2791 2887
f 2885 2887 2792
f 2882 2887 2885
f 2765 2842 2847
f 2842 2783 2851
f 2847 2851 2784
f 2842 2851 2847
f 2783 2841 2844
f 2841 2763 2833
f 2844 2833 2780
f 2841 2833 2844
f 2784 2849 2846
f 2849 2780 2834
f 2846 2834 2764
f 2849 2834 2846
f 2783 2844 2851
f 2844 2780 2849
f 2851 2849 2784
f 2844 2849 2851
f 2766 2872 2853
f 2872 2789 2875
f 2853 2875 2785
f 2872 2875 2853
f 2789 2871 2873
f 2871 2765 2836
f 2873 2836 2781
f 2871 2836 2873
f 2785 2855 2852
f 2855 2781 2835
f 2852 2835 2758
f 2855 2835 2852
f 2789 2873 2875
f 2873 2781 2855
f 2875 2855 2785
f 2873 2855 2875
f 2919 2920 2922
f 2919 2922 2921
f 2921 2922 2924
f 2921 2924 2923
f 2923 2924 2926
f 2923 2926 2925
f 2925 2926 2928
f 2925 2928 2927
f 2927 2928 2930
f 2927 2930 2929
f 2929 2930 2932
f 2929 2932 2931
f 2931 2932 2934
f 2931 2934 2933
f 2933 2934 2920
f 2933 2920 2919
f 2935 2921 2919
f 2936 2920 2922
f 2935 2923 2921
f 2936 2922 2924
f 2935 2925 2923
f 2936 2924 2926
f 2935 2927 2925
f 2936 2926 2928
f 2935 2929 2927
f 2936 2928 2930
f 2935 2931 2929
f 2936 2930 2932
f 2935 2933 2931
f 2936 2932 2934
f 2935 2919 2933
f 2936 2934 2920
f 2937 3074 2990
f 3074 2974 3076
f 2990 3076 2953
f 3074 3076 2990
f 2974 3075 3091
f 3075 2948 3088
f 3091 3088 2977
f 3075 3088 3091
f 2953 3089 2991
f 3089 2977 3087
f 2991 3087 2942
f 3089 3087 2991
f 2974 3091 3076
f 3091 2977 3089
f 3076 3089 2953
f 3091 3089 3076
f 2937 2990 2979
f 2990 2953 2992
f 2979 2992 2949
f 2990 2992 2979
f 2953 2991 2996
f 2991 2942 2994
f 2996 2994 2954
f 2991 2994 2996
f 2949 2995 2980
f 2995 2954 2993
f 2980 2993 2938
f 2995 2993 2980
f 2953 2996 2992
f 2996 2954 2995
f 2992 2995 2949
f 2996 2995 2992
f 2937 2979 3006
f 2979 2949 3008
f 3006 3008 2958
f 2979 3008 3006
f 2949 2980 3011
f 2980 2938 3009
f 3011 3009 2959
f 2980 3009 3011
f 2958 3012 3007
f 3012 2959 3010
f 3007 3010 2944
f 3012 3010 3007
f 2949 3011 3008
f 3011 2959 3012
f 3008 3012 2958
f 3011 3012 3008
f 2937 3006 3057
f 3006 2958 3059
f 3057 3059 2970
f 3006 3059 3057
f 2958 3007 3070
f 3007 2944 3068
f 3070 3068 2973
f 3007 3068 3070
f 2970 3072 3058
f 3072 2973 3069
f 3058 3069 2947
f 3072 3069 3058
f 2958 3070 3059
f 3070 2973 3072
f 3059 3072 2970
f 3070 3072 3059
f 2937 3057 3074
f 3057 2970 3077
f 3074 3077 2974
f 3057 3077 3074
f 2970 3058 3095
f 3058 2947 3093
f 3095 3093 2978
f 3058 3093 3095
f 2974 3097 3075
f 3097 2978 3094
f 3075 3094 2948
f 3097 3094 3075
f 2970 3095 3077
f 3095 2978 3097
f 3077 3097 2974
f 3095 3097 3077
f 2938 2993 3032
f 2993 2954 3034
f 3032 3034 2965
f 2993 3034 3032
f 2954 2994 3047
f 2994 2942 3045
f 3047 3045 2968
f 2994 3045 3047
f 2965 3049 3033
f 3049 2968 3046
f 3033 3046 2946
f 3049 3046 3033
f 2954 3047 3034
f 3047 2968 3049
f 3034 3049 2965
f 3047 3049 3034
f 2942 3087 2998
f 3087 2977 3090
f 2998 3090 2955
f 3087 3090 2998
f 2977 3088 3092
f 3088 2948 3083
f 3092 3083 2976
f 3088 3083 3092
f 2955 3085 2997
f 3085 2976 3082
f 2997 3082 2941
f 3085 3082 2997
f 2977 3092 3090
f 3092 2976 3085
f 3090 3085 2955
f 3092 3085 3090
f 2948 3094 3079
f 3094 2978 3098
f 3079 3098 2975
f 3094 3098 3079
f 2978 3093 3096
f 3093 2947 3061
f 3096 3061 2971
f 3093 3061 3096
f 2975 3081 3078
f 3081 2971 3060
f 3078 3060 2939
f 3081 3060 3078
f 2978 3096 3098
f 3096 2971 3081
f 3098 3081 2975
f 3096 3081 3098
f 2947 3069 3064
f 3069 2973 3073
f 3064 3073 2972
f 3069 3073 3064
f 2973 3068 3071
f 3068 2944 3014
f 3071 3014 2960
f 3068 3014 3071
f 2972 3066 3063
f 3066 2960 3013
f 3063 3013 2943
f 3066 3013 3063
f 2973 3071 3073
f 3071 2960 3066
f 3073 3066 2972
f 3071 3066 3073
f 2944 3010 3026
f 3010 2959 3028
f 3026 3028 2964
f 3010 3028 3026
f 2959 3009 3017
f 3009 2938 3015
f 3017 3015 2961
f 3009 3015 3017
f 2964 3030 3027
f 3030 2961 3016
f 3027 3016 2945
f 3030 3016 3027
f 2959 3017 3028
f 3017 2961 3030
f 3028 3030 2964
f 3017 3030 3028
f 2940 3036 2986
f 3036 2966 3038
f 2986 3038 2952
f 3036 3038 2986
f 2966 3037 3044
f 3037 2946 3041
f 3044 3041 2967
f 3037 3041 3044
f 2952 3042 2987
f 3042 2967 3040
f 2987 3040 2941
f 3042 3040 2987
f 2966 3044 3038
f 3044 2967 3042
f 3038 3042 2952
f 3044 3042 3038
f 2940 2986 2982
f 2986 2952 2988
f 2982 2988 2950
f 2986 2988 2982
f 2952 2987 2989
f 2987 2941 2984
f 2989 2984 2951
f 2987 2984 2989
f 2950 2985 2981
f 2985 2951 2983
f 2981 2983 2939
f 2985 2983 2981
f 2952 2989 2988
f 2989 2951 2985
f 2988 2985 2950
f 2989 2985 2988
f 2940 2982 3002
f 2982 2950 3004
f 3002 3004 2957
f 2982 3004 3002
f 2950 2981 3001
f 2981 2939 2999
f 3001 2999 2956
f 2981 2999 3001
f 2957 3005 3003
f 3005 2956 3000
f 3003 3000 2943
f 3005 3000 3003
f 2950 3001 3004
f 3001 2956 3005
f 3004 3005 2957
f 3001 3005 3004
f 2940 3002 3018
f 3002 2957 3020
f 3018 3020 2962
f 3002 3020 3018
f 2957 3003 3023
f 3003 2943 3021
f 3023 3021 2963
f 3003 3021 3023
f 2962 3025 3019
f 3025 2963 3022
f 3019 3022 2945
f 3025 3022 3019
f 2957 3023 3020
f 3023 2963 3025
f 3020 3025 2962
f 3023 3025 3020
f 2940 3018 3036
f 3018 2962 3039
f 3036 3039 2966
f 3018 3039 3036
f 2962 3019 3054
f 3019 2945 3051
f 3054 3051 2969
f 3019 3051 3054
f 2966 3056 3037
f 3056 2969 3052
f 3037 3052 2946
f 3056 3052 3037
f 2962 3054 3039
f 3054 2969 3056
f 3039 3056 2966
f 3054 3056 3039
f 2941 3040 2997
f 3040 2967 3043
f 2997 3043 2955
f 3040 3043 2997
f 2967 3041 3050
f 3041 2946 3046
f 3050 3046 2968
f 3041 3046 3050
f 2955 3048 2998
f 3048 2968 3045
f 2998 3045 2942
f 3048 3045 2998
f 2967 3050 3043
f 3050 2968 3048
f 3043 3048 2955
f 3050 3048 3043
f 2939 2983 3078
f 2983 2951 3080
f 3078 3080 2975
f 2983 3080 3078
f 2951 2984 3084
f 2984 2941 3082
f 3084 3082 2976
f 2984 3082 3084
f 2975 3086 3079
f 3086 2976 3083
f 3079 3083 2948
f 3086 3083 3079
f 2951 3084 3080
f 3084 2976 3086
f 3080 3086 2975
f 3084 3086 3080
f 2943 3000 3063
f 3000 2956 3065
f 3063 3065 2972
f 3000 3065 3063
f 2956 2999 3062
f 2999 2939 3060
f 3062 3060 2971
f 2999 3060 3062
f 2972 3067 3064
f 3067 2971 3061
f 3064 3061 2947
f 3067 3061 3064
f 2956 3062 3065
f 3062 2971 3067
f 3065 3067 2972
f 3062 3067 3065
f 2945 3022 3027
f 3022 2963 3031
f 3027 3031 2964
f 3022 3031 3027
f 2963 3021 3024
f 3021 2943 3013
f 3024 3013 2960
f 3021 3013 3024
f 2964 3029 3026
f 3029 2960 3014
f 3026 3014 2944
f 3029 3014 3026
f 2963 3024 3031
f 3024 2960 3029
f 3031 3029 2964
f 3024 3029 3031
f 2946 3052 3033
f 3052 2969 3055
f 3033 3055 2965
f 3052 3055 3033
f 2969 3051 3053
f 3051 2945 3016
f 3053 3016 2961
f 3051 3016 3053
f 2965 3035 3032
f 3035 2961 3015
f 3032 3015 2938
f 3035 3015 3032
f 2969 3053 3055
f 3053 2961 3035
f 3055 3035 2965
f 3053 3035 3055
f 3099 3100 3102
f 3099 3102 3101
f 3101 3102 3104
f 3101 3104 3103
f 3103 3104 3106
f 3103 3106 3105
f 3105 3106 3108
f 3105 3108 3107
f 3107 3108 3110
f 3107 3110 3109
f 3109 3110 3112
f 3109 3112 3111
f 3111 3112 3114
f 3111 3114 3113
f 3113 3114 3100
f 3113 3100 3099
f 3115 3101 3099
f 3116 3100 3102
f 3115 3103 3101
f 3116 3102 3104
f 3115 3105 3103
f 3116 3104 3106
f 3115 3107 3105
f 3116 3106 3108
f 3115 3109 3107
f 3116 3108 3110
f 3115 3111 3109
f 3116 3110 3112
f 3115 3113 3111
f 3116 3112 3114
f 3115 3099 3113
f 3116 3114 3100
f 3117 3254 3170
f 3254 3154 3256
f 3170 3256 3133
f 3254 3256 3170
f 3154 3255 3271
f 3255 3128 3268
f 3271 3268 3157
f 3255 3268 3271
f 3133 3269 3171
f 3269 3157 3267
f 3171 3267 3122
f 3269 3267 3171
f 3154 3271 3256
f 3271 3157 3269
f 3256 3269 3133
f 3271 3269 3256
f 3117 3170 3159
f 3170 3133 3172
f 3159 3172 3129
f 3170 3172 3159
f 3133 3171 3176
f 3171 3122 3174
f 3176 3174 3134
f 3171 3174 3176
f 3129 3175 3160
f 3175 3134 3173
f 3160 3173 3118
f 3175 3173 3160
f 3133 3176 3172
f 3176 3134 3175
f 3172 3175 3129
f 3176 3175 3172
f 3117 3159 3186
f 3159 3129 3188
f 3186 3188 3138
f 3159 3188 3186
f 3129 3160 3191
f 3160 3118 3189
f 3191 3189 3139
f 3160 3189 3191
f 3138 3192 3187
f 3192 3139 3190
f 3187 3190 3124
f 3192 3190 3187
f 3129 3191 3188
f 3191 3139 3192
f 3188 3192 3138
f 3191 3192 3188
f 3117 3186 3237
f 3186 3138 3239
f 3237 3239 3150
f 3186 3239 3237
f 3138 3187 3250
f 3187 3124 3248
f 3250 3248 3153
f 3187 3248 3250
f 3150 3252 3238
f 3252 3153 3249
f 3238 3249 3127
f 3252 3249 3238
f 3138 3250 3239
f 3250 3153 3252
f 3239 3252 3150
f 3250 3252 3239
f 3117 3237 3254
f 3237 3150 3257
f 3254 3257 3154
f 3237 3257 3254
f 3150 3238 3275
f 3238 3127 3273
f 3275 3273 3158
f 3238 3273 3275
f 3154 3277 3255
f 3277 3158 3274
f 3255 3274 3128
f 3277 3274 3255
f 3150 3275 3257
f 3275 3158 3277
f 3257 3277 3154
f 3275 3277 3257
f 3118 3173 3212
f 3173 3134 3214
f 3212 3214 3145
f 3173 3214 3212
f 3134 3174 3227
f 3174 3122 3225
f 3227 3225 3148
f 3174 3225 3227
f 3145 3229 3213
f 3229 3148 3226
f 3213 3226 3126
f 3229 3226 3213
f 3134 3227 3214
f 3227 3148 3229
f 3214 3229 3145
f 3227 3229 3214
f 3122 3267 3178
f 3267 3157 3270
f 3178 3270 3135
f 3267 3270 3178
f 3157 3268 3272
f 3268 3128 3263
f 3272 3263 3156
f 3268 3263 3272
f 3135 3265 3177
f 3265 3156 3262
f 3177 3262 3121
f 3265 3262 3177
f 3157 3272 3270
f 3272 3156 3265
f 3270 3265 3135
f 3272 3265 3270
f 3128 3274 3259
f 3274 3158 3278
f 3259 3278 3155
f 3274 3278 3259
f 3158 3273 3276
f 3273 3127 3241
f 3276 3241 3151
f 3273 3241 3276
f 3155 3261 3258
f 3261 3151 3240
f 3258 3240 3119
f 3261 3240 3258
f 3158 3276 3278
f 3276 3151 3261
f 3278 3261 3155
f 3276 3261 3278
f 3127 3249 3244
f 3249 3153 3253
f 3244 3253 3152
f 3249 3253 3244
f 3153 3248 3251
f 3248 3124 3194
f 3251 3194 3140
f 3248 3194 3251
f 3152 3246 3243
f 3246 3140 3193
f 3243 3193 3123
f 3246 3193 3243
f 3153 3251 3253
f 3251 3140 3246
f 3253 3246 3152
f 3251 3246 3253
f 3124 3190 3206
f 3190 3139 3208
f 3206 3208 3144
f 3190 3208 3206
f 3139 3189 3197
f 3189 3118 3195
f 3197 3195 3141
f 3189 3195 3197
f 3144 3210 3207
f 3210 3141 3196
f 3207 3196 3125
f 3210 3196 3207
f 3139 3197 3208
f 3197 3141 3210
f 3208 3210 3144
f 3197 3210 3208
f 3120 3216 3166
f 3216 3146 3218
f 3166 3218 3132
f 3216 3218 3166
f 3146 3217 3224
f 3217 3126 3221
f 3224 3221 3147
f 3217 3221 3224
f 3132 3222 3167
f 3222 3147 3220
f 3167 3220 3121
f 3222 3220 3167
f 3146 3224 3218
f 3224 3147 3222
f 3218 3222 3132
f 3224 3222 3218
f 3120 3166 3162
f 3166 3132 3168
f 3162 3168 3130
f 3166 3168 3162
f 3132 3167 3169
f 3167 3121 3164
f 3169 3164 3131
f 3167 3164 3169
f 3130 3165 3161
f 3165 3131 3163
f 3161 3163 3119
f 3165 3163 3161
f 3132 3169 3168
f 3169 3131 3165
f 3168 3165 3130
f 3169 3165 3168
f 3120 3162 3182
f 3162 3130 3184
f 3182 3184 3137
f 3162 3184 3182
f 3130 3161 3181
f 3161 3119 3179
f 3181 3179 3136
f 3161 3179 3181
f 3137 3185 3183
f 3185 3136 3180
f 3183 3180 3123
f 3185 3180 3183
f 3130 3181 3184
f 3181 3136 3185
f 3184 3185 3137
f 3181 3185 3184
f 3120 3182 3198
f 3182 3137 3200
f 3198 3200 3142
f 3182 3200 3198
f 3137 3183 3203
f 3183 3123 3201
f 3203 3201 3143
f 3183 3201 3203
f 3142 3205 3199
f 3205 3143 3202
f 3199 3202 3125
f 3205 3202 3199
f 3137 3203 3200
f 3203 3143 3205
f 3200 3205 3142
f 3203 3205 3200
f 3120 3198 3216
f 3198 3142 3219
f 3216 3219 3146
f 3198 3219 3216
f 3142 3199 3234
f 3199 3125 3231
f 3234 3231 3149
f 3199 3231 3234
f 3146 3236 3217
f 3236 3149 3232
f 3217 3232 3126
f 3236 3232 3217
f 3142 3234 3219
f 3234 3149 3236
f 3219 3236 3146
f 3234 3236 3219
f 3121 3220 3177
f 3220 3147 3223
f 3177 3223 3135
f 3220 3223 3177
f 3147 3221 3230
f 3221 3126 3226
f 3230 3226 3148
f 3221 3226 3230
f 3135 3228 3178
f 3228 3148 3225
f 3178 3225 3122
f 3228 3225 3178
f 3147 3230 3223
f 3230 3148 3228
f 3223 3228 3135
f 3230 3228 3223
f 3119 3163 3258
f 3163 3131 3260
f 3258 3260 3155
f 3163 3260 3258
f 3131 3164 3264
f 3164 3121 3262
f 3264 3262 3156
f 3164 3262 3264
f 3155 3266 3259
f 3266 3156 3263
f 3259 3263 3128
f 3266 3263 3259
f 3131 3264 3260
f 3264 3156 3266
f 3260 3266 3155
f 3264 3266 3260
f 3123 3180 3243
f 3180 3136 3245
f 3243 3245 3152
f 3180 3245 3243
f 3136 3179 3242
f 3179 3119 3240
f 3242 3240 3151
f 3179 3240 3242
f 3152 3247 3244
f 3247 3151 3241
f 3244 3241 3127
f 3247 3241 3244
f 3136 3242 3245
f 3242 3151 3247
f 3245 3247 3152
f 3242 3247 3245
f 3125 3202 3207
f 3202 3143 3211
f 3207 3211 3144
f 3202 3211 3207
f 3143 3201 3204
f 3201 3123 3193
f 3204 3193 3140
f 3201 3193 3204
f 3144 3209 3206
f 3209 3140 3194
f 3206 3194 3124
f 3209 3194 3206
f 3143 3204 3211
f 3204 3140 3209
f 3211 3209 3144
f 3204 3209 3211
f 3126 3232 3213
f 3232 3149 3235
f 3213 3235 3145
f 3232 3235 3213
f 3149 3231 3233
f 3231 3125 3196
f 3233 3196 3141
f 3231 3196 3233
f 3145 3215 3212
f 3215 3141 3195
f 3212 3195 3118
f 3215 3195 3212
f 3149 3233 3235
f 3233 3141 3215
f 3235 3215 3145
f 3233 3215 3235
f 3279 3280 3282
f 3279 3282 3281
f 3281 3282 3284
f 3281 3284 3283
f 3283 3284 3286
f 3283 3286 3285
f 3285 3286 3288
f 3285 3288 3287
f 3287 3288 3290
f 3287 3290 3289
f 3289 3290 3292
f 3289 3292 3291
f 3291 3292 3294
f 3291 3294 3293
f 3293 3294 3280
f 3293 3280 3279
f 3295 3281 3279
f 3296 3280 3282
f 3295 3283 3281
f 3296 3282 3284
f 3295 3285 3283
f 3296 3284 3286
f 3295 3287 3285
f 3296 3286 3288
f 3295 3289 3287
f 3296 3288 3290
f 3295 3291 3289
f 3296 3290 3292
f 3295 3293 3291
f 3296 3292 3294
f 3295 3279 3293
f 3296 3294 3280
f 3297 3434 3350
f 3434 3334 3436
f 3350 3436 3313
f 3434 3436 3350
f 3334 3435 3451
f 3435 3308 3448
f 3451 3448 3337
f 3435 3448 3451
f 3313 3449 3351
f 3449 3337 3447
f 3351 3447 3302
f 3449 3447 3351
f 3334 3451 3436
f 3451 3337 3449
f 3436 3449 3313
f 3451 3449 3436
f 3297 3350 3339
f 3350 3313 3352
f 3339 3352 3309
f 3350 3352 3339
f 3313 3351 3356
f 3351 3302 3354
f 3356 3354 3314
f 3351 3354 3356
f 3309 3355 3340
f 3355 3314 3353
f 3340 3353 3298
f 3355 3353 3340
f 3313 3356 3352
f 3356 3314 3355
f 3352 3355 3309
f 3356 3355 3352
f 3297 3339 3366
f 3339 3309 3368
f 3366 3368 3318
f 3339 3368 3366
f 3309 3340 3371
f 3340 3298 3369
f 3371 3369 3319
f 3340 3369 3371
f 3318 3372 3367
f 3372 3319 3370
f 3367 3370 3304
f 3372 3370 3367
f 3309 3371 3368
f 3371 3319 3372
f 3368 3372 3318
f 3371 3372 3368
f 3297 3366 3417
f 3366 3318 3419
f 3417 3419 3330
f 3366 3419 3417
f 3318 3367 3430
f 3367 3304 3428
f 3430 3428 3333
f 3367 3428 3430
f 3330 3432 3418
f 3432 3333 3429
f 3418 3429 3307
f 3432 3429 3418
f 3318 3430 3419
f 3430 3333 3432
f 3419 3432 3330
f 3430 3432 3419
f 3297 3417 3434
f 3417 3330 3437
f 3434 3437 3334
f 3417 3437 3434
f 3330 3418 3455
f 3418 3307 3453
f 3455 3453 3338
f 3418 3453 3455
f 3334 3457 3435
f 3457 3338 3454
f 3435 3454 3308
f 3457 3454 3435
f 3330 3455 3437
f 3455 3338 3457
f 3437 3457 3334
f 3455 3457 3437
f 3298 3353 3392
f 3353 3314 3394
f 3392 3394 3325
f 3353 3394 3392
f 3314 3354 3407
f 3354 3302 3405
f 3407 3405 3328
f 3354 3405 3407
f 3325 3409 3393
f 3409 3328 3406
f 3393 3406 3306
f 3409 3406 3393
f 3314 3407 3394
f 3407 3328 3409
f 3394 3409 3325
f 3407 3409 3394
f 3302 3447 3358
f 3447 3337 3450
f 3358 3450 3315
f 3447 3450 3358
f 3337 3448 3452
f 3448 3308 3443
f 3452 3443 3336
f 3448 3443 3452
f 3315 3445 3357
f 3445 3336 3442
f 3357 3442 3301
f 3445 3442 3357
f 3337 3452 3450
f 3452 3336 3445
f 3450 3445 3315
f 3452 3445 3450
f 3308 3454 3439
f 3454 3338 3458
f 3439 3458 3335
f 3454 3458 3439
f 3338 3453 3456
f 3453 3307 3421
f 3456 3421 3331
f 3453 3421 3456
f 3335 3441 3438
f 3441 3331 3420
f 3438 3420 3299
f 3441 3420 3438
f 3338 3456 3458
f 3456 3331 3441
f 3458 3441 3335
f 3456 3441 3458
f 3307 3429 3424
f 3429 3333 3433
f 3424 3433 3332
f 3429 3433 3424
f 3333 3428 3431
f 3428 3304 3374
f 3431 3374 3320
f 3428 3374 3431
f 3332 3426 3423
f 3426 3320 3373
f 3423 3373 3303
f 3426 3373 3423
f 3333 3431 3433
f 3431 3320 3426
f 3433 3426 3332
f 3431 3426 3433
f 3304 3370 3386
f 3370 3319 3388
f 3386 3388 3324
f 3370 3388 3386
f 3319 3369 3377
f 3369 3298 3375
f 3377 3375 3321
f 3369 3375 3377
f 3324 3390 3387
f 3390 3321 3376
f 3387 3376 3305
f 3390 3376 3387
f 3319 3377 3388
f 3377 3321 3390
f 3388 3390 3324
f 3377 3390 3388
f 3300 3396 3346
f 3396 3326 3398
f 3346 3398 3312
f 3396 3398 3346
f 3326 3397 3404
f 3397 3306 3401
f 3404 3401 3327
f 3397 3401 3404
f 3312 3402 3347
f 3402 3327 3400
f 3347 3400 3301
f 3402 3400 3347
f 3326 3404 3398
f 3404 3327 3402
f 3398 3402 3312
f 3404 3402 3398
f 3300 3346 3342
f 3346 3312 3348
f 3342 3348 3310
f 3346 3348 3342
f 3312 3347 3349
f 3347 3301 3344
f 3349 3344 3311
f 3347 3344 3349
f 3310 3345 3341
f 3345 3311 3343
f 3341 3343 3299
f 3345 3343 3341
f 3312 3349 3348
f 3349 3311 3345
f 3348 3345 3310
f 3349 3345 3348
f 3300 3342 3362
f 3342 3310 3364
f 3362 3364 3317
f 3342 3364 3362
f 3310 3341 3361
f 3341 3299 3359
f 3361 3359 3316
f 3341 3359 3361
f 3317 3365 3363
f 3365 3316 3360
f 3363 3360 3303
f 3365 3360 3363
f 3310 3361 3364
f 3361 3316 3365
f 3364 3365 3317
f 3361 3365 3364
f 3300 3362 3378
f 3362 3317 3380
f 3378 3380 3322
f 3362 3380 3378
f 3317 3363 3383
f 3363 3303 3381
f 3383 3381 3323
f 3363 3381 3383
f 3322 3385 3379
f 3385 3323 3382
f 3379 3382 3305
f 3385 3382 3379
f 3317 3383 3380
f 3383 3323 3385
f 3380 3385 3322
f 3383 3385 3380
f 3300 3378 3396
f 3378 3322 3399
f 3396 3399 3326
f 3378 3399 3396
f 3322 3379 3414
f 3379 3305 3411
f 3414 3411 3329
f 3379 3411 3414
f 3326 3416 3397
f 3416 3329 3412
f 3397 3412 3306
f 3416 3412 3397
f 3322 3414 3399
f 3414 3329 3416
f 3399 3416 3326
f 3414 3416 3399
f 3301 3400 3357
f 3400 3327 3403
f 3357 3403 3315
f 3400 3403 3357
f 3327 3401 3410
f 3401 3306 3406
f 3410 3406 3328
f 3401 3406 3410
f 3315 3408 3358
f 3408 3328 3405
f 3358 3405 3302
f 3408 3405 3358
f 3327 3410 3403
f 3410 3328 3408
f 3403 3408 3315
f 3410 3408 3403
f 3299 3343 3438
f 3343 3311 3440
f 3438 3440 3335
f 3343 3440 3438
f 3311 3344 3444
f 3344 3301 3442
f 3444 3442 3336
f 3344 3442 3444
f 3335 3446 3439
f 3446 3336 3443
f 3439 3443 3308
f 3446 3443 3439
f 3311 3444 3440
f 3444 3336 3446
f 3440 3446 3335
f 3444 3446 3440
f 3303 3360 3423
f 3360 3316 3425
f 3423 3425 3332
f 3360 3425 3423
f 3316 3359 3422
f 3359 3299 3420
f 3422 3420 3331
f 3359 3420 3422
f 3332 3427 3424
f 3427 3331 3421
f 3424 3421 3307
f 3427 3421 3424
f 3316 3422 3425
f 3422 3331 3427
f 3425 3427 3332
f 3422 3427 3425
f 3305 3382 3387
f 3382 3323 3391
f 3387 3391 3324
f 3382 3391 3387
f 3323 3381 3384
f 3381 3303 3373
f 3384 3373 3320
f 3381 3373 3384
f 3324 3389 3386
f 3389 3320 3374
f 3386 3374 3304
f 3389 3374 3386
f 3323 3384 3391
f 3384 3320 3389
f 3391 3389 3324
f 3384 3389 3391
f 3306 3412 3393
f 3412 3329 3415
f 3393 3415 3325
f 3412 3415 3393
f 3329 3411 3413
f 3411 3305 3376
f 3413 3376 3321
f 3411 3376 3413
f 3325 3395 3392
f 3395 3321 3375
f 3392 3375 3298
f 3395 3375 3392
f 3329 3413 3415
f 3413 3321 3395
f 3415 3395 3325
f 3413 3395 3415
f 3459 3596 3512
f 3596 3496 3598
f 3512 3598 3475
f 3596 3598 3512
f 3496 3597 3613
f 3597 3470 3610
f 3613 3610 3499
f 3597 3610 3613
f 3475 3611 3513
f 3611 3499 3609
f 3513 3609 3464
f 3611 3609 3513
f 3496 3613 3598
f 3613 3499 3611
f 3598 3611 3475
f 3613 3611 3598
f 3459 3512 3501
f 3512 3475 3514
f 3501 3514 3471
f 3512 3514 3501
f 3475 3513 3518
f 3513 3464 3516
f 3518 3516 3476
f 3513 3516 3518
f 3471 3517 3502
f 3517 3476 3515
f 3502 3515 3460
f 3517 3515 3502
f 3475 3518 3514
f 3518 3476 3517
f 3514 3517 3471
f 3518 3517 3514
f 3459 3501 3528
f 3501 3471 3530
f 3528 3530 3480
f 3501 3530 3528
f 3471 3502 3533
f 3502 3460 3531
f 3533 3531 3481
f 3502 3531 3533
f 3480 3534 3529
f 3534 3481 3532
f 3529 3532 3466
f 3534 3532 3529
f 3471 3533 3530
f 3533 3481 3534
f 3530 3534 3480
f 3533 3534 3530
f 3459 3528 3579
f 3528 3480 3581
f 3579 3581 3492
f 3528 3581 3579
f 3480 3529 3592
f 3529 3466 3590
f 3592 3590 3495
f 3529 3590 3592
f 3492 3594 3580
f 3594 3495 3591
f 3580 3591 3469
f 3594 3591 3580
f 3480 3592 3581
f 3592 3495 3594
f 3581 3594 3492
f 3592 3594 3581
f 3459 3579 3596
f 3579 3492 3599
f 3596 3599 3496
f 3579 3599 3596
f 3492 3580 3617
f 3580 3469 3615
f 3617 3615 3500
f 3580 3615 3617
f 3496 3619 3597
f 3619 3500 3616
f 3597 3616 3470
f 3619 3616 3597
f 3492 3617 3599
f 3617 3500 3619
f 3599 3619 3496
f 3617 3619 3599
f 3460 3515 3554
f 3515 3476 3556
f 3554 3556 3487
f 3515 3556 3554
f 3476 3516 3569
f 3516 3464 3567
f 3569 3567 3490
f 3516 3567 3569
f 3487 3571 3555
f 3571 3490 3568
f 3555 3568 3468
f 3571 3568 3555
f 3476 3569 3556
f 3569 3490 3571
f 3556 3571 3487
f 3569 3571 3556
f 3464 3609 3520
f 3609 3499 3612
f 3520 3612 3477
f 3609 3612 3520
f 3499 3610 3614
f 3610 3470 3605
f 3614 3605 3498
f 3610 3605 3614
f 3477 3607 3519
f 3607 3498 3604
f 3519 3604 3463
f 3607 3604 3519
f 3499 3614 3612
f 3614 3498 3607
f 3612 3607 3477
f 3614 3607 3612
f 3470 3616 3601
f 3616 3500 3620
f 3601 3620 3497
f 3616 3620 3601
f 3500 3615 3618
f 3615 3469 3583
f 3618 3583 3493
f 3615 3583 3618
f 3497 3603 3600
f 3603 3493 3582
f 3600 3582 3461
f 3603 3582 3600
f 3500 3618 3620
f 3618 3493 3603
f 3620 3603 3497
f 3618 3603 3620
f 3469 3591 3586
f 3591 3495 3595
f 3586 3595 3494
f 3591 3595 3586
f 3495 3590 3593
f 3590 3466 3536
f 3593 3536 3482
f 3590 3536 3593
f 3494 3588 3585
f 3588 3482 3535
f 3585 3535 3465
f 3588 3535 3585
f 3495 3593 3595
f 3593 3482 3588
f 3595 3588 3494
f 3593 3588 3595
f 3466 3532 3548
f 3532 3481 3550
f 3548 3550 3486
f 3532 3550 3548
f 3481 3531 3539
f 3531 3460 3537
f 3539 3537 3483
f 3531 3537 3539
f 3486 3552 3549
f 3552 3483 3538
f 3549 3538 3467
f 3552 3538 3549
f 3481 3539 3550
f 3539 3483 3552
f 3550 3552 3486
f 3539 3552 3550
f 3462 3558 3508
f 3558 3488 3560
f 3508 3560 3474
f 3558 3560 3508
f 3488 3559 3566
f 3559 3468 3563
f 3566 3563 3489
f 3559 3563 3566
f 3474 3564 3509
f 3564 3489 3562
f 3509 3562 3463
f 3564 3562 3509
f 3488 3566 3560
f 3566 3489 3564
f 3560 3564 3474
f 3566 3564 3560
f 3462 3508 3504
f 3508 3474 3510
f 3504 3510 3472
f 3508 3510 3504
f 3474 3509 3511
f 3509 3463 3506
f 3511 3506 3473
f 3509 3506 3511
f 3472 3507 3503
f 3507 3473 3505
f 3503 3505 3461
f 3507 3505 3503
f 3474 3511 3510
f 3511 3473 3507
f 3510 3507 3472
f 3511 3507 3510
f 3462 3504 3524
f 3504 3472 3526
f 3524 3526 3479
f 3504 3526 3524
f 3472 3503 3523
f 3503 3461 3521
f 3523 3521 3478
f 3503 3521 3523
f 3479 3527 3525
f 3527 3478 3522
f 3525 3522 3465
f 3527 3522 3525
f 3472 3523 3526
f 3523 3478 3527
f 3526 3527 3479
f 3523 3527 3526
f 3462 3524 3540
f 3524 3479 3542
f 3540 3542 3484
f 3524 3542 3540
f 3479 3525 3545
f 3525 3465 3543
f 3545 3543 3485
f 3525 3543 3545
f 3484 3547 3541
f 3547 3485 3544
f 3541 3544 3467
f 3547 3544 3541
f 3479 3545 3542
f 3545 3485 3547
f 3542 3547 3484
f 3545 3547 3542
f 3462 3540 3558
f 3540 3484 3561
f 3558 3561 3488
f 3540 3561 3558
f 3484 3541 3576
f 3541 3467 3573
f 3576 3573 3491
f 3541 3573 3576
f 3488 3578 3559
f 3578 3491 3574
f 3559 3574 3468
f 3578 3574 3559
f 3484 3576 3561
f 3576 3491 3578
f 3561 3578 3488
f 3576 3578 3561
f 3463 3562 3519
f 3562 3489 3565
f 3519 3565 3477
f 3562 3565 3519
f 3489 3563 3572
f 3563 3468 3568
f 3572 3568 3490
f 3563 3568 3572
f 3477 3570 3520
f 3570 3490 3567
f 3520 3567 3464
f 3570 3567 3520
f 3489 3572 3565
f 3572 3490 3570
f 3565 3570 3477
f 3572 3570 3565
f 3461 3505 3600
f 3505 3473 3602
f 3600 3602 3497
f 3505 3602 3600
f 3473 3506 3606
f 3506 3463 3604
f 3606 3604 3498
f 3506 3604 3606
f 3497 3608 3601
f 3608 3498 3605
f 3601 3605 3470
f 3608 3605 3601
f 3473 3606 3602
f 3606 3498 3608
f 3602 3608 3497
f 3606 3608 3602
f 3465 3522 3585
f 3522 3478 3587
f 3585 3587 3494
f 3522 3587 3585
f 3478 3521 3584
f 3521 3461 3582
f 3584 3582 3493
f 3521 3582 3584
f 3494 3589 3586
f 3589 3493 3583
f 3586 3583 3469
f 3589 3583 3586
f 3478 3584 3587
f 3584 3493 3589
f 3587 3589 3494
f 3584 3589 3587
f 3467 3544 3549
f 3544 3485 3553
f 3549 3553 3486
f 3544 3553 3549
f 3485 3543 3546
f 3543 3465 3535
f 3546 3535 3482
f 3543 3535 3546
f 3486 3551 3548
f 3551 3482 3536
f 3548 3536 3466
f 3551 3536 3548
f 3485 3546 3553
f 3546 3482 3551
f 3553 3551 3486
f 3546 3551 3553
f 3468 3574 3555
f 3574 3491 3577
f 3555 3577 3487
f 3574 3577 3555
f 3491 3573 3575
f 3573 3467 3538
f 3575 3538 3483
f 3573 3538 3575
f 3487 3557 3554
f 3557 3483 3537
f 3554 3537 3460
f 3557 3537 3554
f 3491 3575 3577
f 3575 3483 3557
f 3577 3557 3487
f 3575 3557 3577
f 3621 3622 3624
f 3621 3624 3623
f 3623 3624 3626
f 3623 3626 3625
f 3625 3626 3628
f 3625 3628 3627
f 3627 3628 3630
f 3627 3630 3629
f 3629 3630 3632
f 3629 3632 3631
f 3631 3632 3634
f 3631 3634 3633
f 3633 3634 3636
f 3633 3636 3635
f 3635 3636 3622
f 3635 3622 3621
f 3637 3623 3621
f 3638 3622 3624
f 3637 3625 3623
f 3638 3624 3626
f 3637 3627 3625
f 3638 3626 3628
f 3637 3629 3627
f 3638 3628 3630
f 3637 3631 3629
f 3638 3630 3632
f 3637 3633 3631
f 3638 3632 3634
f 3637 3635 3633
f 3638 3634 3636
f 3637 3621 3635
f 3638 3636 3622
f 3639 3776 3692
f 3776 3676 3778
f 3692 3778 3655
f 3776 3778 3692
f 3676 3777 3793
f 3777 3650 3790
f 3793 3790 3679
f 3777 3790 3793
f 3655 3791 3693
f 3791 3679 3789
f 3693 3789 3644
f 3791 3789 3693
f 3676 3793 3778
f 3793 3679 3791
f 3778 3791 3655
f 3793 3791 3778
f 3639 3692 3681
f 3692 3655 3694
f 3681 3694 3651
f 3692 3694 3681
f 3655 3693 3698
f 3693 3644 3696
f 3698 3696 3656
f 3693 3696 3698
f 3651 3697 3682
f 3697 3656 3695
f 3682 3695 3640
f 3697 3695 3682
f 3655 3698 3694
f 3698 3656 3697
f 3694 3697 3651
f 3698 3697 3694
f 3639 3681 3708
f 3681 3651 3710
f 3708 3710 3660
f 3681 3710 3708
f 3651 3682 3713
f 3682 3640 3711
f 3713 3711 3661
f 3682 3711 3713
f 3660 3714 3709
f 3714 3661 3712
f 3709 3712 3646
f 3714 3712 3709
f 3651 3713 3710
f 3713 3661 3714
f 3710 3714 3660
f 3713 3714 3710
f 3639 3708 3759
f 3708 3660 3761
f 3759 3761 3672
f 3708 3761 3759
f 3660 3709 3772
f 3709 3646 3770
f 3772 3770 3675
f 3709 3770 3772
f 3672 3774 3760
f 3774 3675 3771
f 3760 3771 3649
f 3774 3771 3760
f 3660 3772 3761
f 3772 3675 3774
f 3761 3774 3672
f 3772 3774 3761
f 3639 3759 3776
f 3759 3672 3779
f 3776 3779 3676
f 3759 3779 3776
f 3672 3760 3797
f 3760 3649 3795
f 3797 3795 3680
f 3760 3795 3797
f 3676 3799 3777
f 3799 3680 3796
f 3777 3796 3650
f 3799 3796 3777
f 3672 3797 3779
f 3797 3680 3799
f 3779 3799 3676
f 3797 3799 3779
f 3640 3695 3734
f 3695 3656 3736
f 3734 3736 3667
f 3695 3736 3734
f 3656 3696 3749
f 3696 3644 3747
f 3749 3747 3670
f 3696 3747 3749
f 3667 3751 3735
f 3751 3670 3748
f 3735 3748 3648
f 3751 3748 3735
f 3656 3749 3736
f 3749 3670 3751
f 3736 3751 3667
f 3749 3751 3736
f 3644 3789 3700
f 3789 3679 3792
f 3700 3792 3657
f 3789 3792 3700
f 3679 3790 3794
f 3790 3650 3785
f 3794 3785 3678
f 3790 3785 3794
f 3657 3787 3699
f 3787 3678 3784
f 3699 3784 3643
f 3787 3784 3699
f 3679 3794 3792
f 3794 3678 3787
f 3792 3787 3657
f 3794 3787 3792
f 3650 3796 3781
f 3796 3680 3800
f 3781 3800 3677
f 3796 3800 3781
f 3680 3795 3798
f 3795 3649 3763
f 3798 3763 3673
f 3795 3763 3798
f 3677 3783 3780
f 3783 3673 3762
f 3780 3762 3641
f 3783 3762 3780
f 3680 3798 3800
f 3798 3673 3783
f 3800 3783 3677
f 3798 3783 3800
f 3649 3771 3766
f 3771 3675 3775
f 3766 3775 3674
f 3771 3775 3766
f 3675 3770 3773
f 3770 3646 3716
f 3773 3716 3662
f 3770 3716 3773
f 3674 3768 3765
f 3768 3662 3715
f 3765 3715 3645
f 3768 3715 3765
f 3675 3773 3775
f 3773 3662 3768
f 3775 3768 3674
f 3773 3768 3775
f 3646 3712 3728
f 3712 3661 3730
f 3728 3730 3666
f 3712 3730 3728
f 3661 3711 3719
f 3711 3640 3717
f 3719 3717 3663
f 3711 3717 3719
f 3666 3732 3729
f 3732 3663 3718
f 3729 3718 3647
f 3732 3718 3729
f 3661 3719 3730
f 3719 3663 3732
f 3730 3732 3666
f 3719 3732 3730
f 3642 3738 3688
f 3738 3668 3740
f 3688 3740 3654
f 3738 3740 3688
f 3668 3739 3746
f 3739 3648 3743
f 3746 3743 3669
f 3739 3743 3746
f 3654 3744 3689
f 3744 3669 3742
f 3689 3742 3643
f 3744 3742 3689
f 3668 3746 3740
f 3746 3669 3744
f 3740 3744 3654
f 3746 3744 3740
f 3642 3688 3684
f 3688 3654 3690
f 3684 3690 3652
f 3688 3690 3684
f 3654 3689 3691
f 3689 3643 3686
f 3691 3686 3653
f 3689 3686 3691
f 3652 3687 3683
f 3687 3653 3685
f 3683 3685 3641
f 3687 3685 3683
f 3654 3691 3690
f 3691 3653 3687
f 3690 3687 3652
f 3691 3687 3690
f 3642 3684 3704
f 3684 3652 3706
f 3704 3706 3659
f 3684 3706 3704
f 3652 3683 3703
f 3683 3641 3701
f 3703 3701 3658
f 3683 3701 3703
f 3659 3707 3705
f 3707 3658 3702
f 3705 3702 3645
f 3707 3702 3705
f 3652 3703 3706
f 3703 3658 3707
f 3706 3707 3659
f 3703 3707 3706
f 3642 3704 3720
f 3704 3659 3722
f 3720 3722 3664
f 3704 3722 3720
f 3659 3705 3725
f 3705 3645 3723
f 3725 3723 3665
f 3705 3723 3725
f 3664 3727 3721
f 3727 3665 3724
f 3721 3724 3647
f 3727 3724 3721
f 3659 3725 3722
f 3725 3665 3727
f 3722 3727 3664
f 3725 3727 3722
f 3642 3720 3738
f 3720 3664 3741
f 3738 3741 3668
f 3720 3741 3738
f 3664 3721 3756
f 3721 3647 3753
f 3756 3753 3671
f 3721 3753 3756
f 3668 3758 3739
f 3758 3671 3754
f 3739 3754 3648
f 3758 3754 3739
f 3664 3756 3741
f 3756 3671 3758
f 3741 3758 3668
f 3756 3758 3741
f 3643 3742 3699
f 3742 3669 3745
f 3699 3745 3657
f 3742 3745 3699
f 3669 3743 3752
f 3743 3648 3748
f 3752 3748 3670
f 3743 3748 3752
f 3657 3750 3700
f 3750 3670 3747
f 3700 3747 3644
f 3750 3747 3700
f 3669 3752 3745
f 3752 3670 3750
f 3745 3750 3657
f 3752 3750 3745
f 3641 3685 3780
f 3685 3653 3782
f 3780 3782 3677
f 3685 3782 3780
f 3653 3686 3786
f 3686 3643 3784
f 3786 3784 3678
f 3686 3784 3786
f 3677 3788 3781
f 3788 3678 3785
f 3781 3785 3650
f 3788 3785 3781
f 3653 3786 3782
f 3786 3678 3788
f 3782 3788 3677
f 3786 3788 3782
f 3645 3702 3765
f 3702 3658 3767
f 3765 3767 3674
f 3702 3767 3765
f 3658 3701 3764
f 3701 3641 3762
f 3764 3762 3673
f 3701 3762 3764
f 3674 3769 3766
f 3769 3673 3763
f 3766 3763 3649
f 3769 3763 3766
f 3658 3764 3767
f 3764 3673 3769
f 3767 3769 3674
f 3764 3769 3767
f 3647 3724 3729
f 3724 3665 3733
f 3729 3733 3666
f 3724 3733 3729
f 3665 3723 3726
f 3723 3645 3715
f 3726 3715 3662
f 3723 3715 3726
f 3666 3731 3728
f 3731 3662 3716
f 3728 3716 3646
f 3731 3716 3728
f 3665 3726 3733
f 3726 3662 3731
f 3733 3731 3666
f 3726 3731 3733
f 3648 3754 3735
f 3754 3671 3757
f 3735 3757 3667
f 3754 3757 3735
f 3671 3753 3755
f 3753 3647 3718
f 3755 3718 3663
f 3753 3718 3755
f 3667 3737 3734
f 3737 3663 3717
f 3734 3717 3640
f 3737 3717 3734
f 3671 3755 3757
f 3755 3663 3737
f 3757 3737 3667
f 3755 3737 3757
f 3801 3802 3804
f 3801 3804 3803
f 3803 3804 3806
f 3803 3806 3805
f 3805 3806 3808
f 3805 3808 3807
f 3807 3808 3810
f 3807 3810 3809
f 3809 3810 3812
f 3809 3812 3811
f 3811 3812 3814
f 3811 3814 3813
f 3813 3814 3816
f 3813 3816 3815
f 3815 3816 3802
f 3815 3802 3801
f 3817 3803 3801
f 3818 3802 3804
f 3817 3805 3803
f 3818 3804 3806
f 3817 3807 3805
f 3818 3806 3808
f 3817 3809 3807
f 3818 3808 3810
f 3817 3811 3809
f 3818 3810 3812
f 3817 3813 3811
f 3818 3812 3814
f 3817 3815 3813
f 3818 3814 3816
f 3817 3801 3815
f 3818 3816 3802
f 3819 3956 3872
f 3956 3856 3958
f 3872 3958 3835
f 3956 3958 3872
f 3856 3957 3973
f 3957 3830 3970
f 3973 3970 3859
f 3957 3970 3973
f 3835 3971 3873
f 3971 3859 3969
f 3873 3969 3824
f 3971 3969 3873
f 3856 3973 3958
f 3973 3859 3971
f 3958 3971 3835
f 3973 3971 3958
f 3819 3872 3861
f 3872 3835 3874
f 3861 3874 3831
f 3872 3874 3861
f 3835 3873 3878
f 3873 3824 3876
f 3878 3876 3836
f 3873 3876 3878
f 3831 3877 3862
f 3877 3836 3875
f 3862 3875 3820
f 3877 3875 3862
f 3835 3878 3874
f 3878 3836 3877
f 3874 3877 3831
f 3878 3877 3874
f 3819 3861 3888
f 3861 3831 3890
f 3888 3890 3840
f 3861 3890 3888
f 3831 3862 3893
f 3862 3820 3891
f 3893 3891 3841
f 3862 3891 3893
f 3840 3894 3889
f 3894 3841 3892
f 3889 3892 3826
f 3894 3892 3889
f 3831 3893 3890
f 3893 3841 3894
f 3890 3894 3840
f 3893 3894 3890
f 3819 3888 3939
f 3888 3840 3941
f 3939 3941 3852
f 3888 3941 3939
f 3840 3889 3952
f 3889 3826 3950
f 3952 3950 3855
f 3889 3950 3952
f 3852 3954 3940
f 3954 3855 3951
f 3940 3951 3829
f 3954 3951 3940
f 3840 3952 3941
f 3952 3855 3954
f 3941 3954 3852
f 3952 3954 3941
f 3819 3939 3956
f 3939 3852 3959
f 3956 3959 3856
f 3939 3959 3956
f 3852 3940 3977
f 3940 3829 3975
f 3977 3975 3860
f 3940 3975 3977
f 3856 3979 3957
f 3979 3860 3976
f 3957 3976 3830
f 3979 3976 3957
f 3852 3977 3959
f 3977 3860 3979
f 3959 3979 3856
f 3977 3979 3959
f 3820 3875 3914
f 3875 3836 3916
f 3914 3916 3847
f 3875 3916 3914
f 3836 3876 3929
f 3876 3824 3927
f 3929 3927 3850
f 3876 3927 3929
f 3847 3931 3915
f 3931 3850 3928
f 3915 3928 3828
f 3931 3928 3915
f 3836 3929 3916
f 3929 3850 3931
f 3916 3931 3847
f 3929 3931 3916
f 3824 3969 3880
f 3969 3859 3972
f 3880 3972 3837
f 3969 3972 3880
f 3859 3970 3974
f 3970 3830 3965
f 3974 3965 3858
f 3970 3965 3974
f 3837 3967 3879
f 3967 3858 3964
f 3879 3964 3823
f 3967 3964 3879
f 3859 3974 3972
f 3974 3858 3967
f 3972 3967 3837
f 3974 3967 3972
f 3830 3976 3961
f 3976 3860 3980
f 3961 3980 3857
f 3976 3980 3961
f 3860 3975 3978
f 3975 3829 3943
f 3978 3943 3853
f 3975 3943 3978
f 3857 3963 3960
f 3963 3853 3942
f 3960 3942 3821
f 3963 3942 3960
f 3860 3978 3980
f 3978 3853 3963
f 3980 3963 3857
f 3978 3963 3980
f 3829 3951 3946
f 3951 3855 3955
f 3946 3955 3854
f 3951 3955 3946
f 3855 3950 3953
f 3950 3826 3896
f 3953 3896 3842
f 3950 3896 3953
f 3854 3948 3945
f 3948 3842 3895
f 3945 3895 3825
f 3948 3895 3945
f 3855 3953 3955
f 3953 3842 3948
f 3955 3948 3854
f 3953 3948 3955
f 3826 3892 3908
f 3892 3841 3910
f 3908 3910 3846
f 3892 3910 3908
f 3841 3891 3899
f 3891 3820 3897
f 3899 3897 3843
f 3891 3897 3899
f 3846 3912 3909
f 3912 3843 3898
f 3909 3898 3827
f 3912 3898 3909
f 3841 3899 3910
f 3899 3843 3912
f 3910 3912 3846
f 3899 3912 3910
f 3822 3918 3868
f 3918 3848 3920
f 3868 3920 3834
f 3918 3920 3868
f 3848 3919 3926
f 3919 3828 3923
f 3926 3923 3849
f 3919 3923 3926
f 3834 3924 3869
f 3924 3849 3922
f 3869 3922 3823
f 3924 3922 3869
f 3848 3926 3920
f 3926 3849 3924
f 3920 3924 3834
f 3926 3924 3920
f 3822 3868 3864
f 3868 3834 3870
f 3864 3870 3832
f 3868 3870 3864
f 3834 3869 3871
f 3869 3823 3866
f 3871 3866 3833
f 3869 3866 3871
f 3832 3867 3863
f 3867 3833 3865
f 3863 3865 3821
f 3867 3865 3863
f 3834 3871 3870
f 3871 3833 3867
f 3870 3867 3832
f 3871 3867 3870
f 3822 3864 3884
f 3864 3832 3886
f 3884 3886 3839
f 3864 3886 3884
f 3832 3863 3883
f 3863 3821 3881
f 3883 3881 3838
f 3863 3881 3883
f 3839 3887 3885
f 3887 3838 3882
f 3885 3882 3825
f 3887 3882 3885
f 3832 3883 3886
f 3883 3838 3887
f 3886 3887 3839
f 3883 3887 3886
f 3822 3884 3900
f 3884 3839 3902
f 3900 3902 3844
f 3884 3902 3900
f 3839 3885 3905
f 3885 3825 3903
f 3905 3903 3845
f 3885 3903 3905
f 3844 3907 3901
f 3907 3845 3904
f 3901 3904 3827
f 3907 3904 3901
f 3839 3905 3902
f 3905 3845 3907
f 3902 3907 3844
f 3905 3907 3902
f 3822 3900 3918
f 3900 3844 3921
f 3918 3921 3848
f 3900 3921 3918
f 3844 3901 3936
f 3901 3827 3933
f 3936 3933 3851
f 3901 3933 3936
f 3848 3938 3919
f 3938 3851 3934
f 3919 3934 3828
f 3938 3934 3919
f 3844 3936 3921
f 3936 3851 3938
f 3921 3938 3848
f 3936 3938 3921
f 3823 3922 3879
f 3922 3849 3925
f 3879 3925 3837
f 3922 3925 3879
f 3849 3923 3932
f 3923 3828 3928
f 3932 3928 3850
f 3923 3928 3932
f 3837 3930 3880
f 3930 3850 3927
f 3880 3927 3824
f 3930 3927 3880
f 3849 3932 3925
f 3932 3850 3930
f 3925 3930 3837
f 3932 3930 3925
f 3821 3865 3960
f 3865 3833 3962
f 3960 3962 3857
f 3865 3962 3960
f 3833 3866 3966
f 3866 3823 3964
f 3966 3964 3858
f 3866 3964 3966
f 3857 3968 3961
f 3968 3858 3965
f 3961 3965 3830
f 3968 3965 3961
f 3833 3966 3962
f 3966 3858 3968
f 3962 3968 3857
f 3966 3968 3962
f 3825 3882 3945
f 3882 3838 3947
f 3945 3947 3854
f 3882 3947 3945
f 3838 3881 3944
f 3881 3821 3942
f 3944 3942 3853
f 3881 3942 3944
f 3854 3949 3946
f 3949 3853 3943
f 3946 3943 3829
f 3949 3943 3946
f 3838 3944 3947
f 3944 3853 3949
f 3947 3949 3854
f 3944 3949 3947
f 3827 3904 3909
f 3904 3845 3913
f 3909 3913 3846
f 3904 3913 3909
f 3845 3903 3906
f 3903 3825 3895
f 3906 3895 3842
f 3903 3895 3906
f 3846 3911 3908
f 3911 3842 3896
f 3908 3896 3826
f 3911 3896 3908
f 3845 3906 3913
f 3906 3842 3911
f 3913 3911 3846
f 3906 3911 3913
f 3828 3934 3915
f 3934 3851 3937
f 3915 3937 3847
f 3934 3937 3915
f 3851 3933 3935
f 3933 3827 3898
f 3935 3898 3843
f 3933 3898 3935
f 3847 3917 3914
f 3917 3843 3897
f 3914 3897 3820
f 3917 3897 3914
f 3851 3935 3937
f 3935 3843 3917
f 3937 3917 3847
f 3935 3917 3937
f 3981 4118 4034
f 4118 4018 4120
f 4034 4120 3997
f 4118 4120 4034
f 4018 4119 4135
f 4119 3992 4132
f 4135 4132 4021
f 4119 4132 4135
f 3997 4133 4035
f 4133 4021 4131
f 4035 4131 3986
f 4133 4131 4035
f 4018 4135 4120
f 4135 4021 4133
f 4120 4133 3997
f 4135 4133 4120
f 3981 4034 4023
f 4034 3997 4036
f 4023 4036 3993
f 4034 4036 4023
f 3997 4035 4040
f 4035 3986 4038
f 4040 4038 3998
f 4035 4038 4040
f 3993 4039 4024
f 4039 3998 4037
f 4024 4037 3982
f 4039 4037 4024
f 3997 4040 4036
f 4040 3998 4039
f 4036 4039 3993
f 4040 4039 4036
f 3981 4023 4050
f 4023 3993 4052
f 4050 4052 4002
f 4023 4052 4050
f 3993 4024 4055
f 4024 3982 4053
f 4055 4053 4003
f 4024 4053 4055
f 4002 4056 4051
f 4056 4003 4054
f 4051 4054 3988
f 4056 4054 4051
f 3993 4055 4052
f 4055 4003 4056
f 4052 4056 4002
f 4055 4056 4052
f 3981 4050 4101
f 4050 4002 4103
f 4101 4103 4014
f 4050 4103 4101
f 4002 4051 4114
f 4051 3988 4112
f 4114 4112 4017
f 4051 4112 4114
f 4014 4116 4102
f 4116 4017 4113
f 4102 4113 3991
f 4116 4113 4102
f 4002 4114 4103
f 4114 4017 4116
f 4103 4116 4014
f 4114 4116 4103
f 3981 4101 4118
f 4101 4014 4121
f 4118 4121 4018
f 4101 4121 4118
f 4014 4102 4139
f 4102 3991 4137
f 4139 4137 4022
f 4102 4137 4139
f 4018 4141 4119
f 4141 4022 4138
f 4119 4138 3992
f 4141 4138 4119
f 4014 4139 4121
f 4139 4022 4141
f 4121 4141 4018
f 4139 4141 4121
f 3982 4037 4076
f 4037 3998 4078
f 4076 4078 4009
f 4037 4078 4076
f 3998 4038 4091
f 4038 3986 4089
f 4091 4089 4012
f 4038 4089 4091
f 4009 4093 4077
f 4093 4012 4090
f 4077 4090 3990
f 4093 4090 4077
f 3998 4091 4078
f 4091 4012 4093
f 4078 4093 4009
f 4091 4093 4078
f 3986 4131 4042
f 4131 4021 4134
f 4042 4134 3999
f 4131 4134 4042
f 4021 4132 4136
f 4132 3992 4127
f 4136 4127 4020
f 4132 4127 4136
f 3999 4129 4041
f 4129 4020 4126
f 4041 4126 3985
f 4129 4126 4041
f 4021 4136 4134
f 4136 4020 4129
f 4134 4129 3999
f 4136 4129 4134
f 3992 4138 4123
f 4138 4022 4142
f 4123 4142 4019
f 4138 4142 4123
f 4022 4137 4140
f 4137 3991 4105
f 4140 4105 4015
f 4137 4105 4140
f 4019 4125 4122
f 4125 4015 4104
f 4122 4104 3983
f 4125 4104 4122
f 4022 4140 4142
f 4140 4015 4125
f 4142 4125 4019
f 4140 4125 4142
f 3991 4113 4108
f 4113 4017 4117
f 4108 4117 4016
f 4113 4117 4108
f 4017 4112 4115
f 4112 3988 4058
f 4115 4058 4004
f 4112 4058 4115
f 4016 4110 4107
f 4110 4004 4057
f 4107 4057 3987
f 4110 4057 4107
f 4017 4115 4117
f 4115 4004 4110
f 4117 4110 4016
f 4115 4110 4117
f 3988 4054 4070
f 4054 4003 4072
f 4070 4072 4008
f 4054 4072 4070
f 4003 4053 4061
f 4053 3982 4059
f 4061 4059 4005
f 4053 4059 4061
f 4008 4074 4071
f 4074 4005 4060
f 4071 4060 3989
f 4074 4060 4071
f 4003 4061 4072
f 4061 4005 4074
f 4072 4074 4008
f 4061 4074 4072
f 3984 4080 4030
f 4080 4010 4082
f 4030 4082 3996
f 4080 4082 4030
f 4010 4081 4088
f 4081 3990 4085
f 4088 4085 4011
f 4081 4085 4088
f 3996 4086 4031
f 4086 4011 4084
f 4031 4084 3985
f 4086 4084 4031
f 4010 4088 4082
f 4088 4011 4086
f 4082 4086 3996
f 4088 4086 4082
f 3984 4030 4026
f 4030 3996 4032
f 4026 4032 3994
f 4030 4032 4026
f 3996 4031 4033
f 4031 3985 4028
f 4033 4028 3995
f 4031 4028 4033
f 3994 4029 4025
f 4029 3995 4027
f 4025 4027 3983
f 4029 4027 4025
f 3996 4033 4032
f 4033 3995 4029
f 4032 4029 3994
f 4033 4029 4032
f 3984 4026 4046
f 4026 3994 4048
f 4046 4048 4001
f 4026 4048 4046
f 3994 4025 4045
f 4025 3983 4043
f 4045 4043 4000
f 4025 4043 4045
f 4001 4049 4047
f 4049 4000 4044
f 4047 4044 3987
f 4049 4044 4047
f 3994 4045 4048
f 4045 4000 4049
f 4048 4049 4001
f 4045 4049 4048
f 3984 4046 4062
f 4046 4001 4064
f 4062 4064 4006
f 4046 4064 4062
f 4001 4047 4067
f 4047 3987 4065
f 4067 4065 4007
f 4047 4065 4067
f 4006 4069 4063
f 4069 4007 4066
f 4063 4066 3989
f 4069 4066 4063
f 4001 4067 4064
f 4067 4007 4069
f 4064 4069 4006
f 4067 4069 4064
f 3984 4062 4080
f 4062 4006 4083
f 4080 4083 4010
f 4062 4083 4080
f 4006 4063 4098
f 4063 3989 4095
f 4098 4095 4013
f 4063 4095 4098
f 4010 4100 4081
f 4100 4013 4096
f 4081 4096 3990
f 4100 4096 4081
f 4006 4098 4083
f 4098 4013 4100
f 4083 4100 4010
f 4098 4100 4083
f 3985 4084 4041
f 4084 4011 4087
f 4041 4087 3999
f 4084 4087 4041
f 4011 4085 4094
f 4085 3990 4090
f 4094 4090 4012
f 4085 4090 4094
f 3999 4092 4042
f 4092 4012 4089
f 4042 4089 3986
f 4092 4089 4042
f 4011 4094 4087
f 4094 4012 4092
f 4087 4092 3999
f 4094 4092 4087
f 3983 4027 4122
f 4027 3995 4124
f 4122 4124 4019
f 4027 4124 4122
f 3995 4028 4128
f 4028 3985 4126
f 4128 4126 4020
f 4028 4126 4128
f 4019 4130 4123
f 4130 4020 4127
f 4123 4127 3992
f 4130 4127 4123
f 3995 4128 4124
f 4128 4020 4130
f 4124 4130 4019
f 4128 4130 4124
f 3987 4044 4107
f 4044 4000 4109
f 4107 4109 4016
f 4044 4109 4107
f 4000 4043 4106
f 4043 3983 4104
f 4106 4104 4015
f 4043 4104 4106
f 4016 4111 4108
f 4111 4015 4105
f 4108 4105 3991
f 4111 4105 4108
f 4000 4106 4109
f 4106 4015 4111
f 4109 4111 4016
f 4106 4111 4109
f 3989 4066 4071
f 4066 4007 4075
f 4071 4075 4008
f 4066 4075 4071
f 4007 4065 4068
f 4065 3987 4057
f 4068 4057 4004
f 4065 4057 4068
f 4008 4073 4070
f 4073 4004 4058
f 4070 4058 3988
f 4073 4058 4070
f 4007 4068 4075
f 4068 4004 4073
f 4075 4073 4008
f 4068 4073 4075
f 3990 4096 4077
f 4096 4013 4099
f 4077 4099 4009
f 4096 4099 4077
f 4013 4095 4097
f 4095 3989 4060
f 4097 4060 4005
f 4095 4060 4097
f 4009 4079 4076
f 4079 4005 4059
f 4076 4059 3982
f 4079 4059 4076
f 4013 4097 4099
f 4097 4005 4079
f 4099 4079 4009
f 4097 4079 4099
f 4143 4144 4146
f 4143 4146 4145
f 4145 4146 4148
f 4145 4148 4147
f 4147 4148 4150
f 4147 4150 4149
f 4149 4150 4152
f 4149 4152 4151
f 4151 4152 4154
f 4151 4154 4153
f 4153 4154 4156
f 4153 4156 4155
f 4155 4156 4158
f 4155 4158 4157
f 4157 4158 4144
f 4157 4144 4143
f 4159 4145 4143
f 4160 4144 4146
f 4159 4147 4145
f 4160 4146 4148
f 4159 4149 4147
f 4160 4148 4150
f 4159 4151 4149
f 4160 4150 4152
f 4159 4153 4151
f 4160 4152 4154
f 4159 4155 4153
f 4160 4154 4156
f 4159 4157 4155
f 4160 4156 4158
f 4159 4143 4157
f 4160 4158 4144
f 4161 4162 4164
f 4161 4164 4163
f 4163 4164 4166
f 4163 4166 4165
f 4165 4166 4168
f 4165 4168 4167
f 4167 4168 4170
f 4167 4170 4169
f 4169 4170 4172
f 4169 4172 4171
f 4171 4172 4174
f 4171 4174 4173
f 4173 4174 4176
f 4173 4176 4175
f 4175 4176 4162
f 4175 4162 4161
f 4177 4163 4161
f 4178 4162 4164
f 4177 4165 4163
f 4178 4164 4166
f 4177 4167 4165
f 4178 4166 4168
f 4177 4169 4167
f 4178 4168 4170
f 4177 4171 4169
f 4178 4170 4172
f 4177 4173 4171
f 4178 4172 4174
f 4177 4175 4173
f 4178 4174 4176
f 4177 4161 4175
f 4178 4176 4162
f 4179 4316 4232
f 4316 4216 4318
f 4232 4318 4195
f 4316 4318 4232
f 4216 4317 4333
f 4317 4190 4330
f 4333 4330 4219
f 4317 4330 4333
f 4195 4331 4233
f 4331 4219 4329
f 4233 4329 4184
f 4331 4329 4233
f 4216 4333 4318
f 4333 4219 4331
f 4318 4331 4195
f 4333 4331 4318
f 4179 4232 4221
f 4232 4195 4234
f 4221 4234 4191
f 4232 4234 4221
f 4195 4233 4238
f 4233 4184 4236
f 4238 4236 4196
f 4233 4236 4238
f 4191 4237 4222
f 4237 4196 4235
f 4222 4235 4180
f 4237 4235 4222
f 4195 4238 4234
f 4238 4196 4237
f 4234 4237 4191
f 4238 4237 4234
f 4179 4221 4248
f 4221 4191 4250
f 4248 4250 4200
f 4221 4250 4248
f 4191 4222 4253
f 4222 4180 4251
f 4253 4251 4201
f 4222 4251 4253
f 4200 4254 4249
f 4254 4201 4252
f 4249 4252 4186
f 4254 4252 4249
f 4191 4253 4250
f 4253 4201 4254
f 4250 4254 4200
f 4253 4254 4250
f 4179 4248 4299
f 4248 4200 4301
f 4299 4301 4212
f 4248 4301 4299
f 4200 4249 4312
f 4249 4186 4310
f 4312 4310 4215
f 4249 4310 4312
f 4212 4314 4300
f 4314 4215 4311
f 4300 4311 4189
f 4314 4311 4300
f 4200 4312 4301
f 4312 4215 4314
f 4301 4314 4212
f 4312 4314 4301
f 4179 4299 4316
f 4299 4212 4319
f 4316 4319 4216
f 4299 4319 4316
f 4212 4300 4337
f 4300 4189 4335
f 4337 4335 4220
f 4300 4335 4337
f 4216 4339 4317
f 4339 4220 4336
f 4317 4336 4190
f 4339 4336 4317
f 4212 4337 4319
f 4337 4220 4339
f 4319 4339 4216
f 4337 4339 4319
f 4180 4235 4274
f 4235 4196 4276
f 4274 4276 4207
f 4235 4276 4274
f 4196 4236 4289
f 4236 4184 4287
f 4289 4287 4210
f 4236 4287 4289
f 4207 4291 4275
f 4291 4210 4288
f 4275 4288 4188
f 4291 4288 4275
f 4196 4289 4276
f 4289 4210 4291
f 4276 4291 4207
f 4289 4291 4276
f 4184 4329 4240
f 4329 4219 4332
f 4240 4332 4197
f 4329 4332 4240
f 4219 4330 4334
f 4330 4190 4325
f 4334 4325 4218
f 4330 4325 4334
f 4197 4327 4239
f 4327 4218 4324
f 4239 4324 4183
f 4327 4324 4239
f 4219 4334 4332
f 4334 4218 4327
f 4332 4327 4197
f 4334 4327 4332
f 4190 4336 4321
f 4336 4220 4340
f 4321 4340 4217
f 4336 4340 4321
f 4220 4335 4338
f 4335 4189 4303
f 4338 4303 4213
f 4335 4303 4338
f 4217 4323 4320
f 4323 4213 4302
f 4320 4302 4181
f 4323 4302 4320
f 4220 4338 4340
f 4338 4213 4323
f 4340 4323 4217
f 4338 4323 4340
f 4189 4311 4306
f 4311 4215 4315
f 4306 4315 4214
f 4311 4315 4306
f 4215 4310 4313
f 4310 4186 4256
f 4313 4256 4202
f 4310 4256 4313
f 4214 4308 4305
f 4308 4202 4255
f 4305 4255 4185
f 4308 4255 4305
f 4215 4313 4315
f 4313 4202 4308
f 4315 4308 4214
f 4313 4308 4315
f 4186 4252 4268
f 4252 4201 4270
f 4268 4270 4206
f 4252 4270 4268
f 4201 4251 4259
f 4251 4180 4257
f 4259 4257 4203
f 4251 4257 4259
f 4206 4272 4269
f 4272 4203 4258
f 4269 4258 4187
f 4272 4258 4269
f 4201 4259 4270
f 4259 4203 4272
f 4270 4272 4206
f 4259 4272 4270
f 4182 4278 4228
f 4278 4208 4280
f 4228 4280 4194
f 4278 4280 4228
f 4208 4279 4286
f 4279 4188 4283
f 4286 4283 4209
f 4279 4283 4286
f 4194 4284 4229
f 4284 4209 4282
f 4229 4282 4183
f 4284 4282 4229
f 4208 4286 4280
f 4286 4209 4284
f 4280 4284 4194
f 4286 4284 4280
f 4182 4228 4224
f 4228 4194 4230
f 4224 4230 4192
f 4228 4230 4224
f 4194 4229 4231
f 4229 4183 4226
f 4231 4226 4193
f 4229 4226 4231
f 4192 4227 4223
f 4227 4193 4225
f 4223 4225 4181
f 4227 4225 4223
f 4194 4231 4230
f 4231 4193 4227
f 4230 4227 4192
f 4231 4227 4230
f 4182 4224 4244
f 4224 4192 4246
f 4244 4246 4199
f 4224 4246 4244
f 4192 4223 4243
f 4223 4181 4241
f 4243 4241 4198
f 4223 4241 4243
f 4199 4247 4245
f 4247 4198 4242
f 4245 4242 4185
f 4247 4242 4245
f 4192 4243 4246
f 4243 4198 4247
f 4246 4247 4199
f 4243 4247 4246
f 4182 4244 4260
f 4244 4199 4262
f 4260 4262 4204
f 4244 4262 4260
f 4199 4245 4265
f 4245 4185 4263
f 4265 4263 4205
f 4245 4263 4265
f 4204 4267 4261
f 4267 4205 4264
f 4261 4264 4187
f 4267 4264 4261
f 4199 4265 4262
f 4265 4205 4267
f 4262 4267 4204
f 4265 4267 4262
f 4182 4260 4278
f 4260 4204 4281
f 4278 4281 4208
f 4260 4281 4278
f 4204 4261 4296
f 4261 4187 4293
f 4296 4293 4211
f 4261 4293 4296
f 4208 4298 4279
f 4298 4211 4294
f 4279 4294 4188
f 4298 4294 4279
f 4204 4296 4281
f 4296 4211 4298
f 4281 4298 4208
f 4296 4298 4281
f 4183 4282 4239
f 4282 4209 4285
f 4239 4285 4197
f 4282 4285 4239
f 4209 4283 4292
f 4283 4188 4288
f 4292 4288 4210
f 4283 4288 4292
f 4197 4290 4240
f 4290 4210 4287
f 4240 4287 4184
f 4290 4287 4240
f 4209 4292 4285
f 4292 4210 4290
f 4285 4290 4197
f 4292 4290 4285
f 4181 4225 4320
f 4225 4193 4322
f 4320 4322 4217
f 4225 4322 4320
f 4193 4226 4326
f 4226 4183 4324
f 4326 4324 4218
f 4226 4324 4326
f 4217 4328 4321
f 4328 4218 4325
f 4321 4325 4190
f 4328 4325 4321
f 4193 4326 4322
f 4326 4218 4328
f 4322 4328 4217
f 4326 4328 4322
f 4185 4242 4305
f 4242 4198 4307
f 4305 4307 4214
f 4242 4307 4305
f 4198 4241 4304
f 4241 4181 4302
f 4304 4302 4213
f 4241 4302 4304
f 4214 4309 4306
f 4309 4213 4303
f 4306 4303 4189
f 4309 4303 4306
f 4198 4304 4307
f 4304 4213 4309
f 4307 4309 4214
f 4304 4309 4307
f 4187 4264 4269
f 4264 4205 4273
f 4269 4273 4206
f 4264 4273 4269
f 4205 4263 4266
f 4263 4185 4255
f 4266 4255 4202
f 4263 4255 4266
f 4206 4271 4268
f 4271 4202 4256
f 4268 4256 4186
f 4271 4256 4268
f 4205 4266 4273
f 4266 4202 4271
f 4273 4271 4206
f 4266 4271 4273
f 4188 4294 4275
f 4294 4211 4297
f 4275 4297 4207
f 4294 4297 4275
f 4211 4293 4295
f 4293 4187 4258
f 4295 4258 4203
f 4293 4258 4295
f 4207 4277 4274
f 4277 4203 4257
f 4274 4257 4180
f 4277 4257 4274
f 4211 4295 4297
f 4295 4203 4277
f 4297 4277 4207
f 4295 4277 4297
f 4341 4478 4394
f 4478 4378 4480
f 4394 4480 4357
f 4478 4480 4394
f 4378 4479 4495
f 4479 4352 4492
f 4495 4492 4381
f 4479 4492 4495
f 4357 4493 4395
f 4493 4381 4491
f 4395 4491 4346
f 4493 4491 4395
f 4378 4495 4480
f 4495 4381 4493
f 4480 4493 4357
f 4495 4493 4480
f 4341 4394 4383
f 4394 4357 4396
f 4383 4396 4353
f 4394 4396 4383
f 4357 4395 4400
f 4395 4346 4398
f 4400 4398 4358
f 4395 4398 4400
f 4353 4399 4384
f 4399 4358 4397
f 4384 4397 4342
f 4399 4397 4384
f 4357 4400 4396
f 4400 4358 4399
f 4396 4399 4353
f 4400 4399 4396
f 4341 4383 4410
f 4383 4353 4412
f 4410 4412 4362
f 4383 4412 4410
f 4353 4384 4415
f 4384 4342 4413
f 4415 4413 4363
f 4384 4413 4415
f 4362 4416 4411
f 4416 4363 4414
f 4411 4414 4348
f 4416 4414 4411
f 4353 4415 4412
f 4415 4363 4416
f 4412 4416 4362
f 4415 4416 4412
f 4341 4410 4461
f 4410 4362 4463
f 4461 4463 4374
f 4410 4463 4461
f 4362 4411 4474
f 4411 4348 4472
f 4474 4472 4377
f 4411 4472 4474
f 4374 4476 4462
f 4476 4377 4473
f 4462 4473 4351
f 4476 4473 4462
f 4362 4474 4463
f 4474 4377 4476
f 4463 4476 4374
f 4474 4476 4463
f 4341 4461 4478
f 4461 4374 4481
f 4478 4481 4378
f 4461 4481 4478
f 4374 4462 4499
f 4462 4351 4497
f 4499 4497 4382
f 4462 4497 4499
f 4378 4501 4479
f 4501 4382 4498
f 4479 4498 4352
f 4501 4498 4479
f 4374 4499 4481
f 4499 4382 4501
f 4481 4501 4378
f 4499 4501 4481
f 4342 4397 4436
f 4397 4358 4438
f 4436 4438 4369
f 4397 4438 4436
f 4358 4398 4451
f 4398 4346 4449
f 4451 4449 4372
f 4398 4449 4451
f 4369 4453 4437
f 4453 4372 4450
f 4437 4450 4350
f 4453 4450 4437
f 4358 4451 4438
f 4451 4372 4453
f 4438 4453 4369
f 4451 4453 4438
f 4346 4491 4402
f 4491 4381 4494
f 4402 4494 4359
f 4491 4494 4402
f 4381 4492 4496
f 4492 4352 4487
f 4496 4487 4380
f 4492 4487 4496
f 4359 4489 4401
f 4489 4380 4486
f 4401 4486 4345
f 4489 4486 4401
f 4381 4496 4494
f 4496 4380 4489
f 4494 4489 4359
f 4496 4489 4494
f 4352 4498 4483
f 4498 4382 4502
f 4483 4502 4379
f 4498 4502 4483
f 4382 4497 4500
f 4497 4351 4465
f 4500 4465 4375
f 4497 4465 4500
f 4379 4485 4482
f 4485 4375 4464
f 4482 4464 4343
f 4485 4464 4482
f 4382 4500 4502
f 4500 4375 4485
f 4502 4485 4379
f 4500 4485 4502
f 4351 4473 4468
f 4473 4377 4477
f 4468 4477 4376
f 4473 4477 4468
f 4377 4472 4475
f 4472 4348 4418
f 4475 4418 4364
f 4472 4418 4475
f 4376 4470 4467
f 4470 4364 4417
f 4467 4417 4347
f 4470 4417 4467
f 4377 4475 4477
f 4475 4364 4470
f 4477 4470 4376
f 4475 4470 4477
f 4348 4414 4430
f 4414 4363 4432
f 4430 4432 4368
f 4414 4432 4430
f 4363 4413 4421
f 4413 4342 4419
f 4421 4419 4365
f 4413 4419 4421
f 4368 4434 4431
f 4434 4365 4420
f 4431 4420 4349
f 4434 4420 4431
f 4363 4421 4432
f 4421 4365 4434
f 4432 4434 4368
f 4421 4434 4432
f 4344 4440 4390
f 4440 4370 4442
f 4390 4442 4356
f 4440 4442 4390
f 4370 4441 4448
f 4441 4350 4445
f 4448 4445 4371
f 4441 4445 4448
f 4356 4446 4391
f 4446 4371 4444
f 4391 4444 4345
f 4446 4444 4391
f 4370 4448 4442
f 4448 4371 4446
f 4442 4446 4356
f 4448 4446 4442
f 4344 4390 4386
f 4390 4356 4392
f 4386 4392 4354
f 4390 4392 4386
f 4356 4391 4393
f 4391 4345 4388
f 4393 4388 4355
f 4391 4388 4393
f 4354 4389 4385
f 4389 4355 4387
f 4385 4387 4343
f 4389 4387 4385
f 4356 4393 4392
f 4393 4355 4389
f 4392 4389 4354
f 4393 4389 4392
f 4344 4386 4406
f 4386 4354 4408
f 4406 4408 4361
f 4386 4408 4406
f 4354 4385 4405
f 4385 4343 4403
f 4405 4403 4360
f 4385 4403 4405
f 4361 4409 4407
f 4409 4360 4404
f 4407 4404 4347
f 4409 4404 4407
f 4354 4405 4408
f 4405 4360 4409
f 4408 4409 4361
f 4405 4409 4408
f 4344 4406 4422
f 4406 4361 4424
f 4422 4424 4366
f 4406 4424 4422
f 4361 4407 4427
f 4407 4347 4425
f 4427 4425 4367
f 4407 4425 4427
f 4366 4429 4423
f 4429 4367 4426
f 4423 4426 4349
f 4429 4426 4423
f 4361 4427 4424
f 4427 4367 4429
f 4424 4429 4366
f 4427 4429 4424
f 4344 4422 4440
f 4422 4366 4443
f 4440 4443 4370
f 4422 4443 4440
f 4366 4423 4458
f 4423 4349 4455
f 4458 4455 4373
f 4423 4455 4458
f 4370 4460 4441
f 4460 4373 4456
f 4441 4456 4350
f 4460 4456 4441
f 4366 4458 4443
f 4458 4373 4460
f 4443 4460 4370
f 4458 4460 4443
f 4345 4444 4401
f 4444 4371 4447
f 4401 4447 4359
f 4444 4447 4401
f 4371 4445 4454
f 4445 4350 4450
f 4454 4450 4372
f 4445 4450 4454
f 4359 4452 4402
f 4452 4372 4449
f 4402 4449 4346
f 4452 4449 4402
f 4371 4454 4447
f 4454 4372 4452
f 4447 4452 4359
f 4454 4452 4447
f 4343 4387 4482
f 4387 4355 4484
f 4482 4484 4379
f 4387 4484 4482
f 4355 4388 4488
f 4388 4345 4486
f 4488 4486 4380
f 4388 4486 4488
f 4379 4490 4483
f 4490 4380 4487
f 4483 4487 4352
f 4490 4487 4483
f 4355 4488 4484
f 4488 4380 4490
f 4484 4490 4379
f 4488 4490 4484
f 4347 4404 4467
f 4404 4360 4469
f 4467 4469 4376
f 4404 4469 4467
f 4360 4403 4466
f 4403 4343 4464
f 4466 4464 4375
f 4403 4464 4466
f 4376 4471 4468
f 4471 4375 4465
f 4468 4465 4351
f 4471 4465 4468
f 4360 4466 4469
f 4466 4375 4471
f 4469 4471 4376
f 4466 4471 4469
f 4349 4426 4431
f 4426 4367 4435
f 4431 4435 4368
f 4426 4435 4431
f 4367 4425 4428
f 4425 4347 4417
f 4428 4417 4364
f 4425 4417 4428
f 4368 4433 4430
f 4433 4364 4418
f 4430 4418 4348
f 4433 4418 4430
f 4367 4428 4435
f 4428 4364 4433
f 4435 4433 4368
f 4428 4433 4435
f 4350 4456 4437
f 4456 4373 4459
f 4437 4459 4369
f 4456 4459 4437
f 4373 4455 4457
f 4455 4349 4420
f 4457 4420 4365
f 4455 4420 4457
f 4369 4439 4436
f 4439 4365 4419
f 4436 4419 4342
f 4439 4419 4436
f 4373 4457 4459
f 4457 4365 4439
f 4459 4439 4369
f 4457 4439 4459
f 4503 4640 4556
f 4640 4540 4642
f 4556 4642 4519
f 4640 4642 4556
f 4540 4641 4657
f 4641 4514 4654
f 4657 4654 4543
f 4641 4654 4657
f 4519 4655 4557
f 4655 4543 4653
f 4557 4653 4508
f 4655 4653 4557
f 4540 4657 4642
f 4657 4543 4655
f 4642 4655 4519
f 4657 4655 4642
f 4503 4556 4545
f 4556 4519 4558
f 4545 4558 4515
f 4556 4558 4545
f 4519 4557 4562
f 4557 4508 4560
f 4562 4560 4520
f 4557 4560 4562
f 4515 4561 4546
f 4561 4520 4559
f 4546 4559 4504
f 4561 4559 4546
f 4519 4562 4558
f 4562 4520 4561
f 4558 4561 4515
f 4562 4561 4558
f 4503 4545 4572
f 4545 4515 4574
f 4572 4574 4524
f 4545 4574 4572
f 4515 4546 4577
f 4546 4504 4575
f 4577 4575 4525
f 4546 4575 4577
f 4524 4578 4573
f 4578 4525 4576
f 4573 4576 4510
f 4578 4576 4573
f 4515 4577 4574
f 4577 4525 4578
f 4574 4578 4524
f 4577 4578 4574
f 4503 4572 4623
f 4572 4524 4625
f 4623 4625 4536
f 4572 4625 4623
f 4524 4573 4636
f 4573 4510 4634
f 4636 4634 4539
f 4573 4634 4636
f 4536 4638 4624
f 4638 4539 4635
f 4624 4635 4513
f 4638 4635 4624
f 4524 4636 4625
f 4636 4539 4638
f 4625 4638 4536
f 4636 4638 4625
f 4503 4623 4640
f 4623 4536 4643
f 4640 4643 4540
f 4623 4643 4640
f 4536 4624 4661
f 4624 4513 4659
f 4661 4659 4544
f 4624 4659 4661
f 4540 4663 4641
f 4663 4544 4660
f 4641 4660 4514
f 4663 4660 4641
f 4536 4661 4643
f 4661 4544 4663
f 4643 4663 4540
f 4661 4663 4643
f 4504 4559 4598
f 4559 4520 4600
f 4598 4600 4531
f 4559 4600 4598
f 4520 4560 4613
f 4560 4508 4611
f 4613 4611 4534
f 4560 4611 4613
f 4531 4615 4599
f 4615 4534 4612
f 4599 4612 4512
f 4615 4612 4599
f 4520 4613 4600
f 4613 4534 4615
f 4600 4615 4531
f 4613 4615 4600
f 4508 4653 4564
f 4653 4543 4656
f 4564 4656 4521
f 4653 4656 4564
f 4543 4654 4658
f 4654 4514 4649
f 4658 4649 4542
f 4654 4649 4658
f 4521 4651 4563
f 4651 4542 4648
f 4563 4648 4507
f 4651 4648 4563
f 4543 4658 4656
f 4658 4542 4651
f 4656 4651 4521
f 4658 4651 4656
f 4514 4660 4645
f 4660 4544 4664
f 4645 4664 4541
f 4660 4664 4645
f 4544 4659 4662
f 4659 4513 4627
f 4662 4627 4537
f 4659 4627 4662
f 4541 4647 4644
f 4647 4537 4626
f 4644 4626 4505
f 4647 4626 4644
f 4544 4662 4664
f 4662 4537 4647
f 4664 4647 4541
f 4662 4647 4664
f 4513 4635 4630
f 4635 4539 4639
f 4630 4639 4538
f 4635 4639 4630
f 4539 4634 4637
f 4634 4510 4580
f 4637 4580 4526
f 4634 4580 4637
f 4538 4632 4629
f 4632 4526 4579
f 4629 4579 4509
f 4632 4579 4629
f 4539 4637 4639
f 4637 4526 4632
f 4639 4632 4538
f 4637 4632 4639
f 4510 4576 4592
f 4576 4525 4594
f 4592 4594 4530
f 4576 4594 4592
f 4525 4575 4583
f 4575 4504 4581
f 4583 4581 4527
f 4575 4581 4583
f 4530 4596 4593
f 4596 4527 4582
f 4593 4582 4511
f 4596 4582 4593
f 4525 4583 4594
f 4583 4527 4596
f 4594 4596 4530
f 4583 4596 4594
f 4506 4602 4552
f 4602 4532 4604
f 4552 4604 4518
f 4602 4604 4552
f 4532 4603 4610
f 4603 4512 4607
f 4610 4607 4533
f 4603 4607 4610
f 4518 4608 4553
f 4608 4533 4606
f 4553 4606 4507
f 4608 4606 4553
f 4532 4610 4604
f 4610 4533 4608
f 4604 4608 4518
f 4610 4608 4604
f 4506 4552 4548
f 4552 4518 4554
f 4548 4554 4516
f 4552 4554 4548
f 4518 4553 4555
f 4553 4507 4550
f 4555 4550 4517
f 4553 4550 4555
f 4516 4551 4547
f 4551 4517 4549
f 4547 4549 4505
f 4551 4549 4547
f 4518 4555 4554
f 4555 4517 4551
f 4554 4551 4516
f 4555 4551 4554
f 4506 4548 4568
f 4548 4516 4570
f 4568 4570 4523
f 4548 4570 4568
f 4516 4547 4567
f 4547 4505 4565
f 4567 4565 4522
f 4547 4565 4567
f 4523 4571 4569
f 4571 4522 4566
f 4569 4566 4509
f 4571 4566 4569
f 4516 4567 4570
f 4567 4522 4571
f 4570 4571 4523
f 4567 4571 4570
f 4506 4568 4584
f 4568 4523 4586
f 4584 4586 4528
f 4568 4586 4584
f 4523 4569 4589
f 4569 4509 4587
f 4589 4587 4529
f 4569 4587 4589
f 4528 4591 4585
f 4591 4529 4588
f 4585 4588 4511
f 4591 4588 4585
f 4523 4589 4586
f 4589 4529 4591
f 4586 4591 4528
f 4589 4591 4586
f 4506 4584 4602
f 4584 4528 4605
f 4602 4605 4532
f 4584 4605 4602
f 4528 4585 4620
f 4585 4511 4617
f 4620 4617 4535
f 4585 4617 4620
f 4532 4622 4603
f 4622 4535 4618
f 4603 4618 4512
f 4622 4618 4603
f 4528 4620 4605
f 4620 4535 4622
f 4605 4622 4532
f 4620 4622 4605
f 4507 4606 4563
f 4606 4533 4609
f 4563 4609 4521
f 4606 4609 4563
f 4533 4607 4616
f 4607 4512 4612
f 4616 4612 4534
f 4607 4612 4616
f 4521 4614 4564
f 4614 4534 4611
f 4564 4611 4508
f 4614 4611 4564
f 4533 4616 4609
f 4616 4534 4614
f 4609 4614 4521
f 4616 4614 4609
f 4505 4549 4644
f 4549 4517 4646
f 4644 4646 4541
f 4549 4646 4644
f 4517 4550 4650
f 4550 4507 4648
f 4650 4648 4542
f 4550 4648 4650
f 4541 4652 4645
f 4652 4542 4649
f 4645 4649 4514
f 4652 4649 4645
f 4517 4650 4646
f 4650 4542 4652
f 4646 4652 4541
f 4650 4652 4646
f 4509 4566 4629
f 4566 4522 4631
f 4629 4631 4538
f 4566 4631 4629
f 4522 4565 4628
f 4565 4505 4626
f 4628 4626 4537
f 4565 4626 4628
f 4538 4633 4630
f 4633 4537 4627
f 4630 4627 4513
f 4633 4627 4630
f 4522 4628 4631
f 4628 4537 4633
f 4631 4633 4538
f 4628 4633 4631
f 4511 4588 4593
f 4588 4529 4597
f 4593 4597 4530
f 4588 4597 4593
f 4529 4587 4590
f 4587 4509 4579
f 4590 4579 4526
f 4587 4579 4590
f 4530 4595 4592
f 4595 4526 4580
f 4592 4580 4510
f 4595 4580 4592
f 4529 4590 4597
f 4590 4526 4595
f 4597 4595 4530
f 4590 4595 4597
f 4512 4618 4599
f 4618 4535 4621
f 4599 4621 4531
f 4618 4621 4599
f 4535 4617 4619
f 4617 4511 4582
f 4619 4582 4527
f 4617 4582 4619
f 4531 4601 4598
f 4601 4527 4581
f 4598 4581 4504
f 4601 4581 4598
f 4535 4619 4621
f 4619 4527 4601
f 4621 4601 4531
f 4619 4601 4621
f 4665 4666 4668
f 4665 4668 4667
f 4667 4668 4670
f 4667 4670 4669
f 4669 4670 4672
f 4669 4672 4671
f 4671 4672 4674
f 4671 4674 4673
f 4673 4674 4676
f 4673 4676 4675
f 4675 4676 4678
f 4675 4678 4677
f 4677 4678 4680
f 4677 4680 4679
f 4679 4680 4666
f 4679 4666 4665
f 4681 4667 4665
f 4682 4666 4668
f 4681 4669 4667
f 4682 4668 4670
f 4681 4671 4669
f 4682 4670 4672
f 4681 4673 4671
f 4682 4672 4674
f 4681 4675 4673
f 4682 4674 4676
f 4681 4677 4675
f 4682 4676 4678
f 4681 4679 4677
f 4682 4678 4680
f 4681 4665 4679
f 4682 4680 4666
f 4683 4684 4686
f 4683 4686 4685
f 4685 4686 4688
f 4685 4688 4687
f 4687 4688 4690
f 4687 4690 4689
f 4689 4690 4692
f 4689 4692 4691
f 4691 4692 4694
f 4691 4694 4693
f 4693 4694 4696
f 4693 4696 4695
f 4695 4696 4698
f 4695 4698 4697
f 4697 4698 4684
f 4697 4684 4683
f 4699 4685 4683
f 4700 4684 4686
f 4699 4687 4685
f 4700 4686 4688
f 4699 4689 4687
f 4700 4688 4690
f 4699 4691 4689
f 4700 4690 4692
f 4699 4693 4691
f 4700 4692 4694
f 4699 4695 4693
f 4700 4694 4696
f 4699 4697 4695
f 4700 4696 4698
f 4699 4683 4697
f 4700 4698 4684
f 4701 4838 4754
f 4838 4738 4840
f 4754 4840 4717
f 4838 4840 4754
f 4738 4839 4855
f 4839 4712 4852
f 4855 4852 4741
f 4839 4852 4855
f 4717 4853 4755
f 4853 4741 4851
f 4755 4851 4706
f 4853 4851 4755
f 4738 4855 4840
f 4855 4741 4853
f 4840 4853 4717
f 4855 4853 4840
f 4701 4754 4743
f 4754 4717 4756
f 4743 4756 4713
f 4754 4756 4743
f 4717 4755 4760
f 4755 4706 4758
f 4760 4758 4718
f 4755 4758 4760
f 4713 4759 4744
f 4759 4718 4757
f 4744 4757 4702
f 4759 4757 4744
f 4717 4760 4756
f 4760 4718 4759
f 4756 4759 4713
f 4760 4759 4756
f 4701 4743 4770
f 4743 4713 4772
f 4770 4772 4722
f 4743 4772 4770
f 4713 4744 4775
f 4744 4702 4773
f 4775 4773 4723
f 4744 4773 4775
f 4722 4776 4771
f 4776 4723 4774
f 4771 4774 4708
f 4776 4774 4771
f 4713 4775 4772
f 4775 4723 4776
f 4772 4776 4722
f 4775 4776 4772
f 4701 4770 4821
f 4770 4722 4823
f 4821 4823 4734
f 4770 4823 4821
f 4722 4771 4834
f 4771 4708 4832
f 4834 4832 4737
f 4771 4832 4834
f 4734 4836 4822
f 4836 4737 4833
f 4822 4833 4711
f 4836 4833 4822
f 4722 4834 4823
f 4834 4737 4836
f 4823 4836 4734
f 4834 4836 4823
f 4701 4821 4838
f 4821 4734 4841
f 4838 4841 4738
f 4821 4841 4838
f 4734 4822 4859
f 4822 4711 4857
f 4859 4857 4742
f 4822 4857 4859
f 4738 4861 4839
f 4861 4742 4858
f 4839 4858 4712
f 4861 4858 4839
f 4734 4859 4841
f 4859 4742 4861
f 4841 4861 4738
f 4859 4861 4841
f 4702 4757 4796
f 4757 4718 4798
f 4796 4798 4729
f 4757 4798 4796
f 4718 4758 4811
f 4758 4706 4809
f 4811 4809 4732
f 4758 4809 4811
f 4729 4813 4797
f 4813 4732 4810
f 4797 4810 4710
f 4813 4810 4797
f 4718 4811 4798
f 4811 4732 4813
f 4798 4813 4729
f 4811 4813 4798
f 4706 4851 4762
f 4851 4741 4854
f 4762 4854 4719
f 4851 4854 4762
f 4741 4852 4856
f 4852 4712 4847
f 4856 4847 4740
f 4852 4847 4856
f 4719 4849 4761
f 4849 4740 4846
f 4761 4846 4705
f 4849 4846 4761
f 4741 4856 4854
f 4856 4740 4849
f 4854 4849 4719
f 4856 4849 4854
f 4712 4858 4843
f 4858 4742 4862
f 4843 4862 4739
f 4858 4862 4843
f 4742 4857 4860
f 4857 4711 4825
f 4860 4825 4735
f 4857 4825 4860
f 4739 4845 4842
f 4845 4735 4824
f 4842 4824 4703
f 4845 4824 4842
f 4742 4860 4862
f 4860 4735 4845
f 4862 4845 4739
f 4860 4845 4862
f 4711 4833 4828
f 4833 4737 4837
f 4828 4837 4736
f 4833 4837 4828
f 4737 4832 4835
f 4832 4708 4778
f 4835 4778 4724
f 4832 4778 4835
f 4736 4830 4827
f 4830 4724 4777
f 4827 4777 4707
f 4830 4777 4827
f 4737 4835 4837
f 4835 4724 4830
f 4837 4830 4736
f 4835 4830 4837
f 4708 4774 4790
f 4774 4723 4792
f 4790 4792 4728
f 4774 4792 4790
f 4723 4773 4781
f 4773 4702 4779
f 4781 4779 4725
f 4773 4779 4781
f 4728 4794 4791
f 4794 4725 4780
f 4791 4780 4709
f 4794 4780 4791
f 4723 4781 4792
f 4781 4725 4794
f 4792 4794 4728
f 4781 4794 4792
f 4704 4800 4750
f 4800 4730 4802
f 4750 4802 4716
f 4800 4802 4750
f 4730 4801 4808
f 4801 4710 4805
f 4808 4805 4731
f 4801 4805 4808
f 4716 4806 4751
f 4806 4731 4804
f 4751 4804 4705
f 4806 4804 4751
f 4730 4808 4802
f 4808 4731 4806
f 4802 4806 4716
f 4808 4806 4802
f 4704 4750 4746
f 4750 4716 4752
f 4746 4752 4714
f 4750 4752 4746
f 4716 4751 4753
f 4751 4705 4748
f 4753 4748 4715
f 4751 4748 4753
f 4714 4749 4745
f 4749 4715 4747
f 4745 4747 4703
f 4749 4747 4745
f 4716 4753 4752
f 4753 4715 4749
f 4752 4749 4714
f 4753 4749 4752
f 4704 4746 4766
f 4746 4714 4768
f 4766 4768 4721
f 4746 4768 4766
f 4714 4745 4765
f 4745 4703 4763
f 4765 4763 4720
f 4745 4763 4765
f 4721 4769 4767
f 4769 4720 4764
f 4767 4764 4707
f 4769 4764 4767
f 4714 4765 4768
f 4765 4720 4769
f 4768 4769 4721
f 4765 4769 4768
f 4704 4766 4782
f 4766 4721 4784
f 4782 4784 4726
f 4766 4784 4782
f 4721 4767 4787
f 4767 4707 4785
f 4787 4785 4727
f 4767 4785 4787
f 4726 4789 4783
f 4789 4727 4786
f 4783 4786 4709
f 4789 4786 4783
f 4721 4787 4784
f 4787 4727 4789
f 4784 4789 4726
f 4787 4789 4784
f 4704 4782 4800
f 4782 4726 4803
f 4800 4803 4730
f 4782 4803 4800
f 4726 4783 4818
f 4783 4709 4815
f 4818 4815 4733
f 4783 4815 4818
f 4730 4820 4801
f 4820 4733 4816
f 4801 4816 4710
f 4820 4816 4801
f 4726 4818 4803
f 4818 4733 4820
f 4803 4820 4730
f 4818 4820 4803
f 4705 4804 4761
f 4804 4731 4807
f 4761 4807 4719
f 4804 4807 4761
f 4731 4805 4814
f 4805 4710 4810
f 4814 4810 4732
f 4805 4810 4814
f 4719 4812 4762
f 4812 4732 4809
f 4762 4809 4706
f 4812 4809 4762
f 4731 4814 4807
f 4814 4732 4812
f 4807 4812 4719
f 4814 4812 4807
f 4703 4747 4842
f 4747 4715 4844
f 4842 4844 4739
f 4747 4844 4842
f 4715 4748 4848
f 4748 4705 4846
f 4848 4846 4740
f 4748 4846 4848
f 4739 4850 4843
f 4850 4740 4847
f 4843 4847 4712
f 4850 4847 4843
f 4715 4848 4844
f 4848 4740 4850
f 4844 4850 4739
f 4848 4850 4844
f 4707 4764 4827
f 4764 4720 4829
f 4827 4829 4736
f 4764 4829 4827
f 4720 4763 4826
f 4763 4703 4824
f 4826 4824 4735
f 4763 4824 4826
f 4736 4831 4828
f 4831 4735 4825
f 4828 4825 4711
f 4831 4825 4828
f 4720 4826 4829
f 4826 4735 4831
f 4829 4831 4736
f 4826 4831 4829
f 4709 4786 4791
f 4786 4727 4795
f 4791 4795 4728
f 4786 4795 4791
f 4727 4785 4788
f 4785 4707 4777
f 4788 4777 4724
f 4785 4777 4788
f 4728 4793 4790
f 4793 4724 4778
f 4790 4778 4708
f 4793 4778 4790
f 4727 4788 4795
f 4788 4724 4793
f 4795 4793 4728
f 4788 4793 4795
f 4710 4816 4797
f 4816 4733 4819
f 4797 4819 4729
f 4816 4819 4797
f 4733 4815 4817
f 4815 4709 4780
f 4817 4780 4725
f 4815 4780 4817
f 4729 4799 4796
f 4799 4725 4779
f 4796 4779 4702
f 4799 4779 4796
f 4733 4817 4819
f 4817 4725 4799
f 4819 4799 4729
f 4817 4799 4819
f 4863 5000 4916
f 5000 4900 5002
f 4916 5002 4879
f 5000 5002 4916
f 4900 5001 5017
f 5001 4874 5014
f 5017 5014 4903
f 5001 5014 5017
f 4879 5015 4917
f 5015 4903 5013
f 4917 5013 4868
f 5015 5013 4917
f 4900 5017 5002
f 5017 4903 5015
f 5002 5015 4879
f 5017 5015 5002
f 4863 4916 4905
f 4916 4879 4918
f 4905 4918 4875
f 4916 4918 4905
f 4879 4917 4922
f 4917 4868 4920
f 4922 4920 4880
f 4917 4920 4922
f 4875 4921 4906
f 4921 4880 4919
f 4906 4919 4864
f 4921 4919 4906
f 4879 4922 4918
f 4922 4880 4921
f 4918 4921 4875
f 4922 4921 4918
f 4863 4905 4932
f 4905 4875 4934
f 4932 4934 4884
f 4905 4934 4932
f 4875 4906 4937
f 4906 4864 4935
f 4937 4935 4885
f 4906 4935 4937
f 4884 4938 4933
f 4938 4885 4936
f 4933 4936 4870
f 4938 4936 4933
f 4875 4937 4934
f 4937 4885 4938
f 4934 4938 4884
f 4937 4938 4934
f 4863 4932 4983
f 4932 4884 4985
f 4983 4985 4896
f 4932 4985 4983
f 4884 4933 4996
f 4933 4870 4994
f 4996 4994 4899
f 4933 4994 4996
f 4896 4998 4984
f 4998 4899 4995
f 4984 4995 4873
f 4998 4995 4984
f 4884 4996 4985
f 4996 4899 4998
f 4985 4998 4896
f 4996 4998 4985
f 4863 4983 5000
f 4983 4896 5003
f 5000 5003 4900
f 4983 5003 5000
f 4896 4984 5021
f 4984 4873 5019
f 5021 5019 4904
f 4984 5019 5021
f 4900 5023 5001
f 5023 4904 5020
f 5001 5020 4874
f 5023 5020 5001
f 4896 5021 5003
f 5021 4904 5023
f 5003 5023 4900
f 5021 5023 5003
f 4864 4919 4958
f 4919 4880 4960
f 4958 4960 4891
f 4919 4960 4958
f 4880 4920 4973
f 4920 4868 4971
f 4973 4971 4894
f 4920 4971 4973
f 4891 4975 4959
f 4975 4894 4972
f 4959 4972 4872
f 4975 4972 4959
f 4880 4973 4960
f 4973 4894 4975
f 4960 4975 4891
f 4973 4975 4960
f 4868 5013 4924
f 5013 4903 5016
f 4924 5016 4881
f 5013 5016 4924
f 4903 5014 5018
f 5014 4874 5009
f 5018 5009 4902
f 5014 5009 5018
f 4881 5011 4923
f 5011 4902 5008
f 4923 5008 4867
f 5011 5008 4923
f 4903 5018 5016
f 5018 4902 5011
f 5016 5011 4881
f 5018 5011 5016
f 4874 5020 5005
f 5020 4904 5024
f 5005 5024 4901
f 5020 5024 5005
f 4904 5019 5022
f 5019 4873 4987
f 5022 4987 4897
f 5019 4987 5022
f 4901 5007 5004
f 5007 4897 4986
f 5004 4986 4865
f 5007 4986 5004
f 4904 5022 5024
f 5022 4897 5007
f 5024 5007 4901
f 5022 5007 5024
f 4873 4995 4990
f 4995 4899 4999
f 4990 4999 4898
f 4995 4999 4990
f 4899 4994 4997
f 4994 4870 4940
f 4997 4940 4886
f 4994 4940 4997
f 4898 4992 4989
f 4992 4886 4939
f 4989 4939 4869
f 4992 4939 4989
f 4899 4997 4999
f 4997 4886 4992
f 4999 4992 4898
f 4997 4992 4999
f 4870 4936 4952
f 4936 4885 4954
f 4952 4954 4890
f 4936 4954 4952
f 4885 4935 4943
f 4935 4864 4941
f 4943 4941 4887
f 4935 4941 4943
f 4890 4956 4953
f 4956 4887 4942
f 4953 4942 4871
f 4956 4942 4953
f 4885 4943 4954
f 4943 4887 4956
f 4954 4956 4890
f 4943 4956 4954
f 4866 4962 4912
f 4962 4892 4964
f 4912 4964 4878
f 4962 4964 4912
f 4892 4963 4970
f 4963 4872 4967
f 4970 4967 4893
f 4963 4967 4970
f 4878 4968 4913
f 4968 4893 4966
f 4913 4966 4867
f 4968 4966 4913
f 4892 4970 4964
f 4970 4893 4968
f 4964 4968 4878
f 4970 4968 4964
f 4866 4912 4908
f 4912 4878 4914
f 4908 4914 4876
f 4912 4914 4908
f 4878 4913 4915
f 4913 4867 4910
f 4915 4910 4877
f 4913 4910 4915
f 4876 4911 4907
f 4911 4877 4909
f 4907 4909 4865
f 4911 4909 4907
f 4878 4915 4914
f 4915 4877 4911
f 4914 4911 4876
f 4915 4911 4914
f 4866 4908 4928
f 4908 4876 4930
f 4928 4930 4883
f 4908 4930 4928
f 4876 4907 4927
f 4907 4865 4925
f 4927 4925 4882
f 4907 4925 4927
f 4883 4931 4929
f 4931 4882 4926
f 4929 4926 4869
f 4931 4926 4929
f 4876 4927 4930
f 4927 4882 4931
f 4930 4931 4883
f 4927 4931 4930
f 4866 4928 4944
f 4928 4883 4946
f 4944 4946 4888
f 4928 4946 4944
f 4883 4929 4949
f 4929 4869 4947
f 4949 4947 4889
f 4929 4947 4949
f 4888 4951 4945
f 4951 4889 4948
f 4945 4948 4871
f 4951 4948 4945
f 4883 4949 4946
f 4949 4889 4951
f 4946 4951 4888
f 4949 4951 4946
f 4866 4944 4962
f 4944 4888 4965
f 4962 4965 4892
f 4944 4965 4962
f 4888 4945 4980
f 4945 4871 4977
f 4980 4977 4895
f 4945 4977 4980
f 4892 4982 4963
f 4982 4895 4978
f 4963 4978 4872
f 4982 4978 4963
f 4888 4980 4965
f 4980 4895 4982
f 4965 4982 4892
f 4980 4982 4965
f 4867 4966 4923
f 4966 4893 4969
f 4923 4969 4881
f 4966 4969 4923
f 4893 4967 4976
f 4967 4872 4972
f 4976 4972 4894
f 4967 4972 4976
f 4881 4974 4924
f 4974 4894 4971
f 4924 4971 4868
f 4974 4971 4924
f 4893 4976 4969
f 4976 4894 4974
f 4969 4974 4881
f 4976 4974 4969
f 4865 4909 5004
f 4909 4877 5006
f 5004 5006 4901
f 4909 5006 5004
f 4877 4910 5010
f 4910 4867 5008
f 5010 5008 4902
f 4910 5008 5010
f 4901 5012 5005
f 5012 4902 5009
f 5005 5009 4874
f 5012 5009 5005
f 4877 5010 5006
f 5010 4902 5012
f 5006 5012 4901
f 5010 5012 5006
f 4869 4926 4989
f 4926 4882 4991
f 4989 4991 4898
f 4926 4991 4989
f 4882 4925 4988
f 4925 4865 4986
f 4988 4986 4897
f 4925 4986 4988
f 4898 4993 4990
f 4993 4897 4987
f 4990 4987 4873
f 4993 4987 4990
f 4882 4988 4991
f 4988 4897 4993
f 4991 4993 4898
f 4988 4993 4991
f 4871 4948 4953
f 4948 4889 4957
f 4953 4957 4890
f 4948 4957 4953
f 4889 4947 4950
f 4947 4869 4939
f 4950 4939 4886
f 4947 4939 4950
f 4890 4955 4952
f 4955 4886 4940
f 4952 4940 4870
f 4955 4940 4952
f 4889 4950 4957
f 4950 4886 4955
f 4957 4955 4890
f 4950 4955 4957
f 4872 4978 4959
f 4978 4895 4981
f 4959 4981 4891
f 4978 4981 4959
f 4895 4977 4979
f 4977 4871 4942
f 4979 4942 4887
f 4977 4942 4979
f 4891 4961 4958
f 4961 4887 4941
f 4958 4941 4864
f 4961 4941 4958
f 4895 4979 4981
f 4979 4887 4961
f 4981 4961 4891
f 4979 4961 4981
f 5025 5162 5078
f 5162 5062 5164
f 5078 5164 5041
f 5162 5164 5078
f 5062 5163 5179
f 5163 5036 5176
f 5179 5176 5065
f 5163 5176 5179
f 5041 5177 5079
f 5177 5065 5175
f 5079 5175 5030
f 5177 5175 5079
f 5062 5179 5164
f 5179 5065 5177
f 5164 5177 5041
f 5179 5177 5164
f 5025 5078 5067
f 5078 5041 5080
f 5067 5080 5037
f 5078 5080 5067
f 5041 5079 5084
f 5079 5030 5082
f 5084 5082 5042
f 5079 5082 5084
f 5037 5083 5068
f 5083 5042 5081
f 5068 5081 5026
f 5083 5081 5068
f 5041 5084 5080
f 5084 5042 5083
f 5080 5083 5037
f 5084 5083 5080
f 5025 5067 5094
f 5067 5037 5096
f 5094 5096 5046
f 5067 5096 5094
f 5037 5068 5099
f 5068 5026 5097
f 5099 5097 5047
f 5068 5097 5099
f 5046 5100 5095
f 5100 5047 5098
f 5095 5098 5032
f 5100 5098 5095
f 5037 5099 5096
f 5099 5047 5100
f 5096 5100 5046
f 5099 5100 5096
f 5025 5094 5145
f 5094 5046 5147
f 5145 5147 5058
f 5094 5147 5145
f 5046 5095 5158
f 5095 5032 5156
f 5158 5156 5061
f 5095 5156 5158
f 5058 5160 5146
f 5160 5061 5157
f 5146 5157 5035
f 5160 5157 5146
f 5046 5158 5147
f 5158 5061 5160
f 5147 5160 5058
f 5158 5160 5147
f 5025 5145 5162
f 5145 5058 5165
f 5162 5165 5062
f 5145 5165 5162
f 5058 5146 5183
f 5146 5035 5181
f 5183 5181 5066
f 5146 5181 5183
f 5062 5185 5163
f 5185 5066 5182
f 5163 5182 5036
f 5185 5182 5163
f 5058 5183 5165
f 5183 5066 5185
f 5165 5185 5062
f 5183 5185 5165
f 5026 5081 5120
f 5081 5042 5122
f 5120 5122 5053
f 5081 5122 5120
f 5042 5082 5135
f 5082 5030 5133
f 5135 5133 5056
f 5082 5133 5135
f 5053 5137 5121
f 5137 5056 5134
f 5121 5134 5034
f 5137 5134 5121
f 5042 5135 5122
f 5135 5056 5137
f 5122 5137 5053
f 5135 5137 5122
f 5030 5175 5086
f 5175 5065 5178
f 5086 5178 5043
f 5175 5178 5086
f 5065 5176 5180
f 5176 5036 5171
f 5180 5171 5064
f 5176 5171 5180
f 5043 5173 5085
f 5173 5064 5170
f 5085 5170 5029
f 5173 5170 5085
f 5065 5180 5178
f 5180 5064 5173
f 5178 5173 5043
f 5180 5173 5178
f 5036 5182 5167
f 5182 5066 5186
f 5167 5186 5063
f 5182 5186 5167
f 5066 5181 5184
f 5181 5035 5149
f 5184 5149 5059
f 5181 5149 5184
f 5063 5169 5166
f 5169 5059 5148
f 5166 5148 5027
f 5169 5148 5166
f 5066 5184 5186
f 5184 5059 5169
f 5186 5169 5063
f 5184 5169 5186
f 5035 5157 5152
f 5157 5061 5161
f 5152 5161 5060
f 5157 5161 5152
f 5061 5156 5159
f 5156 5032 5102
f 5159 5102 5048
f 5156 5102 5159
f 5060 5154 5151
f 5154 5048 5101
f 5151 5101 5031
f 5154 5101 5151
f 5061 5159 5161
f 5159 5048 5154
f 5161 5154 5060
f 5159 5154 5161
f 5032 5098 5114
f 5098 5047 5116
f 5114 5116 5052
f 5098 5116 5114
f 5047 5097 5105
f 5097 5026 5103
f 5105 5103 5049
f 5097 5103 5105
f 5052 5118 5115
f 5118 5049 5104
f 5115 5104 5033
f 5118 5104 5115
f 5047 5105 5116
f 5105 5049 5118
f 5116 5118 5052
f 5105 5118 5116
f 5028 5124 5074
f 5124 5054 5126
f 5074 5126 5040
f 5124 5126 5074
f 5054 5125 5132
f 5125 5034 5129
f 5132 5129 5055
f 5125 5129 5132
f 5040 5130 5075
f 5130 5055 5128
f 5075 5128 5029
f 5130 5128 5075
f 5054 5132 5126
f 5132 5055 5130
f 5126 5130 5040
f 5132 5130 5126
f 5028 5074 5070
f 5074 5040 5076
f 5070 5076 5038
f 5074 5076 5070
f 5040 5075 5077
f 5075 5029 5072
f 5077 5072 5039
f 5075 5072 5077
f 5038 5073 5069
f 5073 5039 5071
f 5069 5071 5027
f 5073 5071 5069
f 5040 5077 5076
f 5077 5039 5073
f 5076 5073 5038
f 5077 5073 5076
f 5028 5070 5090
f 5070 5038 5092
f 5090 5092 5045
f 5070 5092 5090
f 5038 5069 5089
f 5069 5027 5087
f 5089 5087 5044
f 5069 5087 5089
f 5045 5093 5091
f 5093 5044 5088
f 5091 5088 5031
f 5093 5088 5091
f 5038 5089 5092
f 5089 5044 5093
f 5092 5093 5045
f 5089 5093 5092
f 5028 5090 5106
f 5090 5045 5108
f 5106 5108 5050
f 5090 5108 5106
f 5045 5091 5111
f 5091 5031 5109
f 5111 5109 5051
f 5091 5109 5111
f 5050 5113 5107
f 5113 5051 5110
f 5107 5110 5033
f 5113 5110 5107
f 5045 5111 5108
f 5111 5051 5113
f 5108 5113 5050
f 5111 5113 5108
f 5028 5106 5124
f 5106 5050 5127
f 5124 5127 5054
f 5106 5127 5124
f 5050 5107 5142
f 5107 5033 5139
f 5142 5139 5057
f 5107 5139 5142
f 5054 5144 5125
f 5144 5057 5140
f 5125 5140 5034
f 5144 5140 5125
f 5050 5142 5127
f 5142 5057 5144
f 5127 5144 5054
f 5142 5144 5127
f 5029 5128 5085
f 5128 5055 5131
f 5085 5131 5043
f 5128 5131 5085
f 5055 5129 5138
f 5129 5034 5134
f 5138 5134 5056
f 5129 5134 5138
f 5043 5136 5086
f 5136 5056 5133
f 5086 5133 5030
f 5136 5133 5086
f 5055 5138 5131
f 5138 5056 5136
f 5131 5136 5043
f 5138 5136 5131
f 5027 5071 5166
f 5071 5039 5168
f 5166 5168 5063
f 5071 5168 5166
f 5039 5072 5172
f 5072 5029 5170
f 5172 5170 5064
f 5072 5170 5172
f 5063 5174 5167
f 5174 5064 5171
f 5167 5171 5036
f 5174 5171 5167
f 5039 5172 5168
f 5172 5064 5174
f 5168 5174 5063
f 5172 5174 5168
f 5031 5088 5151
f 5088 5044 5153
f 5151 5153 5060
f 5088 5153 5151
f 5044 5087 5150
f 5087 5027 5148
f 5150 5148 5059
f 5087 5148 5150
f 5060 5155 5152
f 5155 5059 5149
f 5152 5149 5035
f 5155 5149 5152
f 5044 5150 5153
f 5150 5059 5155
f 5153 5155 5060
f 5150 5155 5153
f 5033 5110 5115
f 5110 5051 5119
f 5115 5119 5052
f 5110 5119 5115
f 5051 5109 5112
f 5109 5031 5101
f 5112 5101 5048
f 5109 5101 5112
f 5052 5117 5114
f 5117 5048 5102
f 5114 5102 5032
f 5117 5102 5114
f 5051 5112 5119
f 5112 5048 5117
f 5119 5117 5052
f 5112 5117 5119
f 5034 5140 5121
f 5140 5057 5143
f 5121 5143 5053
f 5140 5143 5121
f 5057 5139 5141
f 5139 5033 5104
f 5141 5104 5049
f 5139 5104 5141
f 5053 5123 5120
f 5123 5049 5103
f 5120 5103 5026
f 5123 5103 5120
f 5057 5141 5143
f 5141 5049 5123
f 5143 5123 5053
f 5141 5123 5143

