# https://github.com/mikedh/trimesh
v -0.11616758 0.14826331 1.70372770
v 0.02897521 0.14826331 1.70372770
v -0.11616758 -0.08658266 1.70372770
v 0.02897521 -0.08658266 1.70372770
v -0.04359619 -0.04173107 1.85637758
v -0.04359619 0.10341172 1.85637758
v -0.04359619 -0.04173107 1.55107781
v -0.04359619 0.10341172 1.55107781
v 0.07382680 0.03084033 1.60938488
v 0.07382680 0.03084033 1.79807051
v -0.16101917 0.03084033 1.60938488
v -0.16101917 0.03084033 1.79807051
v -0.04359619 0.16887933 1.70372770
v -0.04359619 -0.10719867 1.70372770
v -0.08625258 -0.08083557 1.79345305
v -0.00093979 -0.08083557 1.79345305
v -0.08625258 0.14251622 1.79345305
v -0.00093979 0.14251622 1.79345305
v -0.04359619 0.03084033 1.88317840
v -0.08625258 -0.08083557 1.61400235
v -0.00093979 -0.08083557 1.61400235
v -0.08625258 0.14251622 1.61400235
v -0.00093979 0.14251622 1.61400235
v -0.04359619 0.03084033 1.52427700
v 0.06807971 0.09985983 1.64827438
v 0.06807971 -0.03817917 1.64827438
v 0.02542331 -0.01181607 1.55854903
v 0.02542331 0.07349672 1.55854903
v 0.06807971 0.09985983 1.75918101
v 0.06807971 -0.03817917 1.75918101
v 0.02542331 -0.01181607 1.84890636
v 0.02542331 0.07349672 1.84890636
v 0.09444281 0.03084033 1.70372770
v -0.15527208 0.09985983 1.64827438
v -0.15527208 -0.03817917 1.64827438
v -0.11261569 -0.01181607 1.55854903
v -0.11261569 0.07349672 1.55854903
v -0.15527208 0.09985983 1.75918101
v -0.15527208 -0.03817917 1.75918101
v -0.11261569 -0.01181607 1.84890636
v -0.11261569 0.07349672 1.84890636
v -0.18163519 0.03084033 1.70372770
v -0.08131763 0.16362534 1.70372770
v -0.00587475 0.16362534 1.70372770
v -0.08131763 -0.10194468 1.70372770
v -0.00587475 -0.10194468 1.70372770
v -0.10348973 -0.08824157 1.75036548
v -0.06576829 -0.06492844 1.82971042
v -0.06602198 -0.10044256 1.75089911
v 0.01629736 -0.08824157 1.75036548
v -0.02142408 -0.06492844 1.82971042
v -0.02117039 -0.10044256 1.75089911
v -0.04359619 -0.08658266 1.79807051
v -0.10348973 0.14992222 1.75036548
v -0.06576829 0.12660909 1.82971042
v -0.06602198 0.16212322 1.75089911
v 0.01629736 0.14992222 1.75036548
v -0.02142408 0.12660909 1.82971042
v -0.02117039 0.16212322 1.75089911
v -0.04359619 0.14826331 1.79807051
v -0.04359619 -0.00688111 1.87634821
v -0.04359619 0.06856177 1.87634821
v -0.10348973 -0.08824157 1.65708991
v -0.06576829 -0.06492844 1.57774497
v -0.06602198 -0.10044256 1.65655629
v 0.01629736 -0.08824157 1.65708991
v -0.02142408 -0.06492844 1.57774497
v -0.02117039 -0.10044256 1.65655629
v -0.04359619 -0.08658266 1.60938488
v -0.10348973 0.14992222 1.65708991
v -0.06576829 0.12660909 1.57774497
v -0.06602198 0.16212322 1.65655629
v 0.01629736 0.14992222 1.65708991
v -0.02142408 0.12660909 1.57774497
v -0.02117039 0.16212322 1.65655629
v -0.04359619 0.14826331 1.60938488
v -0.04359619 -0.00688111 1.53110718
v -0.04359619 0.06856177 1.53110718
v 0.05217258 0.12775012 1.67490396
v 0.07548571 0.06671555 1.62586609
v 0.03754110 0.12583752 1.62740276
v 0.05217258 -0.06606946 1.67490396
v 0.07548571 -0.00503489 1.62586609
v 0.03754110 -0.06415687 1.62740276
v -0.00772097 -0.02905322 1.54892123
v 0.05331360 0.00866822 1.57922830
v 0.01511531 -0.05029696 1.58023135
v -0.00731049 0.00841453 1.53305994
v 0.05140101 -0.02787117 1.59824922
v -0.00772097 0.09073387 1.54892123
v 0.05331360 0.05301243 1.57922830
v 0.01511531 0.11197762 1.58023135
v -0.00731049 0.05326612 1.53305994
v 0.05140101 0.08955182 1.59824922
v 0.02897521 0.03084033 1.55107781
v 0.05217258 0.12775012 1.73255143
v 0.07548571 0.06671555 1.78158930
v 0.03754110 0.12583752 1.78005264
v 0.07382680 0.10341172 1.70372770
v 0.05217258 -0.06606946 1.73255143
v 0.07548571 -0.00503489 1.78158930
v 0.03754110 -0.06415687 1.78005264
v 0.07382680 -0.04173107 1.70372770
v -0.00772097 -0.02905322 1.85853416
v 0.05331360 0.00866822 1.82822709
v 0.01511531 -0.05029696 1.82722405
v -0.00731049 0.00841453 1.87439546
v 0.05140101 -0.02787117 1.80920617
v -0.00772097 0.09073387 1.85853416
v 0.05331360 0.05301243 1.82822709
v 0.01511531 0.11197762 1.82722405
v -0.00731049 0.05326612 1.87439546
v 0.05140101 0.08955182 1.80920617
v 0.02897521 0.03084033 1.85637758
v 0.08918882 0.03084033 1.65468983
v 0.08918882 0.03084033 1.75276557
v 0.08768670 0.06712603 1.67457416
v 0.08768670 -0.00544537 1.67457416
v 0.08768670 0.06712603 1.73288123
v 0.08768670 -0.00544537 1.73288123
v -0.13936495 0.12775012 1.67490396
v -0.16267808 0.06671555 1.62586609
v -0.12473348 0.12583752 1.62740276
v -0.13936495 -0.06606946 1.67490396
v -0.16267808 -0.00503489 1.62586609
v -0.12473348 -0.06415687 1.62740276
v -0.07947141 -0.02905322 1.54892123
v -0.14050598 0.00866822 1.57922830
v -0.10230768 -0.05029696 1.58023135
v -0.07988189 0.00841453 1.53305994
v -0.13859338 -0.02787117 1.59824922
v -0.07947141 0.09073387 1.54892123
v -0.14050598 0.05301243 1.57922830
v -0.10230768 0.11197762 1.58023135
v -0.07988189 0.05326612 1.53305994
v -0.13859338 0.08955182 1.59824922
v -0.11616758 0.03084033 1.55107781
v -0.13936495 0.12775012 1.73255143
v -0.16267808 0.06671555 1.78158930
v -0.12473348 0.12583752 1.78005264
v -0.16101917 0.10341172 1.70372770
v -0.13936495 -0.06606946 1.73255143
v -0.16267808 -0.00503489 1.78158930
v -0.12473348 -0.06415687 1.78005264
v -0.16101917 -0.04173107 1.70372770
v -0.07947141 -0.02905322 1.85853416
v -0.14050598 0.00866822 1.82822709
v -0.10230768 -0.05029696 1.82722405
v -0.07988189 0.00841453 1.87439546
v -0.13859338 -0.02787117 1.80920617
v -0.07947141 0.09073387 1.85853416
v -0.14050598 0.05301243 1.82822709
v -0.10230768 0.11197762 1.82722405
v -0.07988189 0.05326612 1.87439546
v -0.13859338 0.08955182 1.80920617
v -0.11616758 0.03084033 1.85637758
v -0.17638120 0.03084033 1.65468983
v -0.17638120 0.03084033 1.75276557
v -0.17487908 0.06712603 1.67457416
v -0.17487908 -0.00544537 1.67457416
v -0.17487908 0.06712603 1.73288123
v -0.17487908 -0.00544537 1.73288123
v -0.09927496 0.15715201 1.70372770
v -0.06263898 0.16755952 1.70372770
v 0.01208258 0.15715201 1.70372770
v -0.02455340 0.16755952 1.70372770
v -0.09927496 -0.09547135 1.70372770
v -0.06263898 -0.10587887 1.70372770
v 0.01208258 -0.09547135 1.70372770
v -0.02455340 -0.10587887 1.70372770
v -0.11046803 -0.08855365 1.72727170
v -0.09536614 -0.08565237 1.77256745
v -0.09304573 -0.09674976 1.72735335
v -0.05478926 -0.05414228 1.84438888
v -0.07632335 -0.07388328 1.81262290
v -0.05494885 -0.10549918 1.72760740
v -0.07654291 -0.09215332 1.77302929
v -0.07398092 -0.10255954 1.72755740
v -0.08518166 -0.09563710 1.75111753
v 0.02327565 -0.08855365 1.72727170
v 0.00817376 -0.08565237 1.77256745
v 0.00585336 -0.09674976 1.72735335
v -0.03240312 -0.05414228 1.84438888
v -0.01086903 -0.07388328 1.81262290
v -0.04359619 -0.06618826 1.83136770
v -0.03224352 -0.10549918 1.72760740
v -0.01064946 -0.09215332 1.77302929
v -0.01321145 -0.10255954 1.72755740
v -0.04359619 -0.10221012 1.75153421
v -0.00201071 -0.09563710 1.75111753
v -0.06519024 -0.08513699 1.79690900
v -0.02200213 -0.08513699 1.79690900
v -0.05479693 -0.07685830 1.81503013
v -0.05496005 -0.09518686 1.77543746
v -0.03239545 -0.07685830 1.81503013
v -0.03223232 -0.09518686 1.77543746
v -0.11046803 0.15023431 1.72727170
v -0.09536614 0.14733302 1.77256745
v -0.09304573 0.15843041 1.72735335
v -0.05478926 0.11582294 1.84438888
v -0.07632335 0.13556393 1.81262290
v -0.05494885 0.16717984 1.72760740
v -0.07654291 0.15383398 1.77302929
v -0.07398092 0.16424020 1.72755740
v -0.08518166 0.15731776 1.75111753
v 0.02327565 0.15023431 1.72727170
v 0.00817376 0.14733302 1.77256745
v 0.00585336 0.15843041 1.72735335
v -0.03240312 0.11582294 1.84438888
v -0.01086903 0.13556393 1.81262290
v -0.04359619 0.12786891 1.83136770
v -0.03224352 0.16717984 1.72760740
v -0.01064946 0.15383398 1.77302929
v -0.01321145 0.16424020 1.72755740
v -0.04359619 0.16389077 1.75153421
v -0.00201071 0.15731776 1.75111753
v -0.06519024 0.14681764 1.79690900
v -0.02200213 0.14681764 1.79690900
v -0.05479693 0.13853896 1.81503013
v -0.05496005 0.15686752 1.77543746
v -0.03239545 0.13853896 1.81503013
v -0.03223232 0.15686752 1.77543746
v -0.04359619 -0.02483844 1.86793288
v -0.04359619 0.01179754 1.88146265
v -0.04359619 0.08651910 1.86793288
v -0.04359619 0.04988312 1.88146265
v -0.11046803 -0.08855365 1.68018370
v -0.09536614 -0.08565237 1.63488794
v -0.09304573 -0.09674976 1.68010205
v -0.05478926 -0.05414228 1.56306651
v -0.07632335 -0.07388328 1.59483250
v -0.05494885 -0.10549918 1.67984799
v -0.07654291 -0.09215332 1.63442610
v -0.07398092 -0.10255954 1.67989799
v -0.08518166 -0.09563710 1.65633786
v 0.02327565 -0.08855365 1.68018370
v 0.00817376 -0.08565237 1.63488794
v 0.00585336 -0.09674976 1.68010205
v -0.03240312 -0.05414228 1.56306651
v -0.01086903 -0.07388328 1.59483250
v -0.04359619 -0.06618826 1.57608769
v -0.03224352 -0.10549918 1.67984799
v -0.01064946 -0.09215332 1.63442610
v -0.01321145 -0.10255954 1.67989799
v -0.04359619 -0.10221012 1.65592119
v -0.00201071 -0.09563710 1.65633786
v -0.06519024 -0.08513699 1.61054640
v -0.02200213 -0.08513699 1.61054640
v -0.05479693 -0.07685830 1.59242527
v -0.05496005 -0.09518686 1.63201793
v -0.03239545 -0.07685830 1.59242527
v -0.03223232 -0.09518686 1.63201793
v -0.11046803 0.15023431 1.68018370
v -0.09536614 0.14733302 1.63488794
v -0.09304573 0.15843041 1.68010205
v -0.05478926 0.11582294 1.56306651
v -0.07632335 0.13556393 1.59483250
v -0.05494885 0.16717984 1.67984799
v -0.07654291 0.15383398 1.63442610
v -0.07398092 0.16424020 1.67989799
v -0.08518166 0.15731776 1.65633786
v 0.02327565 0.15023431 1.68018370
v 0.00817376 0.14733302 1.63488794
v 0.00585336 0.15843041 1.68010205
v -0.03240312 0.11582294 1.56306651
v -0.01086903 0.13556393 1.59483250
v -0.04359619 0.12786891 1.57608769
v -0.03224352 0.16717984 1.67984799
v -0.01064946 0.15383398 1.63442610
v -0.01321145 0.16424020 1.67989799
v -0.04359619 0.16389077 1.65592119
v -0.00201071 0.15731776 1.65633786
v -0.06519024 0.14681764 1.61054640
v -0.02200213 0.14681764 1.61054640
v -0.05479693 0.13853896 1.59242527
v -0.05496005 0.15686752 1.63201793
v -0.03239545 0.13853896 1.59242527
v -0.03223232 0.15686752 1.63201793
v -0.04359619 -0.02483844 1.53952251
v -0.04359619 0.01179754 1.52599275
v -0.04359619 0.08651910 1.53952251
v -0.04359619 0.04988312 1.52599275
v 0.04138642 0.13904124 1.68917671
v 0.06112742 0.11460586 1.66118239
v 0.03525882 0.14025683 1.66550059
v 0.07579779 0.04895110 1.61679431
v 0.07289651 0.08379398 1.63642676
v 0.01907221 0.13546497 1.61966763
v 0.05401213 0.11387092 1.63701725
v 0.02764873 0.13898722 1.64161030
v 0.04577190 0.12778648 1.65060947
v 0.04138642 -0.07736058 1.68917671
v 0.06112742 -0.05292521 1.66118239
v 0.03525882 -0.07857618 1.66550059
v 0.07579779 0.01272956 1.61679431
v 0.07289651 -0.02211333 1.63642676
v 0.01907221 -0.07378432 1.61966763
v 0.05401213 -0.05219026 1.63701725
v 0.02764873 -0.07730656 1.64161030
v 0.04577190 -0.06610582 1.65060947
v -0.02548542 -0.03603151 1.54851552
v 0.00935747 -0.02092962 1.55228719
v -0.01419072 -0.04801468 1.56148624
v -0.02542261 -0.01860922 1.53786059
v 0.06460472 0.01964726 1.59325031
v 0.04016935 -0.00188683 1.56758701
v 0.06582032 0.00143486 1.60121619
v 0.00771954 -0.06676799 1.59578793
v 0.02106540 -0.03182807 1.56771566
v -0.00273601 -0.05852776 1.57769770
v 0.02726965 -0.05841263 1.60247188
v 0.00418643 -0.04040459 1.56313674
v -0.02522718 0.01948766 1.52648633
v 0.00971273 -0.00210640 1.54383595
v -0.02526565 0.00045559 1.53030787
v -0.00714247 -0.01074515 1.53930704
v 0.06102846 -0.03382126 1.62225878
v 0.03943440 -0.02047540 1.57683689
v 0.06455070 -0.01694229 1.61110931
v 0.04565677 -0.04704876 1.61160211
v 0.05334996 -0.01001985 1.58754918
v 0.03429290 -0.04002551 1.58769886
v -0.02548542 0.09771217 1.54851552
v 0.00935747 0.08261028 1.55228719
v -0.01419072 0.10969533 1.56148624
v -0.02542261 0.08028987 1.53786059
v 0.06460472 0.04203340 1.59325031
v 0.04016935 0.06356749 1.56758701
v 0.06582032 0.06024579 1.60121619
v 0.05458843 0.03084033 1.57759054
v 0.00771954 0.12844864 1.59578793
v 0.02106540 0.09350872 1.56771566
v -0.00273601 0.12020842 1.57769770
v 0.02726965 0.12009328 1.60247188
v 0.00418643 0.10208524 1.56313674
v -0.02522718 0.04219299 1.52648633
v 0.00971273 0.06378705 1.54383595
v -0.02526565 0.06122506 1.53030787
v -0.00682195 0.03084033 1.53076212
v -0.00714247 0.07242580 1.53930704
v 0.06102846 0.09550192 1.62225878
v 0.03943440 0.08215605 1.57683689
v 0.06455070 0.07862294 1.61110931
v 0.04565677 0.10872941 1.61160211
v 0.05334996 0.07170050 1.58754918
v 0.03429290 0.10170616 1.58769886
v 0.02808174 0.00924627 1.55295719
v 0.02808174 0.05243438 1.55295719
v 0.04202107 0.01963959 1.56371948
v 0.01156517 0.01947646 1.53989235
v 0.04202107 0.04204107 1.56371948
v 0.01156517 0.04220419 1.53989235
v 0.04138642 0.13904124 1.71827869
v 0.06112742 0.11460586 1.74627300
v 0.03525882 0.14025683 1.74195480
v 0.05343240 0.12902495 1.70372770
v 0.07579779 0.04895110 1.79066109
v 0.07289651 0.08379398 1.77102863
v 0.01907221 0.13546497 1.78778776
v 0.05401213 0.11387092 1.77043814
v 0.02764873 0.13898722 1.76584510
v 0.04577190 0.12778648 1.75684593
v 0.07238113 0.10251825 1.67565542
v 0.07238113 0.10251825 1.73179997
v 0.06410245 0.11645758 1.68916674
v 0.06410245 0.11645758 1.71828866
v 0.04138642 -0.07736058 1.71827869
v 0.06112742 -0.05292521 1.74627300
v 0.03525882 -0.07857618 1.74195480
v 0.05343240 -0.06734429 1.70372770
v 0.07579779 0.01272956 1.79066109
v 0.07289651 -0.02211333 1.77102863
v 0.01907221 -0.07378432 1.78778776
v 0.05401213 -0.05219026 1.77043814
v 0.02764873 -0.07730656 1.76584510
v 0.04577190 -0.06610582 1.75684593
v 0.07238113 -0.04083760 1.67565542
v 0.07238113 -0.04083760 1.73179997
v 0.06410245 -0.05477693 1.68916674
v 0.06410245 -0.05477693 1.71828866
v -0.02548542 -0.03603151 1.85893987
v 0.00935747 -0.02092962 1.85516820
v -0.01419072 -0.04801468 1.84596916
v -0.02542261 -0.01860922 1.86959481
v 0.06460472 0.01964726 1.81420509
v 0.04016935 -0.00188683 1.83986838
v 0.06582032 0.00143486 1.80623921
v 0.00771954 -0.06676799 1.81166747
v 0.02106540 -0.03182807 1.83973974
v -0.00273601 -0.05852776 1.82975769
v 0.02726965 -0.05841263 1.80498351
v 0.00418643 -0.04040459 1.84431865
v -0.02522718 0.01948766 1.88096906
v 0.00971273 -0.00210640 1.86361944
v -0.02526565 0.00045559 1.87714753
v -0.00714247 -0.01074515 1.86814836
v 0.06102846 -0.03382126 1.78519661
v 0.03943440 -0.02047540 1.83061851
v 0.06455070 -0.01694229 1.79634608
v 0.04565677 -0.04704876 1.79585328
v 0.05334996 -0.01001985 1.81990622
v 0.03429290 -0.04002551 1.81975654
v -0.02548542 0.09771217 1.85893987
v 0.00935747 0.08261028 1.85516820
v -0.01419072 0.10969533 1.84596916
v -0.02542261 0.08028987 1.86959481
v 0.06460472 0.04203340 1.81420509
v 0.04016935 0.06356749 1.83986838
v 0.06582032 0.06024579 1.80623921
v 0.05458843 0.03084033 1.82986486
v 0.00771954 0.12844864 1.81166747
v 0.02106540 0.09350872 1.83973974
v -0.00273601 0.12020842 1.82975769
v 0.02726965 0.12009328 1.80498351
v 0.00418643 0.10208524 1.84431865
v -0.02522718 0.04219299 1.88096906
v 0.00971273 0.06378705 1.86361944
v -0.02526565 0.06122506 1.87714753
v -0.00682195 0.03084033 1.87669328
v -0.00714247 0.07242580 1.86814836
v 0.06102846 0.09550192 1.78519661
v 0.03943440 0.08215605 1.83061851
v 0.06455070 0.07862294 1.79634608
v 0.04565677 0.10872941 1.79585328
v 0.05334996 0.07170050 1.81990622
v 0.03429290 0.10170616 1.81975654
v 0.02808174 0.00924627 1.85449821
v 0.02808174 0.05243438 1.85449821
v 0.04202107 0.01963959 1.84373592
v 0.01156517 0.01947646 1.86756305
v 0.04202107 0.04204107 1.84373592
v 0.01156517 0.04220419 1.86756305
v 0.08271549 0.03084033 1.63134530
v 0.09312301 0.03084033 1.67897207
v 0.08399390 0.04901390 1.63944329
v 0.08399390 0.01266675 1.63944329
v 0.08271549 0.03084033 1.77611010
v 0.09312301 0.03084033 1.72848332
v 0.08399390 0.04901390 1.76801211
v 0.08399390 0.01266675 1.76801211
v 0.07939746 0.08414925 1.66089696
v 0.09274333 0.04920933 1.68896923
v 0.08288124 0.06729405 1.64966658
v 0.08243100 0.08600168 1.68895467
v 0.08980368 0.04917087 1.66422754
v 0.07939746 -0.02246859 1.66089696
v 0.09274333 0.01247132 1.68896923
v 0.08288124 -0.00561339 1.64966658
v 0.08243100 -0.02432103 1.68895467
v 0.08980368 0.01250979 1.66422754
v 0.07939746 0.08414925 1.74655844
v 0.09274333 0.04920933 1.71848617
v 0.08288124 0.06729405 1.75778881
v 0.08243100 0.08600168 1.71850072
v 0.08980368 0.04917087 1.74322785
v 0.08945426 0.06761457 1.70372770
v 0.07939746 -0.02246859 1.74655844
v 0.09274333 0.01247132 1.71848617
v 0.08288124 -0.00561339 1.75778881
v 0.08243100 -0.02432103 1.71850072
v 0.08980368 0.01250979 1.74322785
v 0.08945426 -0.00593391 1.70372770
v -0.12857880 0.13904124 1.68917671
v -0.14831979 0.11460586 1.66118239
v -0.12245119 0.14025683 1.66550059
v -0.16299017 0.04895110 1.61679431
v -0.16008888 0.08379398 1.63642676
v -0.10626458 0.13546497 1.61966763
v -0.14120450 0.11387092 1.63701725
v -0.11484110 0.13898722 1.64161030
v -0.13296428 0.12778648 1.65060947
v -0.12857880 -0.07736058 1.68917671
v -0.14831979 -0.05292521 1.66118239
v -0.12245119 -0.07857618 1.66550059
v -0.16299017 0.01272956 1.61679431
v -0.16008888 -0.02211333 1.63642676
v -0.10626458 -0.07378432 1.61966763
v -0.14120450 -0.05219026 1.63701725
v -0.11484110 -0.07730656 1.64161030
v -0.13296428 -0.06610582 1.65060947
v -0.06170696 -0.03603151 1.54851552
v -0.09654984 -0.02092962 1.55228719
v -0.07300165 -0.04801468 1.56148624
v -0.06176976 -0.01860922 1.53786059
v -0.15179710 0.01964726 1.59325031
v -0.12736172 -0.00188683 1.56758701
v -0.15301269 0.00143486 1.60121619
v -0.09491191 -0.06676799 1.59578793
v -0.10825778 -0.03182807 1.56771566
v -0.08445636 -0.05852776 1.57769770
v -0.11446202 -0.05841263 1.60247188
v -0.09137880 -0.04040459 1.56313674
v -0.06196519 0.01948766 1.52648633
v -0.09690511 -0.00210640 1.54383595
v -0.06192673 0.00045559 1.53030787
v -0.08004991 -0.01074515 1.53930704
v -0.14822083 -0.03382126 1.62225878
v -0.12662678 -0.02047540 1.57683689
v -0.15174308 -0.01694229 1.61110931
v -0.13284914 -0.04704876 1.61160211
v -0.14054234 -0.01001985 1.58754918
v -0.12148527 -0.04002551 1.58769886
v -0.06170696 0.09771217 1.54851552
v -0.09654984 0.08261028 1.55228719
v -0.07300165 0.10969533 1.56148624
v -0.06176976 0.08028987 1.53786059
v -0.15179710 0.04203340 1.59325031
v -0.12736172 0.06356749 1.56758701
v -0.15301269 0.06024579 1.60121619
v -0.14178081 0.03084033 1.57759054
v -0.09491191 0.12844864 1.59578793
v -0.10825778 0.09350872 1.56771566
v -0.08445636 0.12020842 1.57769770
v -0.11446202 0.12009328 1.60247188
v -0.09137880 0.10208524 1.56313674
v -0.06196519 0.04219299 1.52648633
v -0.09690511 0.06378705 1.54383595
v -0.06192673 0.06122506 1.53030787
v -0.08037043 0.03084033 1.53076212
v -0.08004991 0.07242580 1.53930704
v -0.14822083 0.09550192 1.62225878
v -0.12662678 0.08215605 1.57683689
v -0.15174308 0.07862294 1.61110931
v -0.13284914 0.10872941 1.61160211
v -0.14054234 0.07170050 1.58754918
v -0.12148527 0.10170616 1.58769886
v -0.11527411 0.00924627 1.55295719
v -0.11527411 0.05243438 1.55295719
v -0.12921344 0.01963959 1.56371948
v -0.09875754 0.01947646 1.53989235
v -0.12921344 0.04204107 1.56371948
v -0.09875754 0.04220419 1.53989235
v -0.12857880 0.13904124 1.71827869
v -0.14831979 0.11460586 1.74627300
v -0.12245119 0.14025683 1.74195480
v -0.14062477 0.12902495 1.70372770
v -0.16299017 0.04895110 1.79066109
v -0.16008888 0.08379398 1.77102863
v -0.10626458 0.13546497 1.78778776
v -0.14120450 0.11387092 1.77043814
v -0.11484110 0.13898722 1.76584510
v -0.13296428 0.12778648 1.75684593
v -0.15957350 0.10251825 1.67565542
v -0.15957350 0.10251825 1.73179997
v -0.15129482 0.11645758 1.68916674
v -0.15129482 0.11645758 1.71828866
v -0.12857880 -0.07736058 1.71827869
v -0.14831979 -0.05292521 1.74627300
v -0.12245119 -0.07857618 1.74195480
v -0.14062477 -0.06734429 1.70372770
v -0.16299017 0.01272956 1.79066109
v -0.16008888 -0.02211333 1.77102863
v -0.10626458 -0.07378432 1.78778776
v -0.14120450 -0.05219026 1.77043814
v -0.11484110 -0.07730656 1.76584510
v -0.13296428 -0.06610582 1.75684593
v -0.15957350 -0.04083760 1.67565542
v -0.15957350 -0.04083760 1.73179997
v -0.15129482 -0.05477693 1.68916674
v -0.15129482 -0.05477693 1.71828866
v -0.06170696 -0.03603151 1.85893987
v -0.09654984 -0.02092962 1.85516820
v -0.07300165 -0.04801468 1.84596916
v -0.06176976 -0.01860922 1.86959481
v -0.15179710 0.01964726 1.81420509
v -0.12736172 -0.00188683 1.83986838
v -0.15301269 0.00143486 1.80623921
v -0.09491191 -0.06676799 1.81166747
v -0.10825778 -0.03182807 1.83973974
v -0.08445636 -0.05852776 1.82975769
v -0.11446202 -0.05841263 1.80498351
v -0.09137880 -0.04040459 1.84431865
v -0.06196519 0.01948766 1.88096906
v -0.09690511 -0.00210640 1.86361944
v -0.06192673 0.00045559 1.87714753
v -0.08004991 -0.01074515 1.86814836
v -0.14822083 -0.03382126 1.78519661
v -0.12662678 -0.02047540 1.83061851
v -0.15174308 -0.01694229 1.79634608
v -0.13284914 -0.04704876 1.79585328
v -0.14054234 -0.01001985 1.81990622
v -0.12148527 -0.04002551 1.81975654
v -0.06170696 0.09771217 1.85893987
v -0.09654984 0.08261028 1.85516820
v -0.07300165 0.10969533 1.84596916
v -0.06176976 0.08028987 1.86959481
v -0.15179710 0.04203340 1.81420509
v -0.12736172 0.06356749 1.83986838
v -0.15301269 0.06024579 1.80623921
v -0.14178081 0.03084033 1.82986486
v -0.09491191 0.12844864 1.81166747
v -0.10825778 0.09350872 1.83973974
v -0.08445636 0.12020842 1.82975769
v -0.11446202 0.12009328 1.80498351
v -0.09137880 0.10208524 1.84431865
v -0.06196519 0.04219299 1.88096906
v -0.09690511 0.06378705 1.86361944
v -0.06192673 0.06122506 1.87714753
v -0.08037043 0.03084033 1.87669328
v -0.08004991 0.07242580 1.86814836
v -0.14822083 0.09550192 1.78519661
v -0.12662678 0.08215605 1.83061851
v -0.15174308 0.07862294 1.79634608
v -0.13284914 0.10872941 1.79585328
v -0.14054234 0.07170050 1.81990622
v -0.12148527 0.10170616 1.81975654
v -0.11527411 0.00924627 1.85449821
v -0.11527411 0.05243438 1.85449821
v -0.12921344 0.01963959 1.84373592
v -0.09875754 0.01947646 1.86756305
v -0.12921344 0.04204107 1.84373592
v -0.09875754 0.04220419 1.86756305
v -0.16990787 0.03084033 1.63134530
v -0.18031538 0.03084033 1.67897207
v -0.17118627 0.04901390 1.63944329
v -0.17118627 0.01266675 1.63944329
v -0.16990787 0.03084033 1.77611010
v -0.18031538 0.03084033 1.72848332
v -0.17118627 0.04901390 1.76801211
v -0.17118627 0.01266675 1.76801211
v -0.16658984 0.08414925 1.66089696
v -0.17993570 0.04920933 1.68896923
v -0.17007362 0.06729405 1.64966658
v -0.16962338 0.08600168 1.68895467
v -0.17699606 0.04917087 1.66422754
v -0.16658984 -0.02246859 1.66089696
v -0.17993570 0.01247132 1.68896923
v -0.17007362 -0.00561339 1.64966658
v -0.16962338 -0.02432103 1.68895467
v -0.17699606 0.01250979 1.66422754
v -0.16658984 0.08414925 1.74655844
v -0.17993570 0.04920933 1.71848617
v -0.17007362 0.06729405 1.75778881
v -0.16962338 0.08600168 1.71850072
v -0.17699606 0.04917087 1.74322785
v -0.17664663 0.06761457 1.70372770
v -0.16658984 -0.02246859 1.74655844
v -0.17993570 0.01247132 1.71848617
v -0.17007362 -0.00561339 1.75778881
v -0.16962338 -0.02432103 1.71850072
v -0.17699606 0.01250979 1.74322785
v -0.17664663 -0.00593391 1.70372770
v 0.09259741 0.28782991 1.58882183
v 0.14286432 -0.20249752 1.57893615
v 0.10562711 -0.09716726 0.93359324
v 0.06057413 0.16620214 0.92908360
v -0.05429935 0.27260949 1.59680769
v -0.00403244 -0.21771795 1.58692201
v -0.04126965 -0.11238769 0.94157910
v -0.08632263 0.15098172 0.93706946
v 0.04528526 0.28623274 1.59281476
v -0.02953070 0.61142723 1.59440141
v 0.03760992 0.28455943 1.57385108
v -0.03720604 0.60975392 1.57543772
v 0.01912044 0.28034397 1.56599606
v -0.05569552 0.60553846 1.56758271
v 0.00064771 0.27605571 1.57385108
v -0.07416825 0.60125020 1.57543772
v -0.00698720 0.27420666 1.59281476
v -0.08180315 0.59940115 1.59440141
v 0.00068814 0.27587996 1.61177845
v -0.07412781 0.60107445 1.61336510
v 0.01917762 0.28009543 1.61963346
v -0.05563833 0.60528991 1.62122011
v 0.03765035 0.28438369 1.61177845
v -0.03716560 0.60957817 1.61336510
v 0.01914903 0.28021970 1.59281476
v -0.05566692 0.60541419 1.59440141
v 0.00090251 0.30974319 1.59281476
v 0.03739556 0.30974319 1.59281476
v 0.00090251 0.25069621 1.59281476
v 0.03739556 0.25069621 1.59281476
v 0.01914903 0.26197318 1.62233826
v 0.01914903 0.29846622 1.62233826
v 0.01914903 0.26197318 1.56329127
v 0.01914903 0.29846622 1.56329127
v 0.04867253 0.28021970 1.57456824
v 0.04867253 0.28021970 1.61106128
v -0.01037446 0.28021970 1.57456824
v -0.01037446 0.28021970 1.61106128
v 0.01914903 0.31492665 1.59281476
v 0.01914903 0.24551275 1.59281476
v 0.00842400 0.25214119 1.61016824
v 0.02987407 0.25214119 1.61016824
v 0.00842400 0.30829821 1.61016824
v 0.02987407 0.30829821 1.61016824
v 0.01914903 0.28021970 1.62752171
v 0.00842400 0.25214119 1.57546129
v 0.02987407 0.25214119 1.57546129
v 0.00842400 0.30829821 1.57546129
v 0.02987407 0.30829821 1.57546129
v 0.01914903 0.28021970 1.55810781
v 0.04722754 0.29757317 1.58208972
v 0.04722754 0.26286622 1.58208972
v 0.03650251 0.26949466 1.56473625
v 0.03650251 0.29094474 1.56473625
v 0.04722754 0.29757317 1.60353980
v 0.04722754 0.26286622 1.60353980
v 0.03650251 0.26949466 1.62089327
v 0.03650251 0.29094474 1.62089327
v 0.05385598 0.28021970 1.59281476
v -0.00892948 0.29757317 1.58208972
v -0.00892948 0.26286622 1.58208972
v 0.00179556 0.26949466 1.56473625
v 0.00179556 0.29094474 1.56473625
v -0.00892948 0.29757317 1.60353980
v -0.00892948 0.26286622 1.60353980
v 0.00179556 0.26949466 1.62089327
v 0.00179556 0.29094474 1.62089327
v -0.01555792 0.28021970 1.59281476
v 0.00966479 0.31360564 1.59281476
v 0.02863328 0.31360564 1.59281476
v 0.00966479 0.24683375 1.59281476
v 0.02863328 0.24683375 1.59281476
v 0.00409008 0.25027911 1.60183482
v 0.01357433 0.25614070 1.61718065
v 0.01351055 0.24721143 1.60193802
v 0.03420798 0.25027911 1.60183482
v 0.02472373 0.25614070 1.61718065
v 0.02478752 0.24721143 1.60193802
v 0.01914903 0.25069621 1.61106128
v 0.00409008 0.31016029 1.60183482
v 0.01357433 0.30429870 1.61718065
v 0.01351055 0.31322797 1.60193802
v 0.03420798 0.31016029 1.60183482
v 0.02472373 0.30429870 1.61718065
v 0.02478752 0.31322797 1.60193802
v 0.01914903 0.30974319 1.61106128
v 0.01914903 0.27073545 1.62620071
v 0.01914903 0.28970395 1.62620071
v 0.00409008 0.25027911 1.58379471
v 0.01357433 0.25614070 1.56844887
v 0.01351055 0.24721143 1.58369150
v 0.03420798 0.25027911 1.58379471
v 0.02472373 0.25614070 1.56844887
v 0.02478752 0.24721143 1.58369150
v 0.01914903 0.25069621 1.57456824
v 0.00409008 0.31016029 1.58379471
v 0.01357433 0.30429870 1.56844887
v 0.01351055 0.31322797 1.58369150
v 0.03420798 0.31016029 1.58379471
v 0.02472373 0.30429870 1.56844887
v 0.02478752 0.31322797 1.58369150
v 0.01914903 0.30974319 1.57456824
v 0.01914903 0.27073545 1.55942882
v 0.01914903 0.28970395 1.55942882
v 0.04322804 0.30458559 1.58724006
v 0.04908962 0.28923975 1.57775581
v 0.03954927 0.30410471 1.57805301
v 0.04322804 0.25585381 1.58724006
v 0.04908962 0.27119964 1.57775581
v 0.03954927 0.25633469 1.57805301
v 0.02816909 0.26516075 1.56287417
v 0.04351492 0.27464500 1.56873576
v 0.03391078 0.25981947 1.56892975
v 0.02827229 0.27458121 1.55980649
v 0.04303404 0.26545795 1.57241453
v 0.02816909 0.29527865 1.56287417
v 0.04351492 0.28579440 1.56873576
v 0.03391078 0.30061993 1.56892975
v 0.02827229 0.28585818 1.55980649
v 0.04303404 0.29498145 1.57241453
v 0.03739556 0.28021970 1.56329127
v 0.04322804 0.30458559 1.59838946
v 0.04908962 0.28923975 1.60787371
v 0.03954927 0.30410471 1.60757651
v 0.04867253 0.29846622 1.59281476
v 0.04322804 0.25585381 1.59838946
v 0.04908962 0.27119964 1.60787371
v 0.03954927 0.25633469 1.60757651
v 0.04867253 0.26197318 1.59281476
v 0.02816909 0.26516075 1.62275535
v 0.04351492 0.27464500 1.61689377
v 0.03391078 0.25981947 1.61669977
v 0.02827229 0.27458121 1.62582303
v 0.04303404 0.26545795 1.61321499
v 0.02816909 0.29527865 1.62275535
v 0.04351492 0.28579440 1.61689377
v 0.03391078 0.30061993 1.61669977
v 0.02827229 0.28585818 1.62582303
v 0.04303404 0.29498145 1.61321499
v 0.03739556 0.28021970 1.62233826
v 0.05253498 0.28021970 1.58333051
v 0.05253498 0.28021970 1.60229901
v 0.05215730 0.28934296 1.58717628
v 0.05215730 0.27109644 1.58717628
v 0.05215730 0.28934296 1.59845325
v 0.05215730 0.27109644 1.59845325
v -0.00492997 0.30458559 1.58724006
v -0.01079156 0.28923975 1.57775581
v -0.00125120 0.30410471 1.57805301
v -0.00492997 0.25585381 1.58724006
v -0.01079156 0.27119964 1.57775581
v -0.00125120 0.25633469 1.57805301
v 0.01012898 0.26516075 1.56287417
v -0.00521686 0.27464500 1.56873576
v 0.00438729 0.25981947 1.56892975
v 0.01002577 0.27458121 1.55980649
v -0.00473598 0.26545795 1.57241453
v 0.01012898 0.29527865 1.56287417
v -0.00521686 0.28579440 1.56873576
v 0.00438729 0.30061993 1.56892975
v 0.01002577 0.28585818 1.55980649
v -0.00473598 0.29498145 1.57241453
v 0.00090251 0.28021970 1.56329127
v -0.00492997 0.30458559 1.59838946
v -0.01079156 0.28923975 1.60787371
v -0.00125120 0.30410471 1.60757651
v -0.01037446 0.29846622 1.59281476
v -0.00492997 0.25585381 1.59838946
v -0.01079156 0.27119964 1.60787371
v -0.00125120 0.25633469 1.60757651
v -0.01037446 0.26197318 1.59281476
v 0.01012898 0.26516075 1.62275535
v -0.00521686 0.27464500 1.61689377
v 0.00438729 0.25981947 1.61669977
v 0.01002577 0.27458121 1.62582303
v -0.00473598 0.26545795 1.61321499
v 0.01012898 0.29527865 1.62275535
v -0.00521686 0.28579440 1.61689377
v 0.00438729 0.30061993 1.61669977
v 0.01002577 0.28585818 1.62582303
v -0.00473598 0.29498145 1.61321499
v 0.00090251 0.28021970 1.62233826
v -0.01423691 0.28021970 1.58333051
v -0.01423691 0.28021970 1.60229901
v -0.01385924 0.28934296 1.58717628
v -0.01385924 0.27109644 1.58717628
v -0.01385924 0.28934296 1.59845325
v -0.01385924 0.27109644 1.59845325
v -0.03866532 0.61337550 1.59440141
v -0.17556396 0.90572626 1.70883561
v -0.04552588 0.61506041 1.58188955
v -0.18242452 0.90741117 1.69632375
v -0.05832692 0.61109469 1.57670697
v -0.19522556 0.90344545 1.69114117
v -0.06956978 0.60380141 1.58188955
v -0.20646841 0.89615217 1.69632375
v -0.07266853 0.59745287 1.59440141
v -0.20956716 0.88980364 1.70883561
v -0.06580797 0.59576797 1.60691327
v -0.20270661 0.88811873 1.72134747
v -0.05300693 0.59973369 1.61209585
v -0.18990556 0.89208445 1.72653005
v -0.04176407 0.60702696 1.60691327
v -0.17866271 0.89937773 1.72134747
v -0.05566692 0.60541419 1.59440141
v -0.19256556 0.89776495 1.70883561
v -0.06843949 0.62608063 1.59440141
v -0.04289436 0.62608063 1.59440141
v -0.06843949 0.58474774 1.59440141
v -0.04289436 0.58474774 1.59440141
v -0.05566692 0.59264162 1.61506786
v -0.05566692 0.61818675 1.61506786
v -0.05566692 0.59264162 1.57373497
v -0.05566692 0.61818675 1.57373497
v -0.03500048 0.60541419 1.58162884
v -0.03500048 0.60541419 1.60717398
v -0.07633337 0.60541419 1.58162884
v -0.07633337 0.60541419 1.60717398
v -0.05566692 0.62970905 1.59440141
v -0.05566692 0.58111932 1.59440141
v -0.06317445 0.58575923 1.60654884
v -0.04815940 0.58575923 1.60654884
v -0.06317445 0.62506914 1.60654884
v -0.04815940 0.62506914 1.60654884
v -0.05566692 0.60541419 1.61869628
v -0.06317445 0.58575923 1.58225398
v -0.04815940 0.58575923 1.58225398
v -0.06317445 0.62506914 1.58225398
v -0.04815940 0.62506914 1.58225398
v -0.05566692 0.60541419 1.57010655
v -0.03601197 0.61756162 1.58689388
v -0.03601197 0.59326675 1.58689388
v -0.04351949 0.59790666 1.57474645
v -0.04351949 0.61292171 1.57474645
v -0.03601197 0.61756162 1.60190894
v -0.03601197 0.59326675 1.60190894
v -0.04351949 0.59790666 1.61405637
v -0.04351949 0.61292171 1.61405637
v -0.03137206 0.60541419 1.59440141
v -0.07532188 0.61756162 1.58689388
v -0.07532188 0.59326675 1.58689388
v -0.06781436 0.59790666 1.57474645
v -0.06781436 0.61292171 1.57474645
v -0.07532188 0.61756162 1.60190894
v -0.07532188 0.59326675 1.60190894
v -0.06781436 0.59790666 1.61405637
v -0.06781436 0.61292171 1.61405637
v -0.07996179 0.60541419 1.59440141
v -0.06230590 0.62878435 1.59440141
v -0.04902795 0.62878435 1.59440141
v -0.06230590 0.58204402 1.59440141
v -0.04902795 0.58204402 1.59440141
v -0.06620819 0.58445577 1.60071545
v -0.05956922 0.58855888 1.61145753
v -0.05961386 0.58230840 1.60078769
v -0.04512566 0.58445577 1.60071545
v -0.05176463 0.58855888 1.61145753
v -0.05171998 0.58230840 1.60078769
v -0.05566692 0.58474774 1.60717398
v -0.06620819 0.62637260 1.60071545
v -0.05956922 0.62226949 1.61145753
v -0.05961386 0.62851998 1.60078769
v -0.04512566 0.62637260 1.60071545
v -0.05176463 0.62226949 1.61145753
v -0.05171998 0.62851998 1.60078769
v -0.05566692 0.62608063 1.60717398
v -0.05566692 0.59877521 1.61777157
v -0.05566692 0.61205316 1.61777157
v -0.06620819 0.58445577 1.58808737
v -0.05956922 0.58855888 1.57734529
v -0.05961386 0.58230840 1.58801513
v -0.04512566 0.58445577 1.58808737
v -0.05176463 0.58855888 1.57734529
v -0.05171998 0.58230840 1.58801513
v -0.05566692 0.58474774 1.58162884
v -0.06620819 0.62637260 1.58808737
v -0.05956922 0.62226949 1.57734529
v -0.05961386 0.62851998 1.58801513
v -0.04512566 0.62637260 1.58808737
v -0.05176463 0.62226949 1.57734529
v -0.05171998 0.62851998 1.58801513
v -0.05566692 0.62608063 1.58162884
v -0.05566692 0.59877521 1.57103125
v -0.05566692 0.61205316 1.57103125
v -0.03881162 0.62247031 1.59049912
v -0.03470851 0.61172823 1.58386015
v -0.04138676 0.62213369 1.58406819
v -0.03881162 0.58835806 1.59049912
v -0.03470851 0.59910015 1.58386015
v -0.04138676 0.58869468 1.58406819
v -0.04935289 0.59487292 1.57344300
v -0.03861080 0.60151190 1.57754611
v -0.04533370 0.59113402 1.57768190
v -0.04928064 0.60146725 1.57129562
v -0.03894742 0.59508096 1.58012125
v -0.04935289 0.61595545 1.57344300
v -0.03861080 0.60931648 1.57754611
v -0.04533370 0.61969435 1.57768190
v -0.04928064 0.60936113 1.57129562
v -0.03894742 0.61574741 1.58012125
v -0.04289436 0.60541419 1.57373497
v -0.03881162 0.62247031 1.59830370
v -0.03470851 0.61172823 1.60494267
v -0.04138676 0.62213369 1.60473463
v -0.03500048 0.61818675 1.59440141
v -0.03881162 0.58835806 1.59830370
v -0.03470851 0.59910015 1.60494267
v -0.04138676 0.58869468 1.60473463
v -0.03500048 0.59264162 1.59440141
v -0.04935289 0.59487292 1.61535982
v -0.03861080 0.60151190 1.61125671
v -0.04533370 0.59113402 1.61112092
v -0.04928064 0.60146725 1.61750720
v -0.03894742 0.59508096 1.60868157
v -0.04935289 0.61595545 1.61535982
v -0.03861080 0.60931648 1.61125671
v -0.04533370 0.61969435 1.61112092
v -0.04928064 0.60936113 1.61750720
v -0.03894742 0.61574741 1.60868157
v -0.04289436 0.60541419 1.61506786
v -0.03229676 0.60541419 1.58776244
v -0.03229676 0.60541419 1.60104038
v -0.03256114 0.61180047 1.59045447
v -0.03256114 0.59902790 1.59045447
v -0.03256114 0.61180047 1.59834835
v -0.03256114 0.59902790 1.59834835
v -0.07252223 0.62247031 1.59049912
v -0.07662534 0.61172823 1.58386015
v -0.06994709 0.62213369 1.58406819
v -0.07252223 0.58835806 1.59049912
v -0.07662534 0.59910015 1.58386015
v -0.06994709 0.58869468 1.58406819
v -0.06198096 0.59487292 1.57344300
v -0.07272305 0.60151190 1.57754611
v -0.06600015 0.59113402 1.57768190
v -0.06205321 0.60146725 1.57129562
v -0.07238643 0.59508096 1.58012125
v -0.06198096 0.61595545 1.57344300
v -0.07272305 0.60931648 1.57754611
v -0.06600015 0.61969435 1.57768190
v -0.06205321 0.60936113 1.57129562
v -0.07238643 0.61574741 1.58012125
v -0.06843949 0.60541419 1.57373497
v -0.07252223 0.62247031 1.59830370
v -0.07662534 0.61172823 1.60494267
v -0.06994709 0.62213369 1.60473463
v -0.07633337 0.61818675 1.59440141
v -0.07252223 0.58835806 1.59830370
v -0.07662534 0.59910015 1.60494267
v -0.06994709 0.58869468 1.60473463
v -0.07633337 0.59264162 1.59440141
v -0.06198096 0.59487292 1.61535982
v -0.07272305 0.60151190 1.61125671
v -0.06600015 0.59113402 1.61112092
v -0.06205321 0.60146725 1.61750720
v -0.07238643 0.59508096 1.60868157
v -0.06198096 0.61595545 1.61535982
v -0.07272305 0.60931648 1.61125671
v -0.06600015 0.61969435 1.61112092
v -0.06205321 0.60936113 1.61750720
v -0.07238643 0.61574741 1.60868157
v -0.06843949 0.60541419 1.61506786
v -0.07903709 0.60541419 1.58776244
v -0.07903709 0.60541419 1.60104038
v -0.07877271 0.61180047 1.59045447
v -0.07877271 0.59902790 1.59045447
v -0.07877271 0.61180047 1.59834835
v -0.07877271 0.59902790 1.59834835
v -0.20150636 0.91223146 1.70883561
v -0.18362477 0.91223146 1.70883561
v -0.20150636 0.88329844 1.70883561
v -0.18362477 0.88329844 1.70883561
v -0.19256556 0.88882415 1.72330213
v -0.19256556 0.90670575 1.72330213
v -0.19256556 0.88882415 1.69436910
v -0.19256556 0.90670575 1.69436910
v -0.17809905 0.89776495 1.69989482
v -0.17809905 0.89776495 1.71777641
v -0.20703207 0.89776495 1.69989482
v -0.20703207 0.89776495 1.71777641
v -0.19256556 0.91477136 1.70883561
v -0.19256556 0.88075855 1.70883561
v -0.19782083 0.88400648 1.71733882
v -0.18731029 0.88400648 1.71733882
v -0.19782083 0.91152342 1.71733882
v -0.18731029 0.91152342 1.71733882
v -0.19256556 0.89776495 1.72584202
v -0.19782083 0.88400648 1.70033241
v -0.18731029 0.88400648 1.70033241
v -0.19782083 0.91152342 1.70033241
v -0.18731029 0.91152342 1.70033241
v -0.19256556 0.89776495 1.69182921
v -0.17880709 0.90626815 1.70358035
v -0.17880709 0.88926175 1.70358035
v -0.18406236 0.89250968 1.69507714
v -0.18406236 0.90302022 1.69507714
v -0.17880709 0.90626815 1.71409088
v -0.17880709 0.88926175 1.71409088
v -0.18406236 0.89250968 1.72259408
v -0.18406236 0.90302022 1.72259408
v -0.17555916 0.89776495 1.70883561
v -0.20632403 0.90626815 1.70358035
v -0.20632403 0.88926175 1.70358035
v -0.20106877 0.89250968 1.69507714
v -0.20106877 0.90302022 1.69507714
v -0.20632403 0.90626815 1.71409088
v -0.20632403 0.88926175 1.71409088
v -0.20106877 0.89250968 1.72259408
v -0.20106877 0.90302022 1.72259408
v -0.20957197 0.89776495 1.70883561
v -0.19721284 0.91412406 1.70883561
v -0.18791828 0.91412406 1.70883561
v -0.19721284 0.88140584 1.70883561
v -0.18791828 0.88140584 1.70883561
v -0.19994445 0.88309406 1.71325544
v -0.19529717 0.88596624 1.72077490
v -0.19532842 0.88159090 1.71330601
v -0.18518668 0.88309406 1.71325544
v -0.18983396 0.88596624 1.72077490
v -0.18980270 0.88159090 1.71330601
v -0.19256556 0.88329844 1.71777641
v -0.19994445 0.91243584 1.71325544
v -0.19529717 0.90956366 1.72077490
v -0.19532842 0.91393900 1.71330601
v -0.18518668 0.91243584 1.71325544
v -0.18983396 0.90956366 1.72077490
v -0.18980270 0.91393900 1.71330601
v -0.19256556 0.91223146 1.71777641
v -0.19256556 0.89311767 1.72519473
v -0.19256556 0.90241223 1.72519473
v -0.19994445 0.88309406 1.70441579
v -0.19529717 0.88596624 1.69689633
v -0.19532842 0.88159090 1.70436522
v -0.18518668 0.88309406 1.70441579
v -0.18983396 0.88596624 1.69689633
v -0.18980270 0.88159090 1.70436522
v -0.19256556 0.88329844 1.69989482
v -0.19994445 0.91243584 1.70441579
v -0.19529717 0.90956366 1.69689633
v -0.19532842 0.91393900 1.70436522
v -0.18518668 0.91243584 1.70441579
v -0.18983396 0.90956366 1.69689633
v -0.18980270 0.91393900 1.70436522
v -0.19256556 0.91223146 1.69989482
v -0.19256556 0.89311767 1.69247650
v -0.19256556 0.90241223 1.69247650
v -0.18076685 0.90970424 1.70610401
v -0.17789467 0.90218478 1.70145673
v -0.18256945 0.90946860 1.70160236
v -0.18076685 0.88582566 1.70610401
v -0.17789467 0.89334512 1.70145673
v -0.18256945 0.88606130 1.70160236
v -0.18814574 0.89038607 1.69416472
v -0.18062628 0.89503335 1.69703690
v -0.18533231 0.88776884 1.69713196
v -0.18809516 0.89500209 1.69266156
v -0.18086191 0.89053169 1.69883950
v -0.18814574 0.90514383 1.69416472
v -0.18062628 0.90049655 1.69703690
v -0.18533231 0.90776106 1.69713196
v -0.18809516 0.90052781 1.69266156
v -0.18086191 0.90499821 1.69883950
v -0.18362477 0.89776495 1.69436910
v -0.18076685 0.90970424 1.71156722
v -0.17789467 0.90218478 1.71621450
v -0.18256945 0.90946860 1.71606887
v -0.17809905 0.90670575 1.70883561
v -0.18076685 0.88582566 1.71156722
v -0.17789467 0.89334512 1.71621450
v -0.18256945 0.88606130 1.71606887
v -0.17809905 0.88882415 1.70883561
v -0.18814574 0.89038607 1.72350650
v -0.18062628 0.89503335 1.72063433
v -0.18533231 0.88776884 1.72053927
v -0.18809516 0.89500209 1.72500967
v -0.18086191 0.89053169 1.71883173
v -0.18814574 0.90514383 1.72350650
v -0.18062628 0.90049655 1.72063433
v -0.18533231 0.90776106 1.72053927
v -0.18809516 0.90052781 1.72500967
v -0.18086191 0.90499821 1.71883173
v -0.18362477 0.89776495 1.72330213
v -0.17620645 0.89776495 1.70418833
v -0.17620645 0.89776495 1.71348289
v -0.17639151 0.90223535 1.70607276
v -0.17639151 0.89329455 1.70607276
v -0.17639151 0.90223535 1.71159847
v -0.17639151 0.89329455 1.71159847
v -0.20436427 0.90970424 1.70610401
v -0.20723645 0.90218478 1.70145673
v -0.20256168 0.90946860 1.70160236
v -0.20436427 0.88582566 1.70610401
v -0.20723645 0.89334512 1.70145673
v -0.20256168 0.88606130 1.70160236
v -0.19698539 0.89038607 1.69416472
v -0.20450485 0.89503335 1.69703690
v -0.19979882 0.88776884 1.69713196
v -0.19703596 0.89500209 1.69266156
v -0.20426922 0.89053169 1.69883950
v -0.19698539 0.90514383 1.69416472
v -0.20450485 0.90049655 1.69703690
v -0.19979882 0.90776106 1.69713196
v -0.19703596 0.90052781 1.69266156
v -0.20426922 0.90499821 1.69883950
v -0.20150636 0.89776495 1.69436910
v -0.20436427 0.90970424 1.71156722
v -0.20723645 0.90218478 1.71621450
v -0.20256168 0.90946860 1.71606887
v -0.20703207 0.90670575 1.70883561
v -0.20436427 0.88582566 1.71156722
v -0.20723645 0.89334512 1.71621450
v -0.20256168 0.88606130 1.71606887
v -0.20703207 0.88882415 1.70883561
v -0.19698539 0.89038607 1.72350650
v -0.20450485 0.89503335 1.72063433
v -0.19979882 0.88776884 1.72053927
v -0.19703596 0.89500209 1.72500967
v -0.20426922 0.89053169 1.71883173
v -0.19698539 0.90514383 1.72350650
v -0.20450485 0.90049655 1.72063433
v -0.19979882 0.90776106 1.72053927
v -0.19703596 0.90052781 1.72500967
v -0.20426922 0.90499821 1.71883173
v -0.20150636 0.89776495 1.72330213
v -0.20892468 0.89776495 1.70418833
v -0.20892468 0.89776495 1.71348289
v -0.20873962 0.90223535 1.70607276
v -0.20873962 0.89329455 1.70607276
v -0.20873962 0.90223535 1.71159847
v -0.20873962 0.89329455 1.71159847
v 0.04264869 -0.21177308 1.58292908
v 0.06551190 -0.57925523 1.55734797
v 0.05040702 -0.20997345 1.56401079
v 0.07327022 -0.57745561 1.53842968
v 0.06930052 -0.20825249 1.55617457
v 0.09216372 -0.57573464 1.53059346
v 0.08826163 -0.20761830 1.56401079
v 0.11112483 -0.57510045 1.53842968
v 0.09618319 -0.20844239 1.58292908
v 0.11904640 -0.57592454 1.55734797
v 0.08842487 -0.21024202 1.60184738
v 0.11128807 -0.57772417 1.57626627
v 0.06953137 -0.21196298 1.60968359
v 0.09239457 -0.57944514 1.58410248
v 0.05057026 -0.21259717 1.60184738
v 0.07343346 -0.58007932 1.57626627
v 0.06941594 -0.21010773 1.58292908
v 0.09227915 -0.57758989 1.55734797
v 0.05116942 -0.18058424 1.58292908
v 0.08766247 -0.18058424 1.58292908
v 0.05116942 -0.23963123 1.58292908
v 0.08766247 -0.23963123 1.58292908
v 0.06941594 -0.22835426 1.61245258
v 0.06941594 -0.19186121 1.61245258
v 0.06941594 -0.22835426 1.55340559
v 0.06941594 -0.19186121 1.55340559
v 0.09893944 -0.21010773 1.56468256
v 0.09893944 -0.21010773 1.60117561
v 0.03989245 -0.21010773 1.56468256
v 0.03989245 -0.21010773 1.60117561
v 0.06941594 -0.17540079 1.58292908
v 0.06941594 -0.24481468 1.58292908
v 0.05869091 -0.23818625 1.60028256
v 0.08014098 -0.23818625 1.60028256
v 0.05869091 -0.18202922 1.60028256
v 0.08014098 -0.18202922 1.60028256
v 0.06941594 -0.21010773 1.61763603
v 0.05869091 -0.23818625 1.56557561
v 0.08014098 -0.23818625 1.56557561
v 0.05869091 -0.18202922 1.56557561
v 0.08014098 -0.18202922 1.56557561
v 0.06941594 -0.21010773 1.54822213
v 0.09749446 -0.19275426 1.57220405
v 0.09749446 -0.22746121 1.57220405
v 0.08676942 -0.22083277 1.55485057
v 0.08676942 -0.19938270 1.55485057
v 0.09749446 -0.19275426 1.59365412
v 0.09749446 -0.22746121 1.59365412
v 0.08676942 -0.22083277 1.61100759
v 0.08676942 -0.19938270 1.61100759
v 0.10412289 -0.21010773 1.58292908
v 0.04133743 -0.19275426 1.57220405
v 0.04133743 -0.22746121 1.57220405
v 0.05206247 -0.22083277 1.55485057
v 0.05206247 -0.19938270 1.55485057
v 0.04133743 -0.19275426 1.59365412
v 0.04133743 -0.22746121 1.59365412
v 0.05206247 -0.22083277 1.61100759
v 0.05206247 -0.19938270 1.61100759
v 0.03470900 -0.21010773 1.58292908
v 0.05993170 -0.17672179 1.58292908
v 0.07890019 -0.17672179 1.58292908
v 0.05993170 -0.24349368 1.58292908
v 0.07890019 -0.24349368 1.58292908
v 0.05435700 -0.24004833 1.59194914
v 0.06384124 -0.23418674 1.60729497
v 0.06377746 -0.24311600 1.59205234
v 0.08447489 -0.24004833 1.59194914
v 0.07499064 -0.23418674 1.60729497
v 0.07505443 -0.24311600 1.59205234
v 0.06941594 -0.23963123 1.60117561
v 0.05435700 -0.18016714 1.59194914
v 0.06384124 -0.18602873 1.60729497
v 0.06377746 -0.17709946 1.59205234
v 0.08447489 -0.18016714 1.59194914
v 0.07499064 -0.18602873 1.60729497
v 0.07505443 -0.17709946 1.59205234
v 0.06941594 -0.18058424 1.60117561
v 0.06941594 -0.21959198 1.61631503
v 0.06941594 -0.20062349 1.61631503
v 0.05435700 -0.24004833 1.57390903
v 0.06384124 -0.23418674 1.55856319
v 0.06377746 -0.24311600 1.57380582
v 0.08447489 -0.24004833 1.57390903
v 0.07499064 -0.23418674 1.55856319
v 0.07505443 -0.24311600 1.57380582
v 0.06941594 -0.23963123 1.56468256
v 0.05435700 -0.18016714 1.57390903
v 0.06384124 -0.18602873 1.55856319
v 0.06377746 -0.17709946 1.57380582
v 0.08447489 -0.18016714 1.57390903
v 0.07499064 -0.18602873 1.55856319
v 0.07505443 -0.17709946 1.57380582
v 0.06941594 -0.18058424 1.56468256
v 0.06941594 -0.21959198 1.54954314
v 0.06941594 -0.20062349 1.54954314
v 0.09349495 -0.18574184 1.57735438
v 0.09935653 -0.20108768 1.56787014
v 0.08981618 -0.18622273 1.56816734
v 0.09349495 -0.23447362 1.57735438
v 0.09935653 -0.21912779 1.56787014
v 0.08981618 -0.23399274 1.56816734
v 0.07843600 -0.22516668 1.55298849
v 0.09378183 -0.21568244 1.55885008
v 0.08417769 -0.23050797 1.55904408
v 0.07853921 -0.21574622 1.54992081
v 0.09330095 -0.22486948 1.56252885
v 0.07843600 -0.19504879 1.55298849
v 0.09378183 -0.20453303 1.55885008
v 0.08417769 -0.18970750 1.55904408
v 0.07853921 -0.20446925 1.54992081
v 0.09330095 -0.19534599 1.56252885
v 0.08766247 -0.21010773 1.55340559
v 0.09349495 -0.18574184 1.58850378
v 0.09935653 -0.20108768 1.59798803
v 0.08981618 -0.18622273 1.59769083
v 0.09893944 -0.19186121 1.58292908
v 0.09349495 -0.23447362 1.58850378
v 0.09935653 -0.21912779 1.59798803
v 0.08981618 -0.23399274 1.59769083
v 0.09893944 -0.22835426 1.58292908
v 0.07843600 -0.22516668 1.61286967
v 0.09378183 -0.21568244 1.60700809
v 0.08417769 -0.23050797 1.60681409
v 0.07853921 -0.21574622 1.61593735
v 0.09330095 -0.22486948 1.60332932
v 0.07843600 -0.19504879 1.61286967
v 0.09378183 -0.20453303 1.60700809
v 0.08417769 -0.18970750 1.60681409
v 0.07853921 -0.20446925 1.61593735
v 0.09330095 -0.19534599 1.60332932
v 0.08766247 -0.21010773 1.61245258
v 0.10280189 -0.21010773 1.57344484
v 0.10280189 -0.21010773 1.59241333
v 0.10242421 -0.20098447 1.57729060
v 0.10242421 -0.21923100 1.57729060
v 0.10242421 -0.20098447 1.58856757
v 0.10242421 -0.21923100 1.58856757
v 0.04533694 -0.18574184 1.57735438
v 0.03947535 -0.20108768 1.56787014
v 0.04901571 -0.18622273 1.56816734
v 0.04533694 -0.23447362 1.57735438
v 0.03947535 -0.21912779 1.56787014
v 0.04901571 -0.23399274 1.56816734
v 0.06039589 -0.22516668 1.55298849
v 0.04505005 -0.21568244 1.55885008
v 0.05465420 -0.23050797 1.55904408
v 0.06029268 -0.21574622 1.54992081
v 0.04553094 -0.22486948 1.56252885
v 0.06039589 -0.19504879 1.55298849
v 0.04505005 -0.20453303 1.55885008
v 0.05465420 -0.18970750 1.55904408
v 0.06029268 -0.20446925 1.54992081
v 0.04553094 -0.19534599 1.56252885
v 0.05116942 -0.21010773 1.55340559
v 0.04533694 -0.18574184 1.58850378
v 0.03947535 -0.20108768 1.59798803
v 0.04901571 -0.18622273 1.59769083
v 0.03989245 -0.19186121 1.58292908
v 0.04533694 -0.23447362 1.58850378
v 0.03947535 -0.21912779 1.59798803
v 0.04901571 -0.23399274 1.59769083
v 0.03989245 -0.22835426 1.58292908
v 0.06039589 -0.22516668 1.61286967
v 0.04505005 -0.21568244 1.60700809
v 0.05465420 -0.23050797 1.60681409
v 0.06029268 -0.21574622 1.61593735
v 0.04553094 -0.22486948 1.60332932
v 0.06039589 -0.19504879 1.61286967
v 0.04505005 -0.20453303 1.60700809
v 0.05465420 -0.18970750 1.60681409
v 0.06029268 -0.20446925 1.61593735
v 0.04553094 -0.19534599 1.60332932
v 0.05116942 -0.21010773 1.61245258
v 0.03603000 -0.21010773 1.57344484
v 0.03603000 -0.21010773 1.59241333
v 0.03640767 -0.20098447 1.57729060
v 0.03640767 -0.21923100 1.57729060
v 0.03640767 -0.20098447 1.58856757
v 0.03640767 -0.21923100 1.58856757
v 0.07387078 -0.57390629 1.55734797
v 0.01081274 -0.88903177 1.68898951
v 0.07827514 -0.57991922 1.54506388
v 0.01521710 -0.89504470 1.67670541
v 0.09088286 -0.58456766 1.53997564
v 0.02782482 -0.89969314 1.67161717
v 0.10430851 -0.58512862 1.54506388
v 0.04125047 -0.90025410 1.67670541
v 0.11068752 -0.58127349 1.55734797
v 0.04762948 -0.89639897 1.68898951
v 0.10628315 -0.57526055 1.56963207
v 0.04322511 -0.89038604 1.70127360
v 0.09367543 -0.57061212 1.57472031
v 0.03061739 -0.88573760 1.70636184
v 0.08024979 -0.57005116 1.56963207
v 0.01719175 -0.88517664 1.70127360
v 0.09227915 -0.57758989 1.55734797
v 0.02922111 -0.89271537 1.68898951
v 0.07950658 -0.55692344 1.55734797
v 0.10505171 -0.55692344 1.55734797
v 0.07950658 -0.59825633 1.55734797
v 0.10505171 -0.59825633 1.55734797
v 0.09227915 -0.59036245 1.57801442
v 0.09227915 -0.56481732 1.57801442
v 0.09227915 -0.59036245 1.53668153
v 0.09227915 -0.56481732 1.53668153
v 0.11294559 -0.57758989 1.54457541
v 0.11294559 -0.57758989 1.57012054
v 0.07161270 -0.57758989 1.54457541
v 0.07161270 -0.57758989 1.57012054
v 0.09227915 -0.55329502 1.55734797
v 0.09227915 -0.60188475 1.55734797
v 0.08477162 -0.59724485 1.56949541
v 0.09978667 -0.59724485 1.56949541
v 0.08477162 -0.55793493 1.56949541
v 0.09978667 -0.55793493 1.56949541
v 0.09227915 -0.57758989 1.58164284
v 0.08477162 -0.59724485 1.54520054
v 0.09978667 -0.59724485 1.54520054
v 0.08477162 -0.55793493 1.54520054
v 0.09978667 -0.55793493 1.54520054
v 0.09227915 -0.57758989 1.53305311
v 0.11193410 -0.56544246 1.54984045
v 0.11193410 -0.58973732 1.54984045
v 0.10442658 -0.58509741 1.53769302
v 0.10442658 -0.57008236 1.53769302
v 0.11193410 -0.56544246 1.56485550
v 0.11193410 -0.58973732 1.56485550
v 0.10442658 -0.58509741 1.57700293
v 0.10442658 -0.57008236 1.57700293
v 0.11657401 -0.57758989 1.55734797
v 0.07262419 -0.56544246 1.54984045
v 0.07262419 -0.58973732 1.54984045
v 0.08013171 -0.58509741 1.53769302
v 0.08013171 -0.57008236 1.53769302
v 0.07262419 -0.56544246 1.56485550
v 0.07262419 -0.58973732 1.56485550
v 0.08013171 -0.58509741 1.57700293
v 0.08013171 -0.57008236 1.57700293
v 0.06798428 -0.57758989 1.55734797
v 0.08564017 -0.55421973 1.55734797
v 0.09891812 -0.55421973 1.55734797
v 0.08564017 -0.60096005 1.55734797
v 0.09891812 -0.60096005 1.55734797
v 0.08173788 -0.59854830 1.56366201
v 0.08837686 -0.59444519 1.57440410
v 0.08833221 -0.60069568 1.56373426
v 0.10282041 -0.59854830 1.56366201
v 0.09618144 -0.59444519 1.57440410
v 0.09622609 -0.60069568 1.56373426
v 0.09227915 -0.59825633 1.57012054
v 0.08173788 -0.55663147 1.56366201
v 0.08837686 -0.56073459 1.57440410
v 0.08833221 -0.55448410 1.56373426
v 0.10282041 -0.55663147 1.56366201
v 0.09618144 -0.56073459 1.57440410
v 0.09622609 -0.55448410 1.56373426
v 0.09227915 -0.55692344 1.57012054
v 0.09227915 -0.58422886 1.58071814
v 0.09227915 -0.57095091 1.58071814
v 0.08173788 -0.59854830 1.55103393
v 0.08837686 -0.59444519 1.54029185
v 0.08833221 -0.60069568 1.55096169
v 0.10282041 -0.59854830 1.55103393
v 0.09618144 -0.59444519 1.54029185
v 0.09622609 -0.60069568 1.55096169
v 0.09227915 -0.59825633 1.54457541
v 0.08173788 -0.55663147 1.55103393
v 0.08837686 -0.56073459 1.54029185
v 0.08833221 -0.55448410 1.55096169
v 0.10282041 -0.55663147 1.55103393
v 0.09618144 -0.56073459 1.54029185
v 0.09622609 -0.55448410 1.55096169
v 0.09227915 -0.55692344 1.54457541
v 0.09227915 -0.58422886 1.53397781
v 0.09227915 -0.57095091 1.53397781
v 0.10913445 -0.56053376 1.55344568
v 0.11323756 -0.57127585 1.54680671
v 0.10655931 -0.56087038 1.54701475
v 0.10913445 -0.59464601 1.55344568
v 0.11323756 -0.58390393 1.54680671
v 0.10655931 -0.59430939 1.54701475
v 0.09859319 -0.58813115 1.53638956
v 0.10933527 -0.58149218 1.54049267
v 0.10261237 -0.59187005 1.54062847
v 0.09866543 -0.58153683 1.53424218
v 0.10899865 -0.58792311 1.54306781
v 0.09859319 -0.56704862 1.53638956
v 0.10933527 -0.57368760 1.54049267
v 0.10261237 -0.56330972 1.54062847
v 0.09866543 -0.57364295 1.53424218
v 0.10899865 -0.56725666 1.54306781
v 0.10505171 -0.57758989 1.53668153
v 0.10913445 -0.56053376 1.56125026
v 0.11323756 -0.57127585 1.56788924
v 0.10655931 -0.56087038 1.56768120
v 0.11294559 -0.56481732 1.55734797
v 0.10913445 -0.59464601 1.56125026
v 0.11323756 -0.58390393 1.56788924
v 0.10655931 -0.59430939 1.56768120
v 0.11294559 -0.59036245 1.55734797
v 0.09859319 -0.58813115 1.57830639
v 0.10933527 -0.58149218 1.57420328
v 0.10261237 -0.59187005 1.57406748
v 0.09866543 -0.58153683 1.58045376
v 0.10899865 -0.58792311 1.57162814
v 0.09859319 -0.56704862 1.57830639
v 0.10933527 -0.57368760 1.57420328
v 0.10261237 -0.56330972 1.57406748
v 0.09866543 -0.57364295 1.58045376
v 0.10899865 -0.56725666 1.57162814
v 0.10505171 -0.57758989 1.57801442
v 0.11564931 -0.57758989 1.55070900
v 0.11564931 -0.57758989 1.56398695
v 0.11538494 -0.57120360 1.55340103
v 0.11538494 -0.58397617 1.55340103
v 0.11538494 -0.57120360 1.56129491
v 0.11538494 -0.58397617 1.56129491
v 0.07542384 -0.56053376 1.55344568
v 0.07132073 -0.57127585 1.54680671
v 0.07799898 -0.56087038 1.54701475
v 0.07542384 -0.59464601 1.55344568
v 0.07132073 -0.58390393 1.54680671
v 0.07799898 -0.59430939 1.54701475
v 0.08596511 -0.58813115 1.53638956
v 0.07522302 -0.58149218 1.54049267
v 0.08194592 -0.59187005 1.54062847
v 0.08589286 -0.58153683 1.53424218
v 0.07555964 -0.58792311 1.54306781
v 0.08596511 -0.56704862 1.53638956
v 0.07522302 -0.57368760 1.54049267
v 0.08194592 -0.56330972 1.54062847
v 0.08589286 -0.57364295 1.53424218
v 0.07555964 -0.56725666 1.54306781
v 0.07950658 -0.57758989 1.53668153
v 0.07542384 -0.56053376 1.56125026
v 0.07132073 -0.57127585 1.56788924
v 0.07799898 -0.56087038 1.56768120
v 0.07161270 -0.56481732 1.55734797
v 0.07542384 -0.59464601 1.56125026
v 0.07132073 -0.58390393 1.56788924
v 0.07799898 -0.59430939 1.56768120
v 0.07161270 -0.59036245 1.55734797
v 0.08596511 -0.58813115 1.57830639
v 0.07522302 -0.58149218 1.57420328
v 0.08194592 -0.59187005 1.57406748
v 0.08589286 -0.58153683 1.58045376
v 0.07555964 -0.58792311 1.57162814
v 0.08596511 -0.56704862 1.57830639
v 0.07522302 -0.57368760 1.57420328
v 0.08194592 -0.56330972 1.57406748
v 0.08589286 -0.57364295 1.58045376
v 0.07555964 -0.56725666 1.57162814
v 0.07950658 -0.57758989 1.57801442
v 0.06890899 -0.57758989 1.55070900
v 0.06890899 -0.57758989 1.56398695
v 0.06917336 -0.57120360 1.55340103
v 0.06917336 -0.58397617 1.55340103
v 0.06917336 -0.57120360 1.56129491
v 0.06917336 -0.58397617 1.56129491
v 0.02028031 -0.87824886 1.68898951
v 0.03816190 -0.87824886 1.68898951
v 0.02028031 -0.90718188 1.68898951
v 0.03816190 -0.90718188 1.68898951
v 0.02922111 -0.90165617 1.70345602
v 0.02922111 -0.88377457 1.70345602
v 0.02922111 -0.90165617 1.67452300
v 0.02922111 -0.88377457 1.67452300
v 0.04368762 -0.89271537 1.68004871
v 0.04368762 -0.89271537 1.69793030
v 0.01475460 -0.89271537 1.68004871
v 0.01475460 -0.89271537 1.69793030
v 0.02922111 -0.87570896 1.68898951
v 0.02922111 -0.90972177 1.68898951
v 0.02396584 -0.90647384 1.69749271
v 0.03447638 -0.90647384 1.69749271
v 0.02396584 -0.87895690 1.69749271
v 0.03447638 -0.87895690 1.69749271
v 0.02922111 -0.89271537 1.70599591
v 0.02396584 -0.90647384 1.68048631
v 0.03447638 -0.90647384 1.68048631
v 0.02396584 -0.87895690 1.68048631
v 0.03447638 -0.87895690 1.68048631
v 0.02922111 -0.89271537 1.67198310
v 0.04297958 -0.88421217 1.68373424
v 0.04297958 -0.90121857 1.68373424
v 0.03772431 -0.89797064 1.67523104
v 0.03772431 -0.88746010 1.67523104
v 0.04297958 -0.88421217 1.69424478
v 0.04297958 -0.90121857 1.69424478
v 0.03772431 -0.89797064 1.70274798
v 0.03772431 -0.88746010 1.70274798
v 0.04622751 -0.89271537 1.68898951
v 0.01546264 -0.88421217 1.68373424
v 0.01546264 -0.90121857 1.68373424
v 0.02071790 -0.89797064 1.67523104
v 0.02071790 -0.88746010 1.67523104
v 0.01546264 -0.88421217 1.69424478
v 0.01546264 -0.90121857 1.69424478
v 0.02071790 -0.89797064 1.70274798
v 0.02071790 -0.88746010 1.70274798
v 0.01221470 -0.89271537 1.68898951
v 0.02457383 -0.87635626 1.68898951
v 0.03386839 -0.87635626 1.68898951
v 0.02457383 -0.90907448 1.68898951
v 0.03386839 -0.90907448 1.68898951
v 0.02184222 -0.90738626 1.69340933
v 0.02648950 -0.90451408 1.70092879
v 0.02645825 -0.90888942 1.69345991
v 0.03659999 -0.90738626 1.69340933
v 0.03195271 -0.90451408 1.70092879
v 0.03198397 -0.90888942 1.69345991
v 0.02922111 -0.90718188 1.69793030
v 0.02184222 -0.87804448 1.69340933
v 0.02648950 -0.88091666 1.70092879
v 0.02645825 -0.87654132 1.69345991
v 0.03659999 -0.87804448 1.69340933
v 0.03195271 -0.88091666 1.70092879
v 0.03198397 -0.87654132 1.69345991
v 0.02922111 -0.87824886 1.69793030
v 0.02922111 -0.89736265 1.70534862
v 0.02922111 -0.88806809 1.70534862
v 0.02184222 -0.90738626 1.68456968
v 0.02648950 -0.90451408 1.67705022
v 0.02645825 -0.90888942 1.68451911
v 0.03659999 -0.90738626 1.68456968
v 0.03195271 -0.90451408 1.67705022
v 0.03198397 -0.90888942 1.68451911
v 0.02922111 -0.90718188 1.68004871
v 0.02184222 -0.87804448 1.68456968
v 0.02648950 -0.88091666 1.67705022
v 0.02645825 -0.87654132 1.68451911
v 0.03659999 -0.87804448 1.68456968
v 0.03195271 -0.88091666 1.67705022
v 0.03198397 -0.87654132 1.68451911
v 0.02922111 -0.87824886 1.68004871
v 0.02922111 -0.89736265 1.67263039
v 0.02922111 -0.88806809 1.67263039
v 0.04101982 -0.88077608 1.68625790
v 0.04389200 -0.88829554 1.68161062
v 0.03921722 -0.88101171 1.68175625
v 0.04101982 -0.90465466 1.68625790
v 0.04389200 -0.89713520 1.68161062
v 0.03921722 -0.90441902 1.68175625
v 0.03364093 -0.90009425 1.67431862
v 0.04116039 -0.89544697 1.67719080
v 0.03645436 -0.90271148 1.67728585
v 0.03369151 -0.89547823 1.67281546
v 0.04092476 -0.89994863 1.67899339
v 0.03364093 -0.88533648 1.67431862
v 0.04116039 -0.88998377 1.67719080
v 0.03645436 -0.88271925 1.67728585
v 0.03369151 -0.88995251 1.67281546
v 0.04092476 -0.88548211 1.67899339
v 0.03816190 -0.89271537 1.67452300
v 0.04101982 -0.88077608 1.69172111
v 0.04389200 -0.88829554 1.69636839
v 0.03921722 -0.88101171 1.69622276
v 0.04368762 -0.88377457 1.68898951
v 0.04101982 -0.90465466 1.69172111
v 0.04389200 -0.89713520 1.69636839
v 0.03921722 -0.90441902 1.69622276
v 0.04368762 -0.90165617 1.68898951
v 0.03364093 -0.90009425 1.70366040
v 0.04116039 -0.89544697 1.70078822
v 0.03645436 -0.90271148 1.70069316
v 0.03369151 -0.89547823 1.70516356
v 0.04092476 -0.89994863 1.69898562
v 0.03364093 -0.88533648 1.70366040
v 0.04116039 -0.88998377 1.70078822
v 0.03645436 -0.88271925 1.70069316
v 0.03369151 -0.88995251 1.70516356
v 0.04092476 -0.88548211 1.69898562
v 0.03816190 -0.89271537 1.70345602
v 0.04558022 -0.89271537 1.68434223
v 0.04558022 -0.89271537 1.69363679
v 0.04539516 -0.88824497 1.68622665
v 0.04539516 -0.89718577 1.68622665
v 0.04539516 -0.88824497 1.69175237
v 0.04539516 -0.89718577 1.69175237
v 0.01742240 -0.88077608 1.68625790
v 0.01455022 -0.88829554 1.68161062
v 0.01922499 -0.88101171 1.68175625
v 0.01742240 -0.90465466 1.68625790
v 0.01455022 -0.89713520 1.68161062
v 0.01922499 -0.90441902 1.68175625
v 0.02480128 -0.90009425 1.67431862
v 0.01728182 -0.89544697 1.67719080
v 0.02198785 -0.90271148 1.67728585
v 0.02475071 -0.89547823 1.67281546
v 0.01751745 -0.89994863 1.67899339
v 0.02480128 -0.88533648 1.67431862
v 0.01728182 -0.88998377 1.67719080
v 0.02198785 -0.88271925 1.67728585
v 0.02475071 -0.88995251 1.67281546
v 0.01751745 -0.88548211 1.67899339
v 0.02028031 -0.89271537 1.67452300
v 0.01742240 -0.88077608 1.69172111
v 0.01455022 -0.88829554 1.69636839
v 0.01922499 -0.88101171 1.69622276
v 0.01475460 -0.88377457 1.68898951
v 0.01742240 -0.90465466 1.69172111
v 0.01455022 -0.89713520 1.69636839
v 0.01922499 -0.90441902 1.69622276
v 0.01475460 -0.90165617 1.68898951
v 0.02480128 -0.90009425 1.70366040
v 0.01728182 -0.89544697 1.70078822
v 0.02198785 -0.90271148 1.70069316
v 0.02475071 -0.89547823 1.70516356
v 0.01751745 -0.89994863 1.69898562
v 0.02480128 -0.88533648 1.70366040
v 0.01728182 -0.88998377 1.70078822
v 0.02198785 -0.88271925 1.70069316
v 0.02475071 -0.88995251 1.70516356
v 0.01751745 -0.88548211 1.69898562
v 0.02028031 -0.89271537 1.70345602
v 0.01286199 -0.89271537 1.68434223
v 0.01286199 -0.89271537 1.69363679
v 0.01304706 -0.88824497 1.68622665
v 0.01304706 -0.89718577 1.68622665
v 0.01304706 -0.88824497 1.69175237
v 0.01304706 -0.89718577 1.69175237
v -0.22677888 0.96828534 1.72763578
v -0.20330226 0.96828534 1.72763578
v -0.22677888 0.93029937 1.72763578
v -0.20330226 0.93029937 1.72763578
v -0.21504057 0.93755404 1.74662877
v -0.21504057 0.96103067 1.74662877
v -0.21504057 0.93755404 1.70864279
v -0.21504057 0.96103067 1.70864279
v -0.19604758 0.94929236 1.71589747
v -0.19604758 0.94929236 1.73937409
v -0.23403356 0.94929236 1.71589747
v -0.23403356 0.94929236 1.73937409
v -0.21504057 0.97161995 1.72763578
v -0.21504057 0.92696476 1.72763578
v -0.22194017 0.93122895 1.73879958
v -0.20814096 0.93122895 1.73879958
v -0.22194017 0.96735576 1.73879958
v -0.20814096 0.96735576 1.73879958
v -0.21504057 0.94929236 1.74996338
v -0.22194017 0.93122895 1.71647198
v -0.20814096 0.93122895 1.71647198
v -0.22194017 0.96735576 1.71647198
v -0.20814096 0.96735576 1.71647198
v -0.21504057 0.94929236 1.70530818
v -0.19697716 0.96045615 1.72073617
v -0.19697716 0.93812856 1.72073617
v -0.20387677 0.94239275 1.70957238
v -0.20387677 0.95619196 1.70957238
v -0.19697716 0.96045615 1.73453539
v -0.19697716 0.93812856 1.73453539
v -0.20387677 0.94239275 1.74569918
v -0.20387677 0.95619196 1.74569918
v -0.19271297 0.94929236 1.72763578
v -0.23310397 0.96045615 1.72073617
v -0.23310397 0.93812856 1.72073617
v -0.22620437 0.94239275 1.70957238
v -0.22620437 0.95619196 1.70957238
v -0.23310397 0.96045615 1.73453539
v -0.23310397 0.93812856 1.73453539
v -0.22620437 0.94239275 1.74569918
v -0.22620437 0.95619196 1.74569918
v -0.23736816 0.94929236 1.72763578
v -0.22114195 0.97077013 1.72763578
v -0.20893918 0.97077013 1.72763578
v -0.22114195 0.92781459 1.72763578
v -0.20893918 0.92781459 1.72763578
v -0.22472826 0.93003104 1.73343854
v -0.21862687 0.93380191 1.74331079
v -0.21866791 0.92805755 1.73350494
v -0.20535288 0.93003104 1.73343854
v -0.21145426 0.93380191 1.74331079
v -0.21141323 0.92805755 1.73350494
v -0.21504057 0.93029937 1.73937409
v -0.22472826 0.96855367 1.73343854
v -0.21862687 0.96478281 1.74331079
v -0.21866791 0.97052716 1.73350494
v -0.20535288 0.96855367 1.73343854
v -0.21145426 0.96478281 1.74331079
v -0.21141323 0.97052716 1.73350494
v -0.21504057 0.96828534 1.73937409
v -0.21504057 0.94319097 1.74911355
v -0.21504057 0.95539374 1.74911355
v -0.22472826 0.93003104 1.72183302
v -0.21862687 0.93380191 1.71196077
v -0.21866791 0.92805755 1.72176662
v -0.20535288 0.93003104 1.72183302
v -0.21145426 0.93380191 1.71196077
v -0.21141323 0.92805755 1.72176662
v -0.21504057 0.93029937 1.71589747
v -0.22472826 0.96855367 1.72183302
v -0.21862687 0.96478281 1.71196077
v -0.21866791 0.97052716 1.72176662
v -0.20535288 0.96855367 1.72183302
v -0.21145426 0.96478281 1.71196077
v -0.21141323 0.97052716 1.72176662
v -0.21504057 0.96828534 1.71589747
v -0.21504057 0.94319097 1.70615801
v -0.21504057 0.95539374 1.70615801
v -0.19955012 0.96496737 1.72404948
v -0.19577925 0.95509512 1.71794809
v -0.20191674 0.96465801 1.71813929
v -0.19955012 0.93361735 1.72404948
v -0.19577925 0.94348960 1.71794809
v -0.20191674 0.93392671 1.71813929
v -0.20923781 0.93960467 1.70837447
v -0.19936556 0.94570605 1.71214533
v -0.20554407 0.93616852 1.71227013
v -0.20917141 0.94566502 1.70640097
v -0.19967492 0.93979586 1.71451195
v -0.20923781 0.95898005 1.70837447
v -0.19936556 0.95287866 1.71214533
v -0.20554407 0.96241619 1.71227013
v -0.20917141 0.95291969 1.70640097
v -0.19967492 0.95878885 1.71451195
v -0.20330226 0.94929236 1.70864279
v -0.19955012 0.96496737 1.73122208
v -0.19577925 0.95509512 1.73732347
v -0.20191674 0.96465801 1.73713227
v -0.19604758 0.96103067 1.72763578
v -0.19955012 0.93361735 1.73122208
v -0.19577925 0.94348960 1.73732347
v -0.20191674 0.93392671 1.73713227
v -0.19604758 0.93755404 1.72763578
v -0.20923781 0.93960467 1.74689709
v -0.19936556 0.94570605 1.74312623
v -0.20554407 0.93616852 1.74300143
v -0.20917141 0.94566502 1.74887059
v -0.19967492 0.93979586 1.74075961
v -0.20923781 0.95898005 1.74689709
v -0.19936556 0.95287866 1.74312623
v -0.20554407 0.96241619 1.74300143
v -0.20917141 0.95291969 1.74887059
v -0.19967492 0.95878885 1.74075961
v -0.20330226 0.94929236 1.74662877
v -0.19356280 0.94929236 1.72153440
v -0.19356280 0.94929236 1.73373716
v -0.19380576 0.95516151 1.72400844
v -0.19380576 0.94342320 1.72400844
v -0.19380576 0.95516151 1.73126312
v -0.19380576 0.94342320 1.73126312
v -0.23053102 0.96496737 1.72404948
v -0.23430188 0.95509512 1.71794809
v -0.22816440 0.96465801 1.71813929
v -0.23053102 0.93361735 1.72404948
v -0.23430188 0.94348960 1.71794809
v -0.22816440 0.93392671 1.71813929
v -0.22084333 0.93960467 1.70837447
v -0.23071558 0.94570605 1.71214533
v -0.22453706 0.93616852 1.71227013
v -0.22090972 0.94566502 1.70640097
v -0.23040622 0.93979586 1.71451195
v -0.22084333 0.95898005 1.70837447
v -0.23071558 0.95287866 1.71214533
v -0.22453706 0.96241619 1.71227013
v -0.22090972 0.95291969 1.70640097
v -0.23040622 0.95878885 1.71451195
v -0.22677888 0.94929236 1.70864279
v -0.23053102 0.96496737 1.73122208
v -0.23430188 0.95509512 1.73732347
v -0.22816440 0.96465801 1.73713227
v -0.23403356 0.96103067 1.72763578
v -0.23053102 0.93361735 1.73122208
v -0.23430188 0.94348960 1.73732347
v -0.22816440 0.93392671 1.73713227
v -0.23403356 0.93755404 1.72763578
v -0.22084333 0.93960467 1.74689709
v -0.23071558 0.94570605 1.74312623
v -0.22453706 0.93616852 1.74300143
v -0.22090972 0.94566502 1.74887059
v -0.23040622 0.93979586 1.74075961
v -0.22084333 0.95898005 1.74689709
v -0.23071558 0.95287866 1.74312623
v -0.22453706 0.96241619 1.74300143
v -0.22090972 0.95291969 1.74887059
v -0.23040622 0.95878885 1.74075961
v -0.22677888 0.94929236 1.74662877
v -0.23651834 0.94929236 1.72153440
v -0.23651834 0.94929236 1.73373716
v -0.23627537 0.95516151 1.72400844
v -0.23627537 0.94342320 1.72400844
v -0.23627537 0.95516151 1.73126312
v -0.23627537 0.94342320 1.73126312
v -0.18702394 0.89994230 1.70883561
v -0.21802661 0.97884791 1.72239667
v -0.18889023 0.89992351 1.70467833
v -0.21989290 0.97882911 1.71823939
v -0.19290948 0.89864026 1.70295633
v -0.22391215 0.97754587 1.71651739
v -0.19672727 0.89684427 1.70467833
v -0.22772993 0.97574988 1.71823939
v -0.19810718 0.89558760 1.70883561
v -0.22910985 0.97449321 1.72239667
v -0.19624090 0.89560639 1.71299289
v -0.22724356 0.97451200 1.72655396
v -0.19222165 0.89688964 1.71471490
v -0.22322431 0.97579524 1.72827596
v -0.18840386 0.89868563 1.71299289
v -0.21940653 0.97759124 1.72655396
v -0.19256556 0.89776495 1.70883561
v -0.22356823 0.97667056 1.72239667
v -0.22748100 0.98300155 1.72239667
v -0.21965546 0.98300155 1.72239667
v -0.22748100 0.97033956 1.72239667
v -0.21965546 0.97033956 1.72239667
v -0.22356823 0.97275779 1.72872767
v -0.22356823 0.98058333 1.72872767
v -0.22356823 0.97275779 1.71606568
v -0.22356823 0.98058333 1.71606568
v -0.21723723 0.97667056 1.71848390
v -0.21723723 0.97667056 1.72630945
v -0.22989923 0.97667056 1.71848390
v -0.22989923 0.97667056 1.72630945
v -0.22356823 0.98411309 1.72239667
v -0.22356823 0.96922802 1.72239667
v -0.22586810 0.97064942 1.72611794
v -0.22126836 0.97064942 1.72611794
v -0.22586810 0.98269169 1.72611794
v -0.22126836 0.98269169 1.72611794
v -0.22356823 0.97667056 1.72983921
v -0.22586810 0.97064942 1.71867541
v -0.22126836 0.97064942 1.71867541
v -0.22586810 0.98269169 1.71867541
v -0.22126836 0.98269169 1.71867541
v -0.22356823 0.97667056 1.71495414
v -0.21754709 0.98039182 1.72009681
v -0.21754709 0.97294929 1.72009681
v -0.21984696 0.97437069 1.71637554
v -0.21984696 0.97897043 1.71637554
v -0.21754709 0.98039182 1.72469654
v -0.21754709 0.97294929 1.72469654
v -0.21984696 0.97437069 1.72841781
v -0.21984696 0.97897043 1.72841781
v -0.21612570 0.97667056 1.72239667
v -0.22958936 0.98039182 1.72009681
v -0.22958936 0.97294929 1.72009681
v -0.22728950 0.97437069 1.71637554
v -0.22728950 0.97897043 1.71637554
v -0.22958936 0.98039182 1.72469654
v -0.22958936 0.97294929 1.72469654
v -0.22728950 0.97437069 1.72841781
v -0.22728950 0.97897043 1.72841781
v -0.23101076 0.97667056 1.72239667
v -0.22560202 0.98382981 1.72239667
v -0.22153443 0.98382981 1.72239667
v -0.22560202 0.96951130 1.72239667
v -0.22153443 0.96951130 1.72239667
v -0.22679746 0.97025012 1.72433093
v -0.22476366 0.97150707 1.72762168
v -0.22477734 0.96959229 1.72435306
v -0.22033900 0.97025012 1.72433093
v -0.22237279 0.97150707 1.72762168
v -0.22235912 0.96959229 1.72435306
v -0.22356823 0.97033956 1.72630945
v -0.22679746 0.98309099 1.72433093
v -0.22476366 0.98183404 1.72762168
v -0.22477734 0.98374883 1.72435306
v -0.22033900 0.98309099 1.72433093
v -0.22237279 0.98183404 1.72762168
v -0.22235912 0.98374883 1.72435306
v -0.22356823 0.98300155 1.72630945
v -0.22356823 0.97463676 1.72955593
v -0.22356823 0.97870435 1.72955593
v -0.22679746 0.97025012 1.72046242
v -0.22476366 0.97150707 1.71717167
v -0.22477734 0.96959229 1.72044029
v -0.22033900 0.97025012 1.72046242
v -0.22237279 0.97150707 1.71717167
v -0.22235912 0.96959229 1.72044029
v -0.22356823 0.97033956 1.71848390
v -0.22679746 0.98309099 1.72046242
v -0.22476366 0.98183404 1.71717167
v -0.22477734 0.98374883 1.72044029
v -0.22033900 0.98309099 1.72046242
v -0.22237279 0.98183404 1.71717167
v -0.22235912 0.98374883 1.72044029
v -0.22356823 0.98300155 1.71848390
v -0.22356823 0.97463676 1.71523742
v -0.22356823 0.97870435 1.71523742
v -0.21840475 0.98189556 1.72120124
v -0.21714779 0.97860481 1.71916745
v -0.21919362 0.98179244 1.71923118
v -0.21840475 0.97144555 1.72120124
v -0.21714779 0.97473630 1.71916745
v -0.21919362 0.97154867 1.71923118
v -0.22163398 0.97344133 1.71597624
v -0.21834323 0.97547512 1.71723319
v -0.22040273 0.97229595 1.71727479
v -0.22161184 0.97546144 1.71531841
v -0.21844635 0.97350506 1.71802206
v -0.22163398 0.97989979 1.71597624
v -0.21834323 0.97786599 1.71723319
v -0.22040273 0.98104517 1.71727479
v -0.22161184 0.97787967 1.71531841
v -0.21844635 0.97983605 1.71802206
v -0.21965546 0.97667056 1.71606568
v -0.21840475 0.98189556 1.72359211
v -0.21714779 0.97860481 1.72562590
v -0.21919362 0.98179244 1.72556217
v -0.21723723 0.98058333 1.72239667
v -0.21840475 0.97144555 1.72359211
v -0.21714779 0.97473630 1.72562590
v -0.21919362 0.97154867 1.72556217
v -0.21723723 0.97275779 1.72239667
v -0.22163398 0.97344133 1.72881711
v -0.21834323 0.97547512 1.72756016
v -0.22040273 0.97229595 1.72751856
v -0.22161184 0.97546144 1.72947494
v -0.21844635 0.97350506 1.72677129
v -0.22163398 0.97989979 1.72881711
v -0.21834323 0.97786599 1.72756016
v -0.22040273 0.98104517 1.72751856
v -0.22161184 0.97787967 1.72947494
v -0.21844635 0.97983605 1.72677129
v -0.21965546 0.97667056 1.72872767
v -0.21640897 0.97667056 1.72036288
v -0.21640897 0.97667056 1.72443047
v -0.21648996 0.97862694 1.72118756
v -0.21648996 0.97471417 1.72118756
v -0.21648996 0.97862694 1.72360579
v -0.21648996 0.97471417 1.72360579
v -0.22873171 0.98189556 1.72120124
v -0.22998867 0.97860481 1.71916745
v -0.22794284 0.98179244 1.71923118
v -0.22873171 0.97144555 1.72120124
v -0.22998867 0.97473630 1.71916745
v -0.22794284 0.97154867 1.71923118
v -0.22550248 0.97344133 1.71597624
v -0.22879323 0.97547512 1.71723319
v -0.22673373 0.97229595 1.71727479
v -0.22552461 0.97546144 1.71531841
v -0.22869011 0.97350506 1.71802206
v -0.22550248 0.97989979 1.71597624
v -0.22879323 0.97786599 1.71723319
v -0.22673373 0.98104517 1.71727479
v -0.22552461 0.97787967 1.71531841
v -0.22869011 0.97983605 1.71802206
v -0.22748100 0.97667056 1.71606568
v -0.22873171 0.98189556 1.72359211
v -0.22998867 0.97860481 1.72562590
v -0.22794284 0.98179244 1.72556217
v -0.22989923 0.98058333 1.72239667
v -0.22873171 0.97144555 1.72359211
v -0.22998867 0.97473630 1.72562590
v -0.22794284 0.97154867 1.72556217
v -0.22989923 0.97275779 1.72239667
v -0.22550248 0.97344133 1.72881711
v -0.22879323 0.97547512 1.72756016
v -0.22673373 0.97229595 1.72751856
v -0.22552461 0.97546144 1.72947494
v -0.22869011 0.97350506 1.72677129
v -0.22550248 0.97989979 1.72881711
v -0.22879323 0.97786599 1.72756016
v -0.22673373 0.98104517 1.72751856
v -0.22552461 0.97787967 1.72947494
v -0.22869011 0.97983605 1.72677129
v -0.22748100 0.97667056 1.72872767
v -0.23072749 0.97667056 1.72036288
v -0.23072749 0.97667056 1.72443047
v -0.23064650 0.97862694 1.72118756
v -0.23064650 0.97471417 1.72118756
v -0.23064650 0.97862694 1.72360579
v -0.23064650 0.97471417 1.72360579
v -0.18699579 0.89986925 1.70883561
v -0.22038661 0.98824964 1.73918852
v -0.18908227 0.90045757 1.70482726
v -0.22247309 0.98883796 1.73518017
v -0.19320921 0.89946859 1.70316695
v -0.22660003 0.98784898 1.73351986
v -0.19695911 0.89748164 1.70482726
v -0.23034993 0.98586203 1.73518017
v -0.19813533 0.89566065 1.70883561
v -0.23152615 0.98404104 1.73918852
v -0.19604886 0.89507233 1.71284396
v -0.22943967 0.98345272 1.74319687
v -0.19192191 0.89606131 1.71450428
v -0.22531273 0.98444170 1.74485719
v -0.18817201 0.89804826 1.71284396
v -0.22156283 0.98642865 1.74319687
v -0.19256556 0.89776495 1.70883561
v -0.22595638 0.98614534 1.73918852
v -0.22986915 0.99247634 1.73918852
v -0.22204361 0.99247634 1.73918852
v -0.22986915 0.97981435 1.73918852
v -0.22204361 0.97981435 1.73918852
v -0.22595638 0.98223257 1.74551952
v -0.22595638 0.99005811 1.74551952
v -0.22595638 0.98223257 1.73285753
v -0.22595638 0.99005811 1.73285753
v -0.21962539 0.98614534 1.73527575
v -0.21962539 0.98614534 1.74310129
v -0.23228738 0.98614534 1.73527575
v -0.23228738 0.98614534 1.74310129
v -0.22595638 0.99358787 1.73918852
v -0.22595638 0.97870281 1.73918852
v -0.22825625 0.98012421 1.74290979
v -0.22365651 0.98012421 1.74290979
v -0.22825625 0.99216648 1.74290979
v -0.22365651 0.99216648 1.74290979
v -0.22595638 0.98614534 1.74663106
v -0.22825625 0.98012421 1.73546726
v -0.22365651 0.98012421 1.73546726
v -0.22825625 0.99216648 1.73546726
v -0.22365651 0.99216648 1.73546726
v -0.22595638 0.98614534 1.73174599
v -0.21993525 0.98986661 1.73688865
v -0.21993525 0.98242408 1.73688865
v -0.22223511 0.98384547 1.73316739
v -0.22223511 0.98844521 1.73316739
v -0.21993525 0.98986661 1.74148839
v -0.21993525 0.98242408 1.74148839
v -0.22223511 0.98384547 1.74520966
v -0.22223511 0.98844521 1.74520966
v -0.21851385 0.98614534 1.73918852
v -0.23197752 0.98986661 1.73688865
v -0.23197752 0.98242408 1.73688865
v -0.22967765 0.98384547 1.73316739
v -0.22967765 0.98844521 1.73316739
v -0.23197752 0.98986661 1.74148839
v -0.23197752 0.98242408 1.74148839
v -0.22967765 0.98384547 1.74520966
v -0.22967765 0.98844521 1.74520966
v -0.23339891 0.98614534 1.73918852
v -0.22799018 0.99330460 1.73918852
v -0.22392259 0.99330460 1.73918852
v -0.22799018 0.97898608 1.73918852
v -0.22392259 0.97898608 1.73918852
v -0.22918561 0.97972490 1.74112278
v -0.22715182 0.98098186 1.74441353
v -0.22716549 0.97906707 1.74114491
v -0.22272715 0.97972490 1.74112278
v -0.22476095 0.98098186 1.74441353
v -0.22474727 0.97906707 1.74114491
v -0.22595638 0.97981435 1.74310129
v -0.22918561 0.99256578 1.74112278
v -0.22715182 0.99130882 1.74441353
v -0.22716549 0.99322361 1.74114491
v -0.22272715 0.99256578 1.74112278
v -0.22476095 0.99130882 1.74441353
v -0.22474727 0.99322361 1.74114491
v -0.22595638 0.99247634 1.74310129
v -0.22595638 0.98411155 1.74634778
v -0.22595638 0.98817914 1.74634778
v -0.22918561 0.97972490 1.73725427
v -0.22715182 0.98098186 1.73396352
v -0.22716549 0.97906707 1.73723214
v -0.22272715 0.97972490 1.73725427
v -0.22476095 0.98098186 1.73396352
v -0.22474727 0.97906707 1.73723214
v -0.22595638 0.97981435 1.73527575
v -0.22918561 0.99256578 1.73725427
v -0.22715182 0.99130882 1.73396352
v -0.22716549 0.99322361 1.73723214
v -0.22272715 0.99256578 1.73725427
v -0.22476095 0.99130882 1.73396352
v -0.22474727 0.99322361 1.73723214
v -0.22595638 0.99247634 1.73527575
v -0.22595638 0.98411155 1.73202927
v -0.22595638 0.98817914 1.73202927
v -0.22079290 0.99137034 1.73799309
v -0.21953594 0.98807960 1.73595929
v -0.22158177 0.99126722 1.73602303
v -0.22079290 0.98092034 1.73799309
v -0.21953594 0.98421109 1.73595929
v -0.22158177 0.98102346 1.73602303
v -0.22402213 0.98291611 1.73276809
v -0.22073138 0.98494991 1.73402504
v -0.22279088 0.98177073 1.73406664
v -0.22400000 0.98493623 1.73211026
v -0.22083450 0.98297984 1.73481391
v -0.22402213 0.98937457 1.73276809
v -0.22073138 0.98734078 1.73402504
v -0.22279088 0.99051995 1.73406664
v -0.22400000 0.98735445 1.73211026
v -0.22083450 0.98931084 1.73481391
v -0.22204361 0.98614534 1.73285753
v -0.22079290 0.99137034 1.74038396
v -0.21953594 0.98807960 1.74241775
v -0.22158177 0.99126722 1.74235402
v -0.21962539 0.99005811 1.73918852
v -0.22079290 0.98092034 1.74038396
v -0.21953594 0.98421109 1.74241775
v -0.22158177 0.98102346 1.74235402
v -0.21962539 0.98223257 1.73918852
v -0.22402213 0.98291611 1.74560896
v -0.22073138 0.98494991 1.74435201
v -0.22279088 0.98177073 1.74431041
v -0.22400000 0.98493623 1.74626679
v -0.22083450 0.98297984 1.74356313
v -0.22402213 0.98937457 1.74560896
v -0.22073138 0.98734078 1.74435201
v -0.22279088 0.99051995 1.74431041
v -0.22400000 0.98735445 1.74626679
v -0.22083450 0.98931084 1.74356313
v -0.22204361 0.98614534 1.74551952
v -0.21879712 0.98614534 1.73715473
v -0.21879712 0.98614534 1.74122232
v -0.21887811 0.98810173 1.73797941
v -0.21887811 0.98418896 1.73797941
v -0.21887811 0.98810173 1.74039764
v -0.21887811 0.98418896 1.74039764
v -0.23111986 0.99137034 1.73799309
v -0.23237682 0.98807960 1.73595929
v -0.23033099 0.99126722 1.73602303
v -0.23111986 0.98092034 1.73799309
v -0.23237682 0.98421109 1.73595929
v -0.23033099 0.98102346 1.73602303
v -0.22789063 0.98291611 1.73276809
v -0.23118138 0.98494991 1.73402504
v -0.22912188 0.98177073 1.73406664
v -0.22791277 0.98493623 1.73211026
v -0.23107826 0.98297984 1.73481391
v -0.22789063 0.98937457 1.73276809
v -0.23118138 0.98734078 1.73402504
v -0.22912188 0.99051995 1.73406664
v -0.22791277 0.98735445 1.73211026
v -0.23107826 0.98931084 1.73481391
v -0.22986915 0.98614534 1.73285753
v -0.23111986 0.99137034 1.74038396
v -0.23237682 0.98807960 1.74241775
v -0.23033099 0.99126722 1.74235402
v -0.23228738 0.99005811 1.73918852
v -0.23111986 0.98092034 1.74038396
v -0.23237682 0.98421109 1.74241775
v -0.23033099 0.98102346 1.74235402
v -0.23228738 0.98223257 1.73918852
v -0.22789063 0.98291611 1.74560896
v -0.23118138 0.98494991 1.74435201
v -0.22912188 0.98177073 1.74431041
v -0.22791277 0.98493623 1.74626679
v -0.23107826 0.98297984 1.74356313
v -0.22789063 0.98937457 1.74560896
v -0.23118138 0.98734078 1.74435201
v -0.22912188 0.99051995 1.74431041
v -0.22791277 0.98735445 1.74626679
v -0.23107826 0.98931084 1.74356313
v -0.22986915 0.98614534 1.74551952
v -0.23311564 0.98614534 1.73715473
v -0.23311564 0.98614534 1.74122232
v -0.23303465 0.98810173 1.73797941
v -0.23303465 0.98418896 1.73797941
v -0.23303465 0.98810173 1.74039764
v -0.23303465 0.98418896 1.74039764
v -0.18758939 0.90103422 1.70883561
v -0.21309592 0.93985785 1.74012231
v -0.19033827 0.90204231 1.70534365
v -0.21584480 0.94086594 1.73663035
v -0.19439187 0.90054478 1.70389723
v -0.21989840 0.93936841 1.73518393
v -0.19737564 0.89741886 1.70534365
v -0.22288217 0.93624249 1.73663035
v -0.19754174 0.89449568 1.70883561
v -0.22304827 0.93331931 1.74012231
v -0.19479286 0.89348759 1.71232758
v -0.22029939 0.93231122 1.74361427
v -0.19073926 0.89498512 1.71377399
v -0.21624579 0.93380875 1.74506069
v -0.18775549 0.89811104 1.71232758
v -0.21326202 0.93693467 1.74361427
v -0.19256556 0.89776495 1.70883561
v -0.21807210 0.93658858 1.74012231
v -0.22198487 0.94291957 1.74012231
v -0.21415933 0.94291957 1.74012231
v -0.22198487 0.93025758 1.74012231
v -0.21415933 0.93025758 1.74012231
v -0.21807210 0.93267581 1.74645330
v -0.21807210 0.94050135 1.74645330
v -0.21807210 0.93267581 1.73379131
v -0.21807210 0.94050135 1.73379131
v -0.21174110 0.93658858 1.73620954
v -0.21174110 0.93658858 1.74403508
v -0.22440309 0.93658858 1.73620954
v -0.22440309 0.93658858 1.74403508
v -0.21807210 0.94403111 1.74012231
v -0.21807210 0.92914605 1.74012231
v -0.22037197 0.93056744 1.74384357
v -0.21577223 0.93056744 1.74384357
v -0.22037197 0.94260971 1.74384357
v -0.21577223 0.94260971 1.74384357
v -0.21807210 0.93658858 1.74756484
v -0.22037197 0.93056744 1.73640104
v -0.21577223 0.93056744 1.73640104
v -0.22037197 0.94260971 1.73640104
v -0.21577223 0.94260971 1.73640104
v -0.21807210 0.93658858 1.73267978
v -0.21205096 0.94030984 1.73782244
v -0.21205096 0.93286731 1.73782244
v -0.21435083 0.93428871 1.73410117
v -0.21435083 0.93888845 1.73410117
v -0.21205096 0.94030984 1.74242218
v -0.21205096 0.93286731 1.74242218
v -0.21435083 0.93428871 1.74614344
v -0.21435083 0.93888845 1.74614344
v -0.21062956 0.93658858 1.74012231
v -0.22409323 0.94030984 1.73782244
v -0.22409323 0.93286731 1.73782244
v -0.22179336 0.93428871 1.73410117
v -0.22179336 0.93888845 1.73410117
v -0.22409323 0.94030984 1.74242218
v -0.22409323 0.93286731 1.74242218
v -0.22179336 0.93428871 1.74614344
v -0.22179336 0.93888845 1.74614344
v -0.22551463 0.93658858 1.74012231
v -0.22010589 0.94374784 1.74012231
v -0.21603830 0.94374784 1.74012231
v -0.22010589 0.92942932 1.74012231
v -0.21603830 0.92942932 1.74012231
v -0.22130133 0.93016814 1.74205656
v -0.21926753 0.93142510 1.74534731
v -0.21928121 0.92951031 1.74207869
v -0.21484287 0.93016814 1.74205656
v -0.21687666 0.93142510 1.74534731
v -0.21686298 0.92951031 1.74207869
v -0.21807210 0.93025758 1.74403508
v -0.22130133 0.94300902 1.74205656
v -0.21926753 0.94175206 1.74534731
v -0.21928121 0.94366685 1.74207869
v -0.21484287 0.94300902 1.74205656
v -0.21687666 0.94175206 1.74534731
v -0.21686298 0.94366685 1.74207869
v -0.21807210 0.94291957 1.74403508
v -0.21807210 0.93455478 1.74728157
v -0.21807210 0.93862237 1.74728157
v -0.22130133 0.93016814 1.73818805
v -0.21926753 0.93142510 1.73489730
v -0.21928121 0.92951031 1.73816592
v -0.21484287 0.93016814 1.73818805
v -0.21687666 0.93142510 1.73489730
v -0.21686298 0.92951031 1.73816592
v -0.21807210 0.93025758 1.73620954
v -0.22130133 0.94300902 1.73818805
v -0.21926753 0.94175206 1.73489730
v -0.21928121 0.94366685 1.73816592
v -0.21484287 0.94300902 1.73818805
v -0.21687666 0.94175206 1.73489730
v -0.21686298 0.94366685 1.73816592
v -0.21807210 0.94291957 1.73620954
v -0.21807210 0.93455478 1.73296305
v -0.21807210 0.93862237 1.73296305
v -0.21290861 0.94181358 1.73892687
v -0.21165166 0.93852283 1.73689308
v -0.21369749 0.94171046 1.73695681
v -0.21290861 0.93136358 1.73892687
v -0.21165166 0.93465432 1.73689308
v -0.21369749 0.93146670 1.73695681
v -0.21613784 0.93335935 1.73370187
v -0.21284709 0.93539314 1.73495882
v -0.21490660 0.93221397 1.73500042
v -0.21611571 0.93537947 1.73304404
v -0.21295021 0.93342308 1.73574770
v -0.21613784 0.93981781 1.73370187
v -0.21284709 0.93778401 1.73495882
v -0.21490660 0.94096319 1.73500042
v -0.21611571 0.93779769 1.73304404
v -0.21295021 0.93975408 1.73574770
v -0.21415933 0.93658858 1.73379131
v -0.21290861 0.94181358 1.74131774
v -0.21165166 0.93852283 1.74335154
v -0.21369749 0.94171046 1.74328781
v -0.21174110 0.94050135 1.74012231
v -0.21290861 0.93136358 1.74131774
v -0.21165166 0.93465432 1.74335154
v -0.21369749 0.93146670 1.74328781
v -0.21174110 0.93267581 1.74012231
v -0.21613784 0.93335935 1.74654275
v -0.21284709 0.93539314 1.74528579
v -0.21490660 0.93221397 1.74524419
v -0.21611571 0.93537947 1.74720058
v -0.21295021 0.93342308 1.74449692
v -0.21613784 0.93981781 1.74654275
v -0.21284709 0.93778401 1.74528579
v -0.21490660 0.94096319 1.74524419
v -0.21611571 0.93779769 1.74720058
v -0.21295021 0.93975408 1.74449692
v -0.21415933 0.93658858 1.74645330
v -0.21091284 0.93658858 1.73808851
v -0.21091284 0.93658858 1.74215610
v -0.21099383 0.93854496 1.73891320
v -0.21099383 0.93463219 1.73891320
v -0.21099383 0.93854496 1.74133142
v -0.21099383 0.93463219 1.74133142
v -0.22323558 0.94181358 1.73892687
v -0.22449253 0.93852283 1.73689308
v -0.22244671 0.94171046 1.73695681
v -0.22323558 0.93136358 1.73892687
v -0.22449253 0.93465432 1.73689308
v -0.22244671 0.93146670 1.73695681
v -0.22000635 0.93335935 1.73370187
v -0.22329710 0.93539314 1.73495882
v -0.22123759 0.93221397 1.73500042
v -0.22002848 0.93537947 1.73304404
v -0.22319398 0.93342308 1.73574770
v -0.22000635 0.93981781 1.73370187
v -0.22329710 0.93778401 1.73495882
v -0.22123759 0.94096319 1.73500042
v -0.22002848 0.93779769 1.73304404
v -0.22319398 0.93975408 1.73574770
v -0.22198487 0.93658858 1.73379131
v -0.22323558 0.94181358 1.74131774
v -0.22449253 0.93852283 1.74335154
v -0.22244671 0.94171046 1.74328781
v -0.22440309 0.94050135 1.74012231
v -0.22323558 0.93136358 1.74131774
v -0.22449253 0.93465432 1.74335154
v -0.22244671 0.93146670 1.74328781
v -0.22440309 0.93267581 1.74012231
v -0.22000635 0.93335935 1.74654275
v -0.22329710 0.93539314 1.74528579
v -0.22123759 0.93221397 1.74524419
v -0.22002848 0.93537947 1.74720058
v -0.22319398 0.93342308 1.74449692
v -0.22000635 0.93981781 1.74654275
v -0.22329710 0.93778401 1.74528579
v -0.22123759 0.94096319 1.74524419
v -0.22002848 0.93779769 1.74720058
v -0.22319398 0.93975408 1.74449692
v -0.22198487 0.93658858 1.74645330
v -0.22523135 0.93658858 1.73808851
v -0.22523135 0.93658858 1.74215610
v -0.22515037 0.93854496 1.73891320
v -0.22515037 0.93463219 1.73891320
v -0.22515037 0.93854496 1.74133142
v -0.22515037 0.93463219 1.74133142
v -0.00778019 -0.93699452 1.71109505
v 0.01690910 -0.93699452 1.71109505
v -0.00778019 -0.97694263 1.71109505
v 0.01690910 -0.97694263 1.71109505
v 0.00456445 -0.96931322 1.73106911
v 0.00456445 -0.94462393 1.73106911
v 0.00456445 -0.96931322 1.69112100
v 0.00456445 -0.94462393 1.69112100
v 0.02453851 -0.95696857 1.69875041
v 0.02453851 -0.95696857 1.72343970
v -0.01540960 -0.95696857 1.69875041
v -0.01540960 -0.95696857 1.72343970
v 0.00456445 -0.93348766 1.71109505
v 0.00456445 -0.98044948 1.71109505
v -0.00269155 -0.97596503 1.72283551
v 0.01182045 -0.97596503 1.72283551
v -0.00269155 -0.93797212 1.72283551
v 0.01182045 -0.93797212 1.72283551
v 0.00456445 -0.95696857 1.73457596
v -0.00269155 -0.97596503 1.69935460
v 0.01182045 -0.97596503 1.69935460
v -0.00269155 -0.93797212 1.69935460
v 0.01182045 -0.93797212 1.69935460
v 0.00456445 -0.95696857 1.68761415
v 0.02356091 -0.94522812 1.70383905
v 0.02356091 -0.96870903 1.70383905
v 0.01630491 -0.96422457 1.69209860
v 0.01630491 -0.94971257 1.69209860
v 0.02356091 -0.94522812 1.71835105
v 0.02356091 -0.96870903 1.71835105
v 0.01630491 -0.96422457 1.73009151
v 0.01630491 -0.94971257 1.73009151
v 0.02804536 -0.95696857 1.71109505
v -0.01443200 -0.94522812 1.70383905
v -0.01443200 -0.96870903 1.70383905
v -0.00717600 -0.96422457 1.69209860
v -0.00717600 -0.94971257 1.69209860
v -0.01443200 -0.94522812 1.71835105
v -0.01443200 -0.96870903 1.71835105
v -0.00717600 -0.96422457 1.73009151
v -0.00717600 -0.94971257 1.73009151
v -0.01891646 -0.95696857 1.71109505
v -0.00185209 -0.93438139 1.71109505
v 0.01098100 -0.93438139 1.71109505
v -0.00185209 -0.97955576 1.71109505
v 0.01098100 -0.97955576 1.71109505
v -0.00562364 -0.97722481 1.71719755
v 0.00079290 -0.97325917 1.72757974
v 0.00074975 -0.97930024 1.71726738
v 0.01475255 -0.97722481 1.71719755
v 0.00833600 -0.97325917 1.72757974
v 0.00837916 -0.97930024 1.71726738
v 0.00456445 -0.97694263 1.72343970
v -0.00562364 -0.93671233 1.71719755
v 0.00079290 -0.94067798 1.72757974
v 0.00074975 -0.93463690 1.71726738
v 0.01475255 -0.93671233 1.71719755
v 0.00833600 -0.94067798 1.72757974
v 0.00837916 -0.93463690 1.71726738
v 0.00456445 -0.93699452 1.72343970
v 0.00456445 -0.96338512 1.73368224
v 0.00456445 -0.95055203 1.73368224
v -0.00562364 -0.97722481 1.70499256
v 0.00079290 -0.97325917 1.69461037
v 0.00074975 -0.97930024 1.70492273
v 0.01475255 -0.97722481 1.70499256
v 0.00833600 -0.97325917 1.69461037
v 0.00837916 -0.97930024 1.70492273
v 0.00456445 -0.97694263 1.69875041
v -0.00562364 -0.93671233 1.70499256
v 0.00079290 -0.94067798 1.69461037
v 0.00074975 -0.93463690 1.70492273
v 0.01475255 -0.93671233 1.70499256
v 0.00833600 -0.94067798 1.69461037
v 0.00837916 -0.93463690 1.70492273
v 0.00456445 -0.93699452 1.69875041
v 0.00456445 -0.96338512 1.68850787
v 0.00456445 -0.95055203 1.68850787
v 0.02085505 -0.94048388 1.70732350
v 0.02482069 -0.95086607 1.70090696
v 0.01836618 -0.94080922 1.70110803
v 0.02085505 -0.97345326 1.70732350
v 0.02482069 -0.96307107 1.70090696
v 0.01836618 -0.97312792 1.70110803
v 0.01066695 -0.96715667 1.69083882
v 0.02104914 -0.96074012 1.69480446
v 0.01455148 -0.97077030 1.69493571
v 0.01073677 -0.96078328 1.68876338
v 0.02072380 -0.96695560 1.69729332
v 0.01066695 -0.94678048 1.69083882
v 0.02104914 -0.95319702 1.69480446
v 0.01455148 -0.94316684 1.69493571
v 0.01073677 -0.95315387 1.68876338
v 0.02072380 -0.94698155 1.69729332
v 0.01690910 -0.95696857 1.69112100
v 0.02085505 -0.94048388 1.71486661
v 0.02482069 -0.95086607 1.72128315
v 0.01836618 -0.94080922 1.72108208
v 0.02453851 -0.94462393 1.71109505
v 0.02085505 -0.97345326 1.71486661
v 0.02482069 -0.96307107 1.72128315
v 0.01836618 -0.97312792 1.72108208
v 0.02453851 -0.96931322 1.71109505
v 0.01066695 -0.96715667 1.73135129
v 0.02104914 -0.96074012 1.72738565
v 0.01455148 -0.97077030 1.72725440
v 0.01073677 -0.96078328 1.73342672
v 0.02072380 -0.96695560 1.72489679
v 0.01066695 -0.94678048 1.73135129
v 0.02104914 -0.95319702 1.72738565
v 0.01455148 -0.94316684 1.72725440
v 0.01073677 -0.95315387 1.73342672
v 0.02072380 -0.94698155 1.72489679
v 0.01690910 -0.95696857 1.73106911
v 0.02715164 -0.95696857 1.70467851
v 0.02715164 -0.95696857 1.71751160
v 0.02689612 -0.95079625 1.70728035
v 0.02689612 -0.96314089 1.70728035
v 0.02689612 -0.95079625 1.71490976
v 0.02689612 -0.96314089 1.71490976
v -0.01172614 -0.94048388 1.70732350
v -0.01569179 -0.95086607 1.70090696
v -0.00923728 -0.94080922 1.70110803
v -0.01172614 -0.97345326 1.70732350
v -0.01569179 -0.96307107 1.70090696
v -0.00923728 -0.97312792 1.70110803
v -0.00153805 -0.96715667 1.69083882
v -0.01192024 -0.96074012 1.69480446
v -0.00542257 -0.97077030 1.69493571
v -0.00160787 -0.96078328 1.68876338
v -0.01159490 -0.96695560 1.69729332
v -0.00153805 -0.94678048 1.69083882
v -0.01192024 -0.95319702 1.69480446
v -0.00542257 -0.94316684 1.69493571
v -0.00160787 -0.95315387 1.68876338
v -0.01159490 -0.94698155 1.69729332
v -0.00778019 -0.95696857 1.69112100
v -0.01172614 -0.94048388 1.71486661
v -0.01569179 -0.95086607 1.72128315
v -0.00923728 -0.94080922 1.72108208
v -0.01540960 -0.94462393 1.71109505
v -0.01172614 -0.97345326 1.71486661
v -0.01569179 -0.96307107 1.72128315
v -0.00923728 -0.97312792 1.72108208
v -0.01540960 -0.96931322 1.71109505
v -0.00153805 -0.96715667 1.73135129
v -0.01192024 -0.96074012 1.72738565
v -0.00542257 -0.97077030 1.72725440
v -0.00160787 -0.96078328 1.73342672
v -0.01159490 -0.96695560 1.72489679
v -0.00153805 -0.94678048 1.73135129
v -0.01192024 -0.95319702 1.72738565
v -0.00542257 -0.94316684 1.72725440
v -0.00160787 -0.95315387 1.73342672
v -0.01159490 -0.94698155 1.72489679
v -0.00778019 -0.95696857 1.73106911
v -0.01802273 -0.95696857 1.70467851
v -0.01802273 -0.95696857 1.71751160
v -0.01776722 -0.95079625 1.70728035
v -0.01776722 -0.96314089 1.70728035
v -0.01776722 -0.95079625 1.71490976
v -0.01776722 -0.96314089 1.71490976
v 0.02319660 -0.89100872 1.68898951
v -0.00053918 -0.97479663 1.71189066
v 0.02465422 -0.89259202 1.68470749
v 0.00091844 -0.97637992 1.70760865
v 0.02878706 -0.89424757 1.68293382
v 0.00505128 -0.97803548 1.70583498
v 0.03317416 -0.89500558 1.68470749
v 0.00943838 -0.97879349 1.70760865
v 0.03524561 -0.89442202 1.68898951
v 0.01150983 -0.97820992 1.71189066
v 0.03378799 -0.89283872 1.69327152
v 0.01005221 -0.97662663 1.71617268
v 0.02965515 -0.89118317 1.69504519
v 0.00591937 -0.97497108 1.71794635
v 0.02526806 -0.89042516 1.69327152
v 0.00153227 -0.97421307 1.71617268
v 0.02922111 -0.89271537 1.68898951
v 0.00548533 -0.97650328 1.71189066
v 0.00137044 -0.96984526 1.71189066
v 0.00960021 -0.96984526 1.71189066
v 0.00137044 -0.98316130 1.71189066
v 0.00960021 -0.98316130 1.71189066
v 0.00548533 -0.98061816 1.71854868
v 0.00548533 -0.97238840 1.71854868
v 0.00548533 -0.98061816 1.70523265
v 0.00548533 -0.97238840 1.70523265
v 0.01214334 -0.97650328 1.70777578
v 0.01214334 -0.97650328 1.71600555
v -0.00117269 -0.97650328 1.70777578
v -0.00117269 -0.97650328 1.71600555
v 0.00548533 -0.96867631 1.71189066
v 0.00548533 -0.98433025 1.71189066
v 0.00306666 -0.98283543 1.71580415
v 0.00790399 -0.98283543 1.71580415
v 0.00306666 -0.97017113 1.71580415
v 0.00790399 -0.97017113 1.71580415
v 0.00548533 -0.97650328 1.71971763
v 0.00306666 -0.98283543 1.70797718
v 0.00790399 -0.98283543 1.70797718
v 0.00306666 -0.97017113 1.70797718
v 0.00790399 -0.97017113 1.70797718
v 0.00548533 -0.97650328 1.70406370
v 0.01181748 -0.97258979 1.70947200
v 0.01181748 -0.98041676 1.70947200
v 0.00939881 -0.97892194 1.70555851
v 0.00939881 -0.97408461 1.70555851
v 0.01181748 -0.97258979 1.71430933
v 0.01181748 -0.98041676 1.71430933
v 0.00939881 -0.97892194 1.71822282
v 0.00939881 -0.97408461 1.71822282
v 0.01331230 -0.97650328 1.71189066
v -0.00084683 -0.97258979 1.70947200
v -0.00084683 -0.98041676 1.70947200
v 0.00157184 -0.97892194 1.70555851
v 0.00157184 -0.97408461 1.70555851
v -0.00084683 -0.97258979 1.71430933
v -0.00084683 -0.98041676 1.71430933
v 0.00157184 -0.97892194 1.71822282
v 0.00157184 -0.97408461 1.71822282
v -0.00234164 -0.97650328 1.71189066
v 0.00334648 -0.96897422 1.71189066
v 0.00762417 -0.96897422 1.71189066
v 0.00334648 -0.98403234 1.71189066
v 0.00762417 -0.98403234 1.71189066
v 0.00208929 -0.98325536 1.71392483
v 0.00422814 -0.98193348 1.71738556
v 0.00421376 -0.98394717 1.71394811
v 0.00888136 -0.98325536 1.71392483
v 0.00674251 -0.98193348 1.71738556
v 0.00675689 -0.98394717 1.71394811
v 0.00548533 -0.98316130 1.71600555
v 0.00208929 -0.96975120 1.71392483
v 0.00422814 -0.97107308 1.71738556
v 0.00421376 -0.96905939 1.71394811
v 0.00888136 -0.96975120 1.71392483
v 0.00674251 -0.97107308 1.71738556
v 0.00675689 -0.96905939 1.71394811
v 0.00548533 -0.96984526 1.71600555
v 0.00548533 -0.97864213 1.71941973
v 0.00548533 -0.97436443 1.71941973
v 0.00208929 -0.98325536 1.70985650
v 0.00422814 -0.98193348 1.70639577
v 0.00421376 -0.98394717 1.70983322
v 0.00888136 -0.98325536 1.70985650
v 0.00674251 -0.98193348 1.70639577
v 0.00675689 -0.98394717 1.70983322
v 0.00548533 -0.98316130 1.70777578
v 0.00208929 -0.96975120 1.70985650
v 0.00422814 -0.97107308 1.70639577
v 0.00421376 -0.96905939 1.70983322
v 0.00888136 -0.96975120 1.70985650
v 0.00674251 -0.97107308 1.70639577
v 0.00675689 -0.96905939 1.70983322
v 0.00548533 -0.96984526 1.70777578
v 0.00548533 -0.97864213 1.70436160
v 0.00548533 -0.97436443 1.70436160
v 0.01091552 -0.97100838 1.71063348
v 0.01223741 -0.97446911 1.70849463
v 0.01008590 -0.97111683 1.70856166
v 0.01091552 -0.98199817 1.71063348
v 0.01223741 -0.97853744 1.70849463
v 0.01008590 -0.98188973 1.70856166
v 0.00751949 -0.97989931 1.70513858
v 0.01098022 -0.97776046 1.70646047
v 0.00881433 -0.98110386 1.70650422
v 0.00754277 -0.97777485 1.70444677
v 0.01087178 -0.97983229 1.70729009
v 0.00751949 -0.97310725 1.70513858
v 0.01098022 -0.97524609 1.70646047
v 0.00881433 -0.97190270 1.70650422
v 0.00754277 -0.97523171 1.70444677
v 0.01087178 -0.97317427 1.70729009
v 0.00960021 -0.97650328 1.70523265
v 0.01091552 -0.97100838 1.71314785
v 0.01223741 -0.97446911 1.71528670
v 0.01008590 -0.97111683 1.71521967
v 0.01214334 -0.97238840 1.71189066
v 0.01091552 -0.98199817 1.71314785
v 0.01223741 -0.97853744 1.71528670
v 0.01008590 -0.98188973 1.71521967
v 0.01214334 -0.98061816 1.71189066
v 0.00751949 -0.97989931 1.71864274
v 0.01098022 -0.97776046 1.71732086
v 0.00881433 -0.98110386 1.71727711
v 0.00754277 -0.97777485 1.71933455
v 0.01087178 -0.97983229 1.71649124
v 0.00751949 -0.97310725 1.71864274
v 0.01098022 -0.97524609 1.71732086
v 0.00881433 -0.97190270 1.71727711
v 0.00754277 -0.97523171 1.71933455
v 0.01087178 -0.97317427 1.71649124
v 0.00960021 -0.97650328 1.71854868
v 0.01301439 -0.97650328 1.70975182
v 0.01301439 -0.97650328 1.71402951
v 0.01292922 -0.97444584 1.71061910
v 0.01292922 -0.97856072 1.71061910
v 0.01292922 -0.97444584 1.71316223
v 0.01292922 -0.97856072 1.71316223
v 0.00005513 -0.97100838 1.71063348
v -0.00126675 -0.97446911 1.70849463
v 0.00088475 -0.97111683 1.70856166
v 0.00005513 -0.98199817 1.71063348
v -0.00126675 -0.97853744 1.70849463
v 0.00088475 -0.98188973 1.70856166
v 0.00345116 -0.97989931 1.70513858
v -0.00000957 -0.97776046 1.70646047
v 0.00215632 -0.98110386 1.70650422
v 0.00342789 -0.97777485 1.70444677
v 0.00009888 -0.97983229 1.70729009
v 0.00345116 -0.97310725 1.70513858
v -0.00000957 -0.97524609 1.70646047
v 0.00215632 -0.97190270 1.70650422
v 0.00342789 -0.97523171 1.70444677
v 0.00009888 -0.97317427 1.70729009
v 0.00137044 -0.97650328 1.70523265
v 0.00005513 -0.97100838 1.71314785
v -0.00126675 -0.97446911 1.71528670
v 0.00088475 -0.97111683 1.71521967
v -0.00117269 -0.97238840 1.71189066
v 0.00005513 -0.98199817 1.71314785
v -0.00126675 -0.97853744 1.71528670
v 0.00088475 -0.98188973 1.71521967
v -0.00117269 -0.98061816 1.71189066
v 0.00345116 -0.97989931 1.71864274
v -0.00000957 -0.97776046 1.71732086
v 0.00215632 -0.98110386 1.71727711
v 0.00342789 -0.97777485 1.71933455
v 0.00009888 -0.97983229 1.71649124
v 0.00345116 -0.97310725 1.71864274
v -0.00000957 -0.97524609 1.71732086
v 0.00215632 -0.97190270 1.71727711
v 0.00342789 -0.97523171 1.71933455
v 0.00009888 -0.97317427 1.71649124
v 0.00137044 -0.97650328 1.71854868
v -0.00204374 -0.97650328 1.70975182
v -0.00204374 -0.97650328 1.71402951
v -0.00195856 -0.97444584 1.71061910
v -0.00195856 -0.97856072 1.71061910
v -0.00195856 -0.97444584 1.71316223
v -0.00195856 -0.97856072 1.71316223
v 0.02336097 -0.89050945 1.68898951
v -0.01117556 -0.98225763 1.72477252
v 0.02454253 -0.89257637 1.68483031
v -0.00999399 -0.98432455 1.72061332
v 0.02846474 -0.89472471 1.68310752
v -0.00607178 -0.98647289 1.71889053
v 0.03283002 -0.89569600 1.68483031
v -0.00170650 -0.98744419 1.72061332
v 0.03508125 -0.89492129 1.68898951
v 0.00054473 -0.98666947 1.72477252
v 0.03389969 -0.89285437 1.69314870
v -0.00063684 -0.98460256 1.72893171
v 0.02997748 -0.89070603 1.69487150
v -0.00455905 -0.98245422 1.73065451
v 0.02561220 -0.88973473 1.69314870
v -0.00892433 -0.98148292 1.72893171
v 0.02922111 -0.89271537 1.68898951
v -0.00531541 -0.98446355 1.72477252
v -0.00943030 -0.97780553 1.72477252
v -0.00120053 -0.97780553 1.72477252
v -0.00943030 -0.99112157 1.72477252
v -0.00120053 -0.99112157 1.72477252
v -0.00531541 -0.98857843 1.73143054
v -0.00531541 -0.98034867 1.73143054
v -0.00531541 -0.98857843 1.71811450
v -0.00531541 -0.98034867 1.71811450
v 0.00134260 -0.98446355 1.72065764
v 0.00134260 -0.98446355 1.72888740
v -0.01197343 -0.98446355 1.72065764
v -0.01197343 -0.98446355 1.72888740
v -0.00531541 -0.97663658 1.72477252
v -0.00531541 -0.99229052 1.72477252
v -0.00773408 -0.99079570 1.72868600
v -0.00289675 -0.99079570 1.72868600
v -0.00773408 -0.97813140 1.72868600
v -0.00289675 -0.97813140 1.72868600
v -0.00531541 -0.98446355 1.73259949
v -0.00773408 -0.99079570 1.72085903
v -0.00289675 -0.99079570 1.72085903
v -0.00773408 -0.97813140 1.72085903
v -0.00289675 -0.97813140 1.72085903
v -0.00531541 -0.98446355 1.71694555
v 0.00101674 -0.98055007 1.72235385
v 0.00101674 -0.98837704 1.72235385
v -0.00140193 -0.98688222 1.71844037
v -0.00140193 -0.98204489 1.71844037
v 0.00101674 -0.98055007 1.72719118
v 0.00101674 -0.98837704 1.72719118
v -0.00140193 -0.98688222 1.73110467
v -0.00140193 -0.98204489 1.73110467
v 0.00251155 -0.98446355 1.72477252
v -0.01164757 -0.98055007 1.72235385
v -0.01164757 -0.98837704 1.72235385
v -0.00922890 -0.98688222 1.71844037
v -0.00922890 -0.98204489 1.71844037
v -0.01164757 -0.98055007 1.72719118
v -0.01164757 -0.98837704 1.72719118
v -0.00922890 -0.98688222 1.73110467
v -0.00922890 -0.98204489 1.73110467
v -0.01314238 -0.98446355 1.72477252
v -0.00745426 -0.97693449 1.72477252
v -0.00317657 -0.97693449 1.72477252
v -0.00745426 -0.99199261 1.72477252
v -0.00317657 -0.99199261 1.72477252
v -0.00871145 -0.99121563 1.72680668
v -0.00657260 -0.98989375 1.73026741
v -0.00658698 -0.99190744 1.72682996
v -0.00191938 -0.99121563 1.72680668
v -0.00405823 -0.98989375 1.73026741
v -0.00404385 -0.99190744 1.72682996
v -0.00531541 -0.99112157 1.72888740
v -0.00871145 -0.97771147 1.72680668
v -0.00657260 -0.97903335 1.73026741
v -0.00658698 -0.97701966 1.72682996
v -0.00191938 -0.97771147 1.72680668
v -0.00405823 -0.97903335 1.73026741
v -0.00404385 -0.97701966 1.72682996
v -0.00531541 -0.97780553 1.72888740
v -0.00531541 -0.98660240 1.73230158
v -0.00531541 -0.98232470 1.73230158
v -0.00871145 -0.99121563 1.72273835
v -0.00657260 -0.98989375 1.71927762
v -0.00658698 -0.99190744 1.72271508
v -0.00191938 -0.99121563 1.72273835
v -0.00405823 -0.98989375 1.71927762
v -0.00404385 -0.99190744 1.72271508
v -0.00531541 -0.99112157 1.72065764
v -0.00871145 -0.97771147 1.72273835
v -0.00657260 -0.97903335 1.71927762
v -0.00658698 -0.97701966 1.72271508
v -0.00191938 -0.97771147 1.72273835
v -0.00405823 -0.97903335 1.71927762
v -0.00404385 -0.97701966 1.72271508
v -0.00531541 -0.97780553 1.72065764
v -0.00531541 -0.98660240 1.71724346
v -0.00531541 -0.98232470 1.71724346
v 0.00011478 -0.97896866 1.72351533
v 0.00143667 -0.98242939 1.72137649
v -0.00071484 -0.97907710 1.72144351
v 0.00011478 -0.98995845 1.72351533
v 0.00143667 -0.98649772 1.72137649
v -0.00071484 -0.98985000 1.72144351
v -0.00328125 -0.98785958 1.71802044
v 0.00017948 -0.98572074 1.71934232
v -0.00198641 -0.98906413 1.71938607
v -0.00325797 -0.98573512 1.71732863
v 0.00007104 -0.98779256 1.72017194
v -0.00328125 -0.98106752 1.71802044
v 0.00017948 -0.98320637 1.71934232
v -0.00198641 -0.97986297 1.71938607
v -0.00325797 -0.98319198 1.71732863
v 0.00007104 -0.98113454 1.72017194
v -0.00120053 -0.98446355 1.71811450
v 0.00011478 -0.97896866 1.72602970
v 0.00143667 -0.98242939 1.72816855
v -0.00071484 -0.97907710 1.72810153
v 0.00134260 -0.98034867 1.72477252
v 0.00011478 -0.98995845 1.72602970
v 0.00143667 -0.98649772 1.72816855
v -0.00071484 -0.98985000 1.72810153
v 0.00134260 -0.98857843 1.72477252
v -0.00328125 -0.98785958 1.73152460
v 0.00017948 -0.98572074 1.73020272
v -0.00198641 -0.98906413 1.73015897
v -0.00325797 -0.98573512 1.73221641
v 0.00007104 -0.98779256 1.72937310
v -0.00328125 -0.98106752 1.73152460
v 0.00017948 -0.98320637 1.73020272
v -0.00198641 -0.97986297 1.73015897
v -0.00325797 -0.98319198 1.73221641
v 0.00007104 -0.98113454 1.72937310
v -0.00120053 -0.98446355 1.73143054
v 0.00221365 -0.98446355 1.72263367
v 0.00221365 -0.98446355 1.72691137
v 0.00212848 -0.98240611 1.72350095
v 0.00212848 -0.98652099 1.72350095
v 0.00212848 -0.98240611 1.72604409
v 0.00212848 -0.98652099 1.72604409
v -0.01074561 -0.97896866 1.72351533
v -0.01206749 -0.98242939 1.72137649
v -0.00991599 -0.97907710 1.72144351
v -0.01074561 -0.98995845 1.72351533
v -0.01206749 -0.98649772 1.72137649
v -0.00991599 -0.98985000 1.72144351
v -0.00734958 -0.98785958 1.71802044
v -0.01081031 -0.98572074 1.71934232
v -0.00864442 -0.98906413 1.71938607
v -0.00737286 -0.98573512 1.71732863
v -0.01070186 -0.98779256 1.72017194
v -0.00734958 -0.98106752 1.71802044
v -0.01081031 -0.98320637 1.71934232
v -0.00864442 -0.97986297 1.71938607
v -0.00737286 -0.98319198 1.71732863
v -0.01070186 -0.98113454 1.72017194
v -0.00943030 -0.98446355 1.71811450
v -0.01074561 -0.97896866 1.72602970
v -0.01206749 -0.98242939 1.72816855
v -0.00991599 -0.97907710 1.72810153
v -0.01197343 -0.98034867 1.72477252
v -0.01074561 -0.98995845 1.72602970
v -0.01206749 -0.98649772 1.72816855
v -0.00991599 -0.98985000 1.72810153
v -0.01197343 -0.98857843 1.72477252
v -0.00734958 -0.98785958 1.73152460
v -0.01081031 -0.98572074 1.73020272
v -0.00864442 -0.98906413 1.73015897
v -0.00737286 -0.98573512 1.73221641
v -0.01070186 -0.98779256 1.72937310
v -0.00734958 -0.98106752 1.73152460
v -0.01081031 -0.98320637 1.73020272
v -0.00864442 -0.97986297 1.73015897
v -0.00737286 -0.98319198 1.73221641
v -0.01070186 -0.98113454 1.72937310
v -0.00943030 -0.98446355 1.73143054
v -0.01284448 -0.98446355 1.72263367
v -0.01284448 -0.98446355 1.72691137
v -0.01275930 -0.98240611 1.72350095
v -0.01275930 -0.98652099 1.72350095
v -0.01275930 -0.98240611 1.72604409
v -0.01275930 -0.98652099 1.72604409
v 0.02361004 -0.88993629 1.68898951
v -0.01674427 -0.97141301 1.71872753
v 0.02464260 -0.89198365 1.68478127
v -0.01571171 -0.97346038 1.71451929
v 0.02835719 -0.89445965 1.68303817
v -0.01199713 -0.97593637 1.71277619
v 0.03257785 -0.89591387 1.68478127
v -0.00777647 -0.97739059 1.71451929
v 0.03483217 -0.89549445 1.68898951
v -0.00552215 -0.97697118 1.71872753
v 0.03379961 -0.89344709 1.69319774
v -0.00655471 -0.97492381 1.72293576
v 0.03008503 -0.89097109 1.69494085
v -0.01026929 -0.97244781 1.72467887
v 0.02586437 -0.88951687 1.69319774
v -0.01448995 -0.97099359 1.72293576
v 0.02922111 -0.89271537 1.68898951
v -0.01113321 -0.97419209 1.71872753
v -0.01524809 -0.96753408 1.71872753
v -0.00701833 -0.96753408 1.71872753
v -0.01524809 -0.98085011 1.71872753
v -0.00701833 -0.98085011 1.71872753
v -0.01113321 -0.97830697 1.72538555
v -0.01113321 -0.97007721 1.72538555
v -0.01113321 -0.97830697 1.71206951
v -0.01113321 -0.97007721 1.71206951
v -0.00447519 -0.97419209 1.71461265
v -0.00447519 -0.97419209 1.72284241
v -0.01779123 -0.97419209 1.71461265
v -0.01779123 -0.97419209 1.72284241
v -0.01113321 -0.96636512 1.71872753
v -0.01113321 -0.98201906 1.71872753
v -0.01355187 -0.98052424 1.72264101
v -0.00871454 -0.98052424 1.72264101
v -0.01355187 -0.96785994 1.72264101
v -0.00871454 -0.96785994 1.72264101
v -0.01113321 -0.97419209 1.72655450
v -0.01355187 -0.98052424 1.71481404
v -0.00871454 -0.98052424 1.71481404
v -0.01355187 -0.96785994 1.71481404
v -0.00871454 -0.96785994 1.71481404
v -0.01113321 -0.97419209 1.71090056
v -0.00480106 -0.97027861 1.71630886
v -0.00480106 -0.97810558 1.71630886
v -0.00721972 -0.97661076 1.71239538
v -0.00721972 -0.97177343 1.71239538
v -0.00480106 -0.97027861 1.72114619
v -0.00480106 -0.97810558 1.72114619
v -0.00721972 -0.97661076 1.72505968
v -0.00721972 -0.97177343 1.72505968
v -0.00330624 -0.97419209 1.71872753
v -0.01746536 -0.97027861 1.71630886
v -0.01746536 -0.97810558 1.71630886
v -0.01504669 -0.97661076 1.71239538
v -0.01504669 -0.97177343 1.71239538
v -0.01746536 -0.97027861 1.72114619
v -0.01746536 -0.97810558 1.72114619
v -0.01504669 -0.97661076 1.72505968
v -0.01504669 -0.97177343 1.72505968
v -0.01896018 -0.97419209 1.71872753
v -0.01327206 -0.96666303 1.71872753
v -0.00899436 -0.96666303 1.71872753
v -0.01327206 -0.98172115 1.71872753
v -0.00899436 -0.98172115 1.71872753
v -0.01452924 -0.98094417 1.72076169
v -0.01239039 -0.97962229 1.72422242
v -0.01240478 -0.98163598 1.72078497
v -0.00773718 -0.98094417 1.72076169
v -0.00987602 -0.97962229 1.72422242
v -0.00986164 -0.98163598 1.72078497
v -0.01113321 -0.98085011 1.72284241
v -0.01452924 -0.96744001 1.72076169
v -0.01239039 -0.96876189 1.72422242
v -0.01240478 -0.96674820 1.72078497
v -0.00773718 -0.96744001 1.72076169
v -0.00987602 -0.96876189 1.72422242
v -0.00986164 -0.96674820 1.72078497
v -0.01113321 -0.96753408 1.72284241
v -0.01113321 -0.97633094 1.72625659
v -0.01113321 -0.97205324 1.72625659
v -0.01452924 -0.98094417 1.71669336
v -0.01239039 -0.97962229 1.71323263
v -0.01240478 -0.98163598 1.71667009
v -0.00773718 -0.98094417 1.71669336
v -0.00987602 -0.97962229 1.71323263
v -0.00986164 -0.98163598 1.71667009
v -0.01113321 -0.98085011 1.71461265
v -0.01452924 -0.96744001 1.71669336
v -0.01239039 -0.96876189 1.71323263
v -0.01240478 -0.96674820 1.71667009
v -0.00773718 -0.96744001 1.71669336
v -0.00987602 -0.96876189 1.71323263
v -0.00986164 -0.96674820 1.71667009
v -0.01113321 -0.96753408 1.71461265
v -0.01113321 -0.97633094 1.71119847
v -0.01113321 -0.97205324 1.71119847
v -0.00570301 -0.96869720 1.71747034
v -0.00438113 -0.97215793 1.71533149
v -0.00653263 -0.96880564 1.71539852
v -0.00570301 -0.97968699 1.71747034
v -0.00438113 -0.97622626 1.71533149
v -0.00653263 -0.97957854 1.71539852
v -0.00909904 -0.97758813 1.71197545
v -0.00563831 -0.97544928 1.71329733
v -0.00780420 -0.97879267 1.71334108
v -0.00907577 -0.97546366 1.71128364
v -0.00574676 -0.97752110 1.71412695
v -0.00909904 -0.97079606 1.71197545
v -0.00563831 -0.97293491 1.71329733
v -0.00780420 -0.96959152 1.71334108
v -0.00907577 -0.97292052 1.71128364
v -0.00574676 -0.97086308 1.71412695
v -0.00701833 -0.97419209 1.71206951
v -0.00570301 -0.96869720 1.71998471
v -0.00438113 -0.97215793 1.72212356
v -0.00653263 -0.96880564 1.72205654
v -0.00447519 -0.97007721 1.71872753
v -0.00570301 -0.97968699 1.71998471
v -0.00438113 -0.97622626 1.72212356
v -0.00653263 -0.97957854 1.72205654
v -0.00447519 -0.97830697 1.71872753
v -0.00909904 -0.97758813 1.72547961
v -0.00563831 -0.97544928 1.72415773
v -0.00780420 -0.97879267 1.72411398
v -0.00907577 -0.97546366 1.72617142
v -0.00574676 -0.97752110 1.72332810
v -0.00909904 -0.97079606 1.72547961
v -0.00563831 -0.97293491 1.72415773
v -0.00780420 -0.96959152 1.72411398
v -0.00907577 -0.97292052 1.72617142
v -0.00574676 -0.97086308 1.72332810
v -0.00701833 -0.97419209 1.72538555
v -0.00360415 -0.97419209 1.71658868
v -0.00360415 -0.97419209 1.72086638
v -0.00368932 -0.97213465 1.71745596
v -0.00368932 -0.97624953 1.71745596
v -0.00368932 -0.97213465 1.71999910
v -0.00368932 -0.97624953 1.71999910
v -0.01656341 -0.96869720 1.71747034
v -0.01788529 -0.97215793 1.71533149
v -0.01573379 -0.96880564 1.71539852
v -0.01656341 -0.97968699 1.71747034
v -0.01788529 -0.97622626 1.71533149
v -0.01573379 -0.97957854 1.71539852
v -0.01316737 -0.97758813 1.71197545
v -0.01662810 -0.97544928 1.71329733
v -0.01446222 -0.97879267 1.71334108
v -0.01319065 -0.97546366 1.71128364
v -0.01651966 -0.97752110 1.71412695
v -0.01316737 -0.97079606 1.71197545
v -0.01662810 -0.97293491 1.71329733
v -0.01446222 -0.96959152 1.71334108
v -0.01319065 -0.97292052 1.71128364
v -0.01651966 -0.97086308 1.71412695
v -0.01524809 -0.97419209 1.71206951
v -0.01656341 -0.96869720 1.71998471
v -0.01788529 -0.97215793 1.72212356
v -0.01573379 -0.96880564 1.72205654
v -0.01779123 -0.97007721 1.71872753
v -0.01656341 -0.97968699 1.71998471
v -0.01788529 -0.97622626 1.72212356
v -0.01573379 -0.97957854 1.72205654
v -0.01779123 -0.97830697 1.71872753
v -0.01316737 -0.97758813 1.72547961
v -0.01662810 -0.97544928 1.72415773
v -0.01446222 -0.97879267 1.72411398
v -0.01319065 -0.97546366 1.72617142
v -0.01651966 -0.97752110 1.72332810
v -0.01316737 -0.97079606 1.72547961
v -0.01662810 -0.97293491 1.72415773
v -0.01446222 -0.96959152 1.72411398
v -0.01319065 -0.97292052 1.72617142
v -0.01651966 -0.97086308 1.72332810
v -0.01524809 -0.97419209 1.72538555
v -0.01866227 -0.97419209 1.71658868
v -0.01866227 -0.97419209 1.72086638
v -0.01857710 -0.97213465 1.71745596
v -0.01857710 -0.97624953 1.71745596
v -0.01857710 -0.97213465 1.71999910
v -0.01857710 -0.97624953 1.71999910
v -0.01287425 0.12506947 0.93337105
v -0.07532470 0.12049144 0.41229655
v -0.03641070 0.13491275 0.93610540
v -0.09886116 0.13033473 0.41503090
v -0.04615982 0.15862697 0.93706548
v -0.10861027 0.15404895 0.41599098
v -0.03641070 0.18232067 0.93568888
v -0.09886116 0.17774265 0.41461439
v -0.01287425 0.19211439 0.93278201
v -0.07532470 0.18753637 0.41170752
v 0.01066221 0.18227111 0.93004766
v -0.05178825 0.17769309 0.40897317
v 0.02041132 0.15855688 0.92908758
v -0.04203913 0.15397886 0.40801309
v 0.01066221 0.13486319 0.93046417
v -0.05178825 0.13028517 0.40938968
v -0.01287425 0.15859193 0.93307653
v -0.07532470 0.15401391 0.41200203
v -0.03568240 0.19549630 0.93307653
v 0.00993390 0.19549630 0.93307653
v -0.03568240 0.12168756 0.93307653
v 0.00993390 0.12168756 0.93307653
v -0.01287425 0.13578378 0.96998090
v -0.01287425 0.18140008 0.96998090
v -0.01287425 0.13578378 0.89617216
v -0.01287425 0.18140008 0.89617216
v 0.02403012 0.15859193 0.91026838
v 0.02403012 0.15859193 0.95588468
v -0.04977862 0.15859193 0.91026838
v -0.04977862 0.15859193 0.95588468
v -0.01287425 0.20197561 0.93307653
v -0.01287425 0.11520824 0.93307653
v -0.02628054 0.12349379 0.95476837
v 0.00053205 0.12349379 0.95476837
v -0.02628054 0.19369007 0.95476837
v 0.00053205 0.19369007 0.95476837
v -0.01287425 0.15859193 0.97646022
v -0.02628054 0.12349379 0.91138469
v 0.00053205 0.12349379 0.91138469
v -0.02628054 0.19369007 0.91138469
v 0.00053205 0.19369007 0.91138469
v -0.01287425 0.15859193 0.88969284
v 0.02222389 0.18028377 0.91967023
v 0.02222389 0.13690009 0.91967023
v 0.00881759 0.14518563 0.89797839
v 0.00881759 0.17199822 0.89797839
v 0.02222389 0.18028377 0.94648283
v 0.02222389 0.13690009 0.94648283
v 0.00881759 0.14518563 0.96817467
v 0.00881759 0.17199822 0.96817467
v 0.03050944 0.15859193 0.93307653
v -0.04797239 0.18028377 0.91967023
v -0.04797239 0.13690009 0.91967023
v -0.03456609 0.14518563 0.89797839
v -0.03456609 0.17199822 0.89797839
v -0.04797239 0.18028377 0.94648283
v -0.04797239 0.13690009 0.94648283
v -0.03456609 0.14518563 0.96817467
v -0.03456609 0.17199822 0.96817467
v -0.05625793 0.15859193 0.93307653
v -0.02472956 0.20032436 0.93307653
v -0.00101894 0.20032436 0.93307653
v -0.02472956 0.11685950 0.93307653
v -0.00101894 0.11685950 0.93307653
v -0.03169793 0.12116619 0.94435160
v -0.01984262 0.12849317 0.96353389
v -0.01992236 0.11733159 0.94448061
v 0.00594944 0.12116619 0.94435160
v -0.00590587 0.12849317 0.96353389
v -0.00582614 0.11733159 0.94448061
v -0.01287425 0.12168756 0.95588468
v -0.03169793 0.19601767 0.94435160
v -0.01984262 0.18869068 0.96353389
v -0.01992236 0.19985227 0.94448061
v 0.00594944 0.19601767 0.94435160
v -0.00590587 0.18869068 0.96353389
v -0.00582614 0.19985227 0.94448061
v -0.01287425 0.19549630 0.95588468
v -0.01287425 0.14673662 0.97480896
v -0.01287425 0.17044724 0.97480896
v -0.03169793 0.12116619 0.92180146
v -0.01984262 0.12849317 0.90261917
v -0.01992236 0.11733159 0.92167245
v 0.00594944 0.12116619 0.92180146
v -0.00590587 0.12849317 0.90261917
v -0.00582614 0.11733159 0.92167245
v -0.01287425 0.12168756 0.91026838
v -0.03169793 0.19601767 0.92180146
v -0.01984262 0.18869068 0.90261917
v -0.01992236 0.19985227 0.92167245
v 0.00594944 0.19601767 0.92180146
v -0.00590587 0.18869068 0.90261917
v -0.00582614 0.19985227 0.92167245
v -0.01287425 0.19549630 0.91026838
v -0.01287425 0.14673662 0.89134410
v -0.01287425 0.17044724 0.89134410
v 0.01722451 0.18904929 0.92610815
v 0.02455149 0.16986700 0.91425284
v 0.01262604 0.18844819 0.91462435
v 0.01722451 0.12813457 0.92610815
v 0.02455149 0.14731686 0.91425284
v 0.01262604 0.12873567 0.91462435
v -0.00159918 0.13976824 0.89565079
v 0.01758311 0.15162355 0.90297778
v 0.00557794 0.13309164 0.90322027
v -0.00147017 0.15154382 0.89181619
v 0.01698201 0.14013974 0.90757624
v -0.00159918 0.17741561 0.89565079
v 0.01758311 0.16556030 0.90297778
v 0.00557794 0.18409222 0.90322027
v -0.00147017 0.16564004 0.89181619
v 0.01698201 0.17704411 0.90757624
v 0.00993390 0.15859193 0.89617216
v 0.01722451 0.18904929 0.94004491
v 0.02455149 0.16986700 0.95190022
v 0.01262604 0.18844819 0.95152871
v 0.02403012 0.18140008 0.93307653
v 0.01722451 0.12813457 0.94004491
v 0.02455149 0.14731686 0.95190022
v 0.01262604 0.12873567 0.95152871
v 0.02403012 0.13578378 0.93307653
v -0.00159918 0.13976824 0.97050227
v 0.01758311 0.15162355 0.96317528
v 0.00557794 0.13309164 0.96293279
v -0.00147017 0.15154382 0.97433687
v 0.01698201 0.14013974 0.95857682
v -0.00159918 0.17741561 0.97050227
v 0.01758311 0.16556030 0.96317528
v 0.00557794 0.18409222 0.96293279
v -0.00147017 0.16564004 0.97433687
v 0.01698201 0.17704411 0.95857682
v 0.00993390 0.15859193 0.96998090
v 0.02885818 0.15859193 0.92122122
v 0.02885818 0.15859193 0.94493184
v 0.02838609 0.16999601 0.92602842
v 0.02838609 0.14718785 0.92602842
v 0.02838609 0.16999601 0.94012464
v 0.02838609 0.14718785 0.94012464
v -0.04297300 0.18904929 0.92610815
v -0.05029999 0.16986700 0.91425284
v -0.03837454 0.18844819 0.91462435
v -0.04297300 0.12813457 0.92610815
v -0.05029999 0.14731686 0.91425284
v -0.03837454 0.12873567 0.91462435
v -0.02414932 0.13976824 0.89565079
v -0.04333161 0.15162355 0.90297778
v -0.03132643 0.13309164 0.90322027
v -0.02427833 0.15154382 0.89181619
v -0.04273051 0.14013974 0.90757624
v -0.02414932 0.17741561 0.89565079
v -0.04333161 0.16556030 0.90297778
v -0.03132643 0.18409222 0.90322027
v -0.02427833 0.16564004 0.89181619
v -0.04273051 0.17704411 0.90757624
v -0.03568240 0.15859193 0.89617216
v -0.04297300 0.18904929 0.94004491
v -0.05029999 0.16986700 0.95190022
v -0.03837454 0.18844819 0.95152871
v -0.04977862 0.18140008 0.93307653
v -0.04297300 0.12813457 0.94004491
v -0.05029999 0.14731686 0.95190022
v -0.03837454 0.12873567 0.95152871
v -0.04977862 0.13578378 0.93307653
v -0.02414932 0.13976824 0.97050227
v -0.04333161 0.15162355 0.96317528
v -0.03132643 0.13309164 0.96293279
v -0.02427833 0.15154382 0.97433687
v -0.04273051 0.14013974 0.95857682
v -0.02414932 0.17741561 0.97050227
v -0.04333161 0.16556030 0.96317528
v -0.03132643 0.18409222 0.96293279
v -0.02427833 0.16564004 0.97433687
v -0.04273051 0.17704411 0.95857682
v -0.03568240 0.15859193 0.96998090
v -0.05460668 0.15859193 0.92122122
v -0.05460668 0.15859193 0.94493184
v -0.05413459 0.16999601 0.92602842
v -0.05413459 0.14718785 0.92602842
v -0.05413459 0.16999601 0.94012464
v -0.05413459 0.14718785 0.94012464
v -0.07532470 0.13054971 0.41233964
v -0.09196021 0.12325980 -0.09432802
v -0.09190918 0.13743004 0.41278516
v -0.10854469 0.13014014 -0.09388249
v -0.09877870 0.15402499 0.41277194
v -0.11541420 0.14673508 -0.09389571
v -0.09190918 0.17061344 0.41230772
v -0.10854469 0.16332353 -0.09435993
v -0.07532470 0.17747811 0.41166443
v -0.09196021 0.17018821 -0.09500322
v -0.05874022 0.17059777 0.41121891
v -0.07537573 0.16330787 -0.09544875
v -0.05187071 0.15400283 0.41123212
v -0.06850621 0.14671293 -0.09543553
v -0.05874022 0.13741438 0.41169635
v -0.07537573 0.13012448 -0.09497131
v -0.07532470 0.15401391 0.41200203
v -0.09196021 0.14672401 -0.09466562
v -0.09129041 0.17984696 0.41200203
v -0.05935899 0.17984696 0.41200203
v -0.09129041 0.12818085 0.41200203
v -0.05935899 0.12818085 0.41200203
v -0.07532470 0.13804820 0.43783509
v -0.07532470 0.16997962 0.43783509
v -0.07532470 0.13804820 0.38616898
v -0.07532470 0.16997962 0.38616898
v -0.04949164 0.15401391 0.39603633
v -0.04949164 0.15401391 0.42796774
v -0.10115776 0.15401391 0.39603633
v -0.10115776 0.15401391 0.42796774
v -0.07532470 0.18438249 0.41200203
v -0.07532470 0.12364533 0.41200203
v -0.08470911 0.12944521 0.42718632
v -0.06594029 0.12944521 0.42718632
v -0.08470911 0.17858261 0.42718632
v -0.06594029 0.17858261 0.42718632
v -0.07532470 0.15401391 0.44237061
v -0.08470911 0.12944521 0.39681774
v -0.06594029 0.12944521 0.39681774
v -0.08470911 0.17858261 0.39681774
v -0.06594029 0.17858261 0.39681774
v -0.07532470 0.15401391 0.38163345
v -0.05075600 0.16919820 0.40261763
v -0.05075600 0.13882962 0.40261763
v -0.06014041 0.14462950 0.38743334
v -0.06014041 0.16339832 0.38743334
v -0.05075600 0.16919820 0.42138644
v -0.05075600 0.13882962 0.42138644
v -0.06014041 0.14462950 0.43657073
v -0.06014041 0.16339832 0.43657073
v -0.04495612 0.15401391 0.41200203
v -0.09989340 0.16919820 0.40261763
v -0.09989340 0.13882962 0.40261763
v -0.09050899 0.14462950 0.38743334
v -0.09050899 0.16339832 0.38743334
v -0.09989340 0.16919820 0.42138644
v -0.09989340 0.13882962 0.42138644
v -0.09050899 0.14462950 0.43657073
v -0.09050899 0.16339832 0.43657073
v -0.10569328 0.15401391 0.41200203
v -0.08362342 0.18322661 0.41200203
v -0.06702598 0.18322661 0.41200203
v -0.08362342 0.12480121 0.41200203
v -0.06702598 0.12480121 0.41200203
v -0.08850128 0.12781589 0.41989458
v -0.08020256 0.13294478 0.43332219
v -0.08025838 0.12513167 0.41998489
v -0.06214812 0.12781589 0.41989458
v -0.07044684 0.13294478 0.43332219
v -0.07039103 0.12513167 0.41998489
v -0.07532470 0.12818085 0.42796774
v -0.08850128 0.18021192 0.41989458
v -0.08020256 0.17508304 0.43332219
v -0.08025838 0.18289614 0.41998489
v -0.06214812 0.18021192 0.41989458
v -0.07044684 0.17508304 0.43332219
v -0.07039103 0.18289614 0.41998489
v -0.07532470 0.17984696 0.42796774
v -0.07532470 0.14571519 0.44121474
v -0.07532470 0.16231262 0.44121474
v -0.08850128 0.12781589 0.40410949
v -0.08020256 0.13294478 0.39068188
v -0.08025838 0.12513167 0.40401918
v -0.06214812 0.12781589 0.40410949
v -0.07044684 0.13294478 0.39068188
v -0.07039103 0.12513167 0.40401918
v -0.07532470 0.12818085 0.39603633
v -0.08850128 0.18021192 0.40410949
v -0.08020256 0.17508304 0.39068188
v -0.08025838 0.18289614 0.40401918
v -0.06214812 0.18021192 0.40410949
v -0.07044684 0.17508304 0.39068188
v -0.07039103 0.18289614 0.40401918
v -0.07532470 0.17984696 0.39603633
v -0.07532470 0.14571519 0.38278933
v -0.07532470 0.16231262 0.38278933
v -0.05425557 0.17533406 0.40712417
v -0.04912668 0.16190646 0.39882545
v -0.05747450 0.17491329 0.39908551
v -0.05425557 0.13269375 0.40712417
v -0.04912668 0.14612136 0.39882545
v -0.05747450 0.13311453 0.39908551
v -0.06743215 0.14083733 0.38580402
v -0.05400455 0.14913604 0.39093291
v -0.06240817 0.13616370 0.39110265
v -0.06734185 0.14908023 0.38311980
v -0.05442532 0.14109738 0.39415183
v -0.06743215 0.16719049 0.38580402
v -0.05400455 0.15889177 0.39093291
v -0.06240817 0.17186411 0.39110265
v -0.06734185 0.15894758 0.38311980
v -0.05442532 0.16693044 0.39415183
v -0.05935899 0.15401391 0.38616898
v -0.05425557 0.17533406 0.41687990
v -0.04912668 0.16190646 0.42517861
v -0.05747450 0.17491329 0.42491856
v -0.04949164 0.16997962 0.41200203
v -0.05425557 0.13269375 0.41687990
v -0.04912668 0.14612136 0.42517861
v -0.05747450 0.13311453 0.42491856
v -0.04949164 0.13804820 0.41200203
v -0.06743215 0.14083733 0.43820005
v -0.05400455 0.14913604 0.43307116
v -0.06240817 0.13616370 0.43290142
v -0.06734185 0.14908023 0.44088427
v -0.05442532 0.14109738 0.42985224
v -0.06743215 0.16719049 0.43820005
v -0.05400455 0.15889177 0.43307116
v -0.06240817 0.17186411 0.43290142
v -0.06734185 0.15894758 0.44088427
v -0.05442532 0.16693044 0.42985224
v -0.05935899 0.15401391 0.43783509
v -0.04611200 0.15401391 0.40370332
v -0.04611200 0.15401391 0.42030075
v -0.04644247 0.16199676 0.40706836
v -0.04644247 0.14603105 0.40706836
v -0.04644247 0.16199676 0.41693571
v -0.04644247 0.14603105 0.41693571
v -0.09639383 0.17533406 0.40712417
v -0.10152272 0.16190646 0.39882545
v -0.09317490 0.17491329 0.39908551
v -0.09639383 0.13269375 0.40712417
v -0.10152272 0.14612136 0.39882545
v -0.09317490 0.13311453 0.39908551
v -0.08321725 0.14083733 0.38580402
v -0.09664485 0.14913604 0.39093291
v -0.08824123 0.13616370 0.39110265
v -0.08330755 0.14908023 0.38311980
v -0.09622408 0.14109738 0.39415183
v -0.08321725 0.16719049 0.38580402
v -0.09664485 0.15889177 0.39093291
v -0.08824123 0.17186411 0.39110265
v -0.08330755 0.15894758 0.38311980
v -0.09622408 0.16693044 0.39415183
v -0.09129041 0.15401391 0.38616898
v -0.09639383 0.17533406 0.41687990
v -0.10152272 0.16190646 0.42517861
v -0.09317490 0.17491329 0.42491856
v -0.10115776 0.16997962 0.41200203
v -0.09639383 0.13269375 0.41687990
v -0.10152272 0.14612136 0.42517861
v -0.09317490 0.13311453 0.42491856
v -0.10115776 0.13804820 0.41200203
v -0.08321725 0.14083733 0.43820005
v -0.09664485 0.14913604 0.43307116
v -0.08824123 0.13616370 0.43290142
v -0.08330755 0.14908023 0.44088427
v -0.09622408 0.14109738 0.42985224
v -0.08321725 0.16719049 0.43820005
v -0.09664485 0.15889177 0.43307116
v -0.08824123 0.17186411 0.43290142
v -0.08330755 0.15894758 0.44088427
v -0.09622408 0.16693044 0.42985224
v -0.09129041 0.15401391 0.43783509
v -0.10453740 0.15401391 0.40370332
v -0.10453740 0.15401391 0.42030075
v -0.10420694 0.16199676 0.40706836
v -0.10420694 0.14603105 0.40706836
v -0.10420694 0.16199676 0.41693571
v -0.10420694 0.14603105 0.41693571
v -0.10313620 0.16480715 -0.09466562
v -0.08078421 0.16480715 -0.09466562
v -0.10313620 0.12864087 -0.09466562
v -0.08078421 0.12864087 -0.09466562
v -0.09196021 0.13554801 -0.07658248
v -0.09196021 0.15790000 -0.07658248
v -0.09196021 0.13554801 -0.11274876
v -0.09196021 0.15790000 -0.11274876
v -0.07387707 0.14672401 -0.10584161
v -0.07387707 0.14672401 -0.08348962
v -0.11004335 0.14672401 -0.10584161
v -0.11004335 0.14672401 -0.08348962
v -0.09196021 0.16798201 -0.09466562
v -0.09196021 0.12546600 -0.09466562
v -0.09852929 0.12952592 -0.08403662
v -0.08539112 0.12952592 -0.08403662
v -0.09852929 0.16392209 -0.08403662
v -0.08539112 0.16392209 -0.08403662
v -0.09196021 0.14672401 -0.07340761
v -0.09852929 0.12952592 -0.10529462
v -0.08539112 0.12952592 -0.10529462
v -0.09852929 0.16392209 -0.10529462
v -0.08539112 0.16392209 -0.10529462
v -0.09196021 0.14672401 -0.11592362
v -0.07476212 0.15735301 -0.10123470
v -0.07476212 0.13609500 -0.10123470
v -0.08133120 0.14015492 -0.11186371
v -0.08133120 0.15329309 -0.11186371
v -0.07476212 0.15735301 -0.08809653
v -0.07476212 0.13609500 -0.08809653
v -0.08133120 0.14015492 -0.07746753
v -0.08133120 0.15329309 -0.07746753
v -0.07070220 0.14672401 -0.09466562
v -0.10915830 0.15735301 -0.10123470
v -0.10915830 0.13609500 -0.10123470
v -0.10258921 0.14015492 -0.11186371
v -0.10258921 0.15329309 -0.11186371
v -0.10915830 0.15735301 -0.08809653
v -0.10915830 0.13609500 -0.08809653
v -0.10258921 0.14015492 -0.07746753
v -0.10258921 0.15329309 -0.07746753
v -0.11321821 0.14672401 -0.09466562
v -0.09776931 0.16717290 -0.09466562
v -0.08615111 0.16717290 -0.09466562
v -0.09776931 0.12627511 -0.09466562
v -0.08615111 0.12627511 -0.09466562
v -0.10118381 0.12838539 -0.08914083
v -0.09537471 0.13197562 -0.07974151
v -0.09541378 0.12650644 -0.08907762
v -0.08273660 0.12838539 -0.08914083
v -0.08854570 0.13197562 -0.07974151
v -0.08850663 0.12650644 -0.08907762
v -0.09196021 0.12864087 -0.08348962
v -0.10118381 0.16506262 -0.08914083
v -0.09537471 0.16147239 -0.07974151
v -0.09541378 0.16694157 -0.08907762
v -0.08273660 0.16506262 -0.08914083
v -0.08854570 0.16147239 -0.07974151
v -0.08850663 0.16694157 -0.08907762
v -0.09196021 0.16480715 -0.08348962
v -0.09196021 0.14091490 -0.07421673
v -0.09196021 0.15253311 -0.07421673
v -0.10118381 0.12838539 -0.10019040
v -0.09537471 0.13197562 -0.10958973
v -0.09541378 0.12650644 -0.10025362
v -0.08273660 0.12838539 -0.10019040
v -0.08854570 0.13197562 -0.10958973
v -0.08850663 0.12650644 -0.10025362
v -0.09196021 0.12864087 -0.10584161
v -0.10118381 0.16506262 -0.10019040
v -0.09537471 0.16147239 -0.10958973
v -0.09541378 0.16694157 -0.10025362
v -0.08273660 0.16506262 -0.10019040
v -0.08854570 0.16147239 -0.10958973
v -0.08850663 0.16694157 -0.10025362
v -0.09196021 0.16480715 -0.10584161
v -0.09196021 0.14091490 -0.11511451
v -0.09196021 0.15253311 -0.11511451
v -0.07721182 0.16164811 -0.09808012
v -0.07362160 0.15224879 -0.10388922
v -0.07946506 0.16135357 -0.10370719
v -0.07721182 0.13179990 -0.09808012
v -0.07362160 0.14119922 -0.10388922
v -0.07946506 0.13209444 -0.10370719
v -0.08643542 0.13750040 -0.11300423
v -0.07703610 0.14330950 -0.10941401
v -0.08291864 0.13422886 -0.10929519
v -0.08637221 0.14327043 -0.11488318
v -0.07733064 0.13768244 -0.10716076
v -0.08643542 0.15594761 -0.11300423
v -0.07703610 0.15013851 -0.10941401
v -0.08291864 0.15921915 -0.10929519
v -0.08637221 0.15017758 -0.11488318
v -0.07733064 0.15576558 -0.10716076
v -0.08078421 0.14672401 -0.11274876
v -0.07721182 0.16164811 -0.09125111
v -0.07362160 0.15224879 -0.08544201
v -0.07946506 0.16135357 -0.08562405
v -0.07387707 0.15790000 -0.09466562
v -0.07721182 0.13179990 -0.09125111
v -0.07362160 0.14119922 -0.08544201
v -0.07946506 0.13209444 -0.08562405
v -0.07387707 0.13554801 -0.09466562
v -0.08643542 0.13750040 -0.07632701
v -0.07703610 0.14330950 -0.07991723
v -0.08291864 0.13422886 -0.08003605
v -0.08637221 0.14327043 -0.07444805
v -0.07733064 0.13768244 -0.08217048
v -0.08643542 0.15594761 -0.07632701
v -0.07703610 0.15013851 -0.07991723
v -0.08291864 0.15921915 -0.08003605
v -0.08637221 0.15017758 -0.07444805
v -0.07733064 0.15576558 -0.08217048
v -0.08078421 0.14672401 -0.07658248
v -0.07151132 0.14672401 -0.10047472
v -0.07151132 0.14672401 -0.08885652
v -0.07174264 0.15231200 -0.09811919
v -0.07174264 0.14113601 -0.09811919
v -0.07174264 0.15231200 -0.09121205
v -0.07174264 0.14113601 -0.09121205
v -0.10670860 0.16164811 -0.09808012
v -0.11029882 0.15224879 -0.10388922
v -0.10445535 0.16135357 -0.10370719
v -0.10670860 0.13179990 -0.09808012
v -0.11029882 0.14119922 -0.10388922
v -0.10445535 0.13209444 -0.10370719
v -0.09748499 0.13750040 -0.11300423
v -0.10688431 0.14330950 -0.10941401
v -0.10100178 0.13422886 -0.10929519
v -0.09754820 0.14327043 -0.11488318
v -0.10658977 0.13768244 -0.10716076
v -0.09748499 0.15594761 -0.11300423
v -0.10688431 0.15013851 -0.10941401
v -0.10100178 0.15921915 -0.10929519
v -0.09754820 0.15017758 -0.11488318
v -0.10658977 0.15576558 -0.10716076
v -0.10313620 0.14672401 -0.11274876
v -0.10670860 0.16164811 -0.09125111
v -0.11029882 0.15224879 -0.08544201
v -0.10445535 0.16135357 -0.08562405
v -0.11004335 0.15790000 -0.09466562
v -0.10670860 0.13179990 -0.09125111
v -0.11029882 0.14119922 -0.08544201
v -0.10445535 0.13209444 -0.08562405
v -0.11004335 0.13554801 -0.09466562
v -0.09748499 0.13750040 -0.07632701
v -0.10688431 0.14330950 -0.07991723
v -0.10100178 0.13422886 -0.08003605
v -0.09754820 0.14327043 -0.07444805
v -0.10658977 0.13768244 -0.08217048
v -0.09748499 0.15594761 -0.07632701
v -0.10688431 0.15013851 -0.07991723
v -0.10100178 0.15921915 -0.08003605
v -0.09754820 0.15017758 -0.07444805
v -0.10658977 0.15576558 -0.08217048
v -0.10313620 0.14672401 -0.07658248
v -0.11240910 0.14672401 -0.10047472
v -0.11240910 0.14672401 -0.08885652
v -0.11217777 0.15231200 -0.09811919
v -0.11217777 0.14113601 -0.09811919
v -0.11217777 0.15231200 -0.09121205
v -0.11217777 0.14113601 -0.09121205
v 0.03217873 -0.13816936 0.94055675
v 0.09231720 -0.18180622 0.45004083
v 0.00864866 -0.12864373 0.93682449
v 0.06878713 -0.17228059 0.44630857
v -0.00109781 -0.10513757 0.93353842
v 0.05904065 -0.14877443 0.44302250
v 0.00864866 -0.08142047 0.93262346
v 0.06878713 -0.12505733 0.44210754
v 0.03217873 -0.07138559 0.93461559
v 0.09231720 -0.11502245 0.44409967
v 0.05570880 -0.08091123 0.93834784
v 0.11584727 -0.12454809 0.44783193
v 0.06545527 -0.10441738 0.94163392
v 0.12559374 -0.14805424 0.45111800
v 0.05570880 -0.12813448 0.94254888
v 0.11584727 -0.17177134 0.45203296
v 0.03217873 -0.10477748 0.93758617
v 0.09231720 -0.14841434 0.44707025
v 0.00937058 -0.06787311 0.93758617
v 0.05498688 -0.06787311 0.93758617
v 0.00937058 -0.14168184 0.93758617
v 0.05498688 -0.14168184 0.93758617
v 0.03217873 -0.12758563 0.97449054
v 0.03217873 -0.08196932 0.97449054
v 0.03217873 -0.12758563 0.90068180
v 0.03217873 -0.08196932 0.90068180
v 0.06908310 -0.10477748 0.91477801
v 0.06908310 -0.10477748 0.96039432
v -0.00472564 -0.10477748 0.91477801
v -0.00472564 -0.10477748 0.96039432
v 0.03217873 -0.06139379 0.93758617
v 0.03217873 -0.14816116 0.93758617
v 0.01877243 -0.13987562 0.95927801
v 0.04558503 -0.13987562 0.95927801
v 0.01877243 -0.06967934 0.95927801
v 0.04558503 -0.06967934 0.95927801
v 0.03217873 -0.10477748 0.98096985
v 0.01877243 -0.13987562 0.91589432
v 0.04558503 -0.13987562 0.91589432
v 0.01877243 -0.06967934 0.91589432
v 0.04558503 -0.06967934 0.91589432
v 0.03217873 -0.10477748 0.89420248
v 0.06727687 -0.08308563 0.92417987
v 0.06727687 -0.12646932 0.92417987
v 0.05387057 -0.11818377 0.90248803
v 0.05387057 -0.09137118 0.90248803
v 0.06727687 -0.08308563 0.95099246
v 0.06727687 -0.12646932 0.95099246
v 0.05387057 -0.11818377 0.97268431
v 0.05387057 -0.09137118 0.97268431
v 0.07556241 -0.10477748 0.93758617
v -0.00291941 -0.08308563 0.92417987
v -0.00291941 -0.12646932 0.92417987
v 0.01048689 -0.11818377 0.90248803
v 0.01048689 -0.09137118 0.90248803
v -0.00291941 -0.08308563 0.95099246
v -0.00291941 -0.12646932 0.95099246
v 0.01048689 -0.11818377 0.97268431
v 0.01048689 -0.09137118 0.97268431
v -0.01120496 -0.10477748 0.93758617
v 0.02032342 -0.06304505 0.93758617
v 0.04403404 -0.06304505 0.93758617
v 0.02032342 -0.14650991 0.93758617
v 0.04403404 -0.14650991 0.93758617
v 0.01335504 -0.14220322 0.94886124
v 0.02521035 -0.13487623 0.96804353
v 0.02513062 -0.14603781 0.94899024
v 0.05100241 -0.14220322 0.94886124
v 0.03914710 -0.13487623 0.96804353
v 0.03922684 -0.14603781 0.94899024
v 0.03217873 -0.14168184 0.96039432
v 0.01335504 -0.06735174 0.94886124
v 0.02521035 -0.07467872 0.96804353
v 0.02513062 -0.06351714 0.94899024
v 0.05100241 -0.06735174 0.94886124
v 0.03914710 -0.07467872 0.96804353
v 0.03922684 -0.06351714 0.94899024
v 0.03217873 -0.06787311 0.96039432
v 0.03217873 -0.11663279 0.97931860
v 0.03217873 -0.09292217 0.97931860
v 0.01335504 -0.14220322 0.92631110
v 0.02521035 -0.13487623 0.90712881
v 0.02513062 -0.14603781 0.92618209
v 0.05100241 -0.14220322 0.92631110
v 0.03914710 -0.13487623 0.90712881
v 0.03922684 -0.14603781 0.92618209
v 0.03217873 -0.14168184 0.91477801
v 0.01335504 -0.06735174 0.92631110
v 0.02521035 -0.07467872 0.90712881
v 0.02513062 -0.06351714 0.92618209
v 0.05100241 -0.06735174 0.92631110
v 0.03914710 -0.07467872 0.90712881
v 0.03922684 -0.06351714 0.92618209
v 0.03217873 -0.06787311 0.91477801
v 0.03217873 -0.11663279 0.89585374
v 0.03217873 -0.09292217 0.89585374
v 0.06227748 -0.07432011 0.93061779
v 0.06960447 -0.09350241 0.91876248
v 0.05767902 -0.07492122 0.91913398
v 0.06227748 -0.13523484 0.93061779
v 0.06960447 -0.11605255 0.91876248
v 0.05767902 -0.13463374 0.91913398
v 0.04345380 -0.12360116 0.90016043
v 0.06263609 -0.11174585 0.90748741
v 0.05063091 -0.13027777 0.90772991
v 0.04358281 -0.11182558 0.89632583
v 0.06203499 -0.12322966 0.91208588
v 0.04345380 -0.08595379 0.90016043
v 0.06263609 -0.09780910 0.90748741
v 0.05063091 -0.07927719 0.90772991
v 0.04358281 -0.09772937 0.89632583
v 0.06203499 -0.08632529 0.91208588
v 0.05498688 -0.10477748 0.90068180
v 0.06227748 -0.07432011 0.94455454
v 0.06960447 -0.09350241 0.95640985
v 0.05767902 -0.07492122 0.95603835
v 0.06908310 -0.08196932 0.93758617
v 0.06227748 -0.13523484 0.94455454
v 0.06960447 -0.11605255 0.95640985
v 0.05767902 -0.13463374 0.95603835
v 0.06908310 -0.12758563 0.93758617
v 0.04345380 -0.12360116 0.97501191
v 0.06263609 -0.11174585 0.96768492
v 0.05063091 -0.13027777 0.96744243
v 0.04358281 -0.11182558 0.97884650
v 0.06203499 -0.12322966 0.96308646
v 0.04345380 -0.08595379 0.97501191
v 0.06263609 -0.09780910 0.96768492
v 0.05063091 -0.07927719 0.96744243
v 0.04358281 -0.09772937 0.97884650
v 0.06203499 -0.08632529 0.96308646
v 0.05498688 -0.10477748 0.97449054
v 0.07391116 -0.10477748 0.92573086
v 0.07391116 -0.10477748 0.94944148
v 0.07343907 -0.09337340 0.93053806
v 0.07343907 -0.11618155 0.93053806
v 0.07343907 -0.09337340 0.94463427
v 0.07343907 -0.11618155 0.94463427
v 0.00207997 -0.07432011 0.93061779
v -0.00524701 -0.09350241 0.91876248
v 0.00667844 -0.07492122 0.91913398
v 0.00207997 -0.13523484 0.93061779
v -0.00524701 -0.11605255 0.91876248
v 0.00667844 -0.13463374 0.91913398
v 0.02090366 -0.12360116 0.90016043
v 0.00172137 -0.11174585 0.90748741
v 0.01372655 -0.13027777 0.90772991
v 0.02077465 -0.11182558 0.89632583
v 0.00232247 -0.12322966 0.91208588
v 0.02090366 -0.08595379 0.90016043
v 0.00172137 -0.09780910 0.90748741
v 0.01372655 -0.07927719 0.90772991
v 0.02077465 -0.09772937 0.89632583
v 0.00232247 -0.08632529 0.91208588
v 0.00937058 -0.10477748 0.90068180
v 0.00207997 -0.07432011 0.94455454
v -0.00524701 -0.09350241 0.95640985
v 0.00667844 -0.07492122 0.95603835
v -0.00472564 -0.08196932 0.93758617
v 0.00207997 -0.13523484 0.94455454
v -0.00524701 -0.11605255 0.95640985
v 0.00667844 -0.13463374 0.95603835
v -0.00472564 -0.12758563 0.93758617
v 0.02090366 -0.12360116 0.97501191
v 0.00172137 -0.11174585 0.96768492
v 0.01372655 -0.13027777 0.96744243
v 0.02077465 -0.11182558 0.97884650
v 0.00232247 -0.12322966 0.96308646
v 0.02090366 -0.08595379 0.97501191
v 0.00172137 -0.09780910 0.96768492
v 0.01372655 -0.07927719 0.96744243
v 0.02077465 -0.09772937 0.97884650
v 0.00232247 -0.08632529 0.96308646
v 0.00937058 -0.10477748 0.97449054
v -0.00955370 -0.10477748 0.92573086
v -0.00955370 -0.10477748 0.94944148
v -0.00908161 -0.09337340 0.93053806
v -0.00908161 -0.11618155 0.93053806
v -0.00908161 -0.09337340 0.94463427
v -0.00908161 -0.11618155 0.94463427
v 0.09231720 -0.17178446 0.44494415
v 0.02844724 -0.12795060 -0.03687836
v 0.07586651 -0.16513627 0.44772966
v 0.01199656 -0.12130241 -0.03409285
v 0.06905242 -0.14869260 0.45012889
v 0.00518246 -0.10485874 -0.03169362
v 0.07586651 -0.13208593 0.45073642
v 0.01199656 -0.08825207 -0.03108610
v 0.09231720 -0.12504422 0.44919635
v 0.02844724 -0.08121036 -0.03262616
v 0.10876788 -0.13169241 0.44641084
v 0.04489792 -0.08785855 -0.03541167
v 0.11558198 -0.14813608 0.44401161
v 0.05171202 -0.10430222 -0.03781091
v 0.10876788 -0.16474275 0.44340408
v 0.04489792 -0.12090889 -0.03841843
v 0.09231720 -0.14841434 0.44707025
v 0.02844724 -0.10458048 -0.03475226
v 0.07635149 -0.12258128 0.44707025
v 0.10828291 -0.12258128 0.44707025
v 0.07635149 -0.17424739 0.44707025
v 0.10828291 -0.17424739 0.44707025
v 0.09231720 -0.16438004 0.47290331
v 0.09231720 -0.13244863 0.47290331
v 0.09231720 -0.16438004 0.42123719
v 0.09231720 -0.13244863 0.42123719
v 0.11815026 -0.14841434 0.43110454
v 0.11815026 -0.14841434 0.46303596
v 0.06648414 -0.14841434 0.43110454
v 0.06648414 -0.14841434 0.46303596
v 0.09231720 -0.11804576 0.44707025
v 0.09231720 -0.17878292 0.44707025
v 0.08293279 -0.17298303 0.46225454
v 0.10170161 -0.17298303 0.46225454
v 0.08293279 -0.12384564 0.46225454
v 0.10170161 -0.12384564 0.46225454
v 0.09231720 -0.14841434 0.47743883
v 0.08293279 -0.17298303 0.43188596
v 0.10170161 -0.17298303 0.43188596
v 0.08293279 -0.12384564 0.43188596
v 0.10170161 -0.12384564 0.43188596
v 0.09231720 -0.14841434 0.41670167
v 0.11688590 -0.13323005 0.43768584
v 0.11688590 -0.16359863 0.43768584
v 0.10750149 -0.15779874 0.42250155
v 0.10750149 -0.13902993 0.42250155
v 0.11688590 -0.13323005 0.45645466
v 0.11688590 -0.16359863 0.45645466
v 0.10750149 -0.15779874 0.47163895
v 0.10750149 -0.13902993 0.47163895
v 0.12268578 -0.14841434 0.44707025
v 0.06774850 -0.13323005 0.43768584
v 0.06774850 -0.16359863 0.43768584
v 0.07713291 -0.15779874 0.42250155
v 0.07713291 -0.13902993 0.42250155
v 0.06774850 -0.13323005 0.45645466
v 0.06774850 -0.16359863 0.45645466
v 0.07713291 -0.15779874 0.47163895
v 0.07713291 -0.13902993 0.47163895
v 0.06194862 -0.14841434 0.44707025
v 0.08401848 -0.11920164 0.44707025
v 0.10061591 -0.11920164 0.44707025
v 0.08401848 -0.17762704 0.44707025
v 0.10061591 -0.17762704 0.44707025
v 0.07914062 -0.17461235 0.45496280
v 0.08743934 -0.16948347 0.46839040
v 0.08738352 -0.17729657 0.45505310
v 0.10549378 -0.17461235 0.45496280
v 0.09719506 -0.16948347 0.46839040
v 0.09725087 -0.17729657 0.45505310
v 0.09231720 -0.17424739 0.46303596
v 0.07914062 -0.12221632 0.45496280
v 0.08743934 -0.12734521 0.46839040
v 0.08738352 -0.11953210 0.45505310
v 0.10549378 -0.12221632 0.45496280
v 0.09719506 -0.12734521 0.46839040
v 0.09725087 -0.11953210 0.45505310
v 0.09231720 -0.12258128 0.46303596
v 0.09231720 -0.15671305 0.47628295
v 0.09231720 -0.14011562 0.47628295
v 0.07914062 -0.17461235 0.43917770
v 0.08743934 -0.16948347 0.42575010
v 0.08738352 -0.17729657 0.43908740
v 0.10549378 -0.17461235 0.43917770
v 0.09719506 -0.16948347 0.42575010
v 0.09725087 -0.17729657 0.43908740
v 0.09231720 -0.17424739 0.43110454
v 0.07914062 -0.12221632 0.43917770
v 0.08743934 -0.12734521 0.42575010
v 0.08738352 -0.11953210 0.43908740
v 0.10549378 -0.12221632 0.43917770
v 0.09719506 -0.12734521 0.42575010
v 0.09725087 -0.11953210 0.43908740
v 0.09231720 -0.12258128 0.43110454
v 0.09231720 -0.15671305 0.41785755
v 0.09231720 -0.14011562 0.41785755
v 0.11338633 -0.12709418 0.44219239
v 0.11851522 -0.14052179 0.43389367
v 0.11016740 -0.12751496 0.43415372
v 0.11338633 -0.16973449 0.44219239
v 0.11851522 -0.15630689 0.43389367
v 0.11016740 -0.16931372 0.43415372
v 0.10020975 -0.16159092 0.42087223
v 0.11363735 -0.15329220 0.42600112
v 0.10523373 -0.16626454 0.42617087
v 0.10030005 -0.15334801 0.41818801
v 0.11321658 -0.16133087 0.42922005
v 0.10020975 -0.13523776 0.42087223
v 0.11363735 -0.14353647 0.42600112
v 0.10523373 -0.13056413 0.42617087
v 0.10030005 -0.14348066 0.41818801
v 0.11321658 -0.13549781 0.42922005
v 0.10828291 -0.14841434 0.42123719
v 0.11338633 -0.12709418 0.45194811
v 0.11851522 -0.14052179 0.46024683
v 0.11016740 -0.12751496 0.45998678
v 0.11815026 -0.13244863 0.44707025
v 0.11338633 -0.16973449 0.45194811
v 0.11851522 -0.15630689 0.46024683
v 0.11016740 -0.16931372 0.45998678
v 0.11815026 -0.16438004 0.44707025
v 0.10020975 -0.16159092 0.47326827
v 0.11363735 -0.15329220 0.46813938
v 0.10523373 -0.16626454 0.46796963
v 0.10030005 -0.15334801 0.47595249
v 0.11321658 -0.16133087 0.46492045
v 0.10020975 -0.13523776 0.47326827
v 0.11363735 -0.14353647 0.46813938
v 0.10523373 -0.13056413 0.46796963
v 0.10030005 -0.14348066 0.47595249
v 0.11321658 -0.13549781 0.46492045
v 0.10828291 -0.14841434 0.47290331
v 0.12152990 -0.14841434 0.43877153
v 0.12152990 -0.14841434 0.45536897
v 0.12119943 -0.14043148 0.44213658
v 0.12119943 -0.15639719 0.44213658
v 0.12119943 -0.14043148 0.45200393
v 0.12119943 -0.15639719 0.45200393
v 0.07124807 -0.12709418 0.44219239
v 0.06611918 -0.14052179 0.43389367
v 0.07446699 -0.12751496 0.43415372
v 0.07124807 -0.16973449 0.44219239
v 0.06611918 -0.15630689 0.43389367
v 0.07446699 -0.16931372 0.43415372
v 0.08442465 -0.16159092 0.42087223
v 0.07099704 -0.15329220 0.42600112
v 0.07940067 -0.16626454 0.42617087
v 0.08433434 -0.15334801 0.41818801
v 0.07141782 -0.16133087 0.42922005
v 0.08442465 -0.13523776 0.42087223
v 0.07099704 -0.14353647 0.42600112
v 0.07940067 -0.13056413 0.42617087
v 0.08433434 -0.14348066 0.41818801
v 0.07141782 -0.13549781 0.42922005
v 0.07635149 -0.14841434 0.42123719
v 0.07124807 -0.12709418 0.45194811
v 0.06611918 -0.14052179 0.46024683
v 0.07446699 -0.12751496 0.45998678
v 0.06648414 -0.13244863 0.44707025
v 0.07124807 -0.16973449 0.45194811
v 0.06611918 -0.15630689 0.46024683
v 0.07446699 -0.16931372 0.45998678
v 0.06648414 -0.16438004 0.44707025
v 0.08442465 -0.16159092 0.47326827
v 0.07099704 -0.15329220 0.46813938
v 0.07940067 -0.16626454 0.46796963
v 0.08433434 -0.15334801 0.47595249
v 0.07141782 -0.16133087 0.46492045
v 0.08442465 -0.13523776 0.47326827
v 0.07099704 -0.14353647 0.46813938
v 0.07940067 -0.13056413 0.46796963
v 0.08433434 -0.14348066 0.47595249
v 0.07141782 -0.13549781 0.46492045
v 0.07635149 -0.14841434 0.47290331
v 0.06310450 -0.14841434 0.43877153
v 0.06310450 -0.14841434 0.45536897
v 0.06343496 -0.14043148 0.44213658
v 0.06343496 -0.15639719 0.44213658
v 0.06343496 -0.14043148 0.45200393
v 0.06343496 -0.15639719 0.45200393
v 0.01727125 -0.08649734 -0.03475226
v 0.03962324 -0.08649734 -0.03475226
v 0.01727125 -0.12266362 -0.03475226
v 0.03962324 -0.12266362 -0.03475226
v 0.02844724 -0.11575648 -0.01666912
v 0.02844724 -0.09340449 -0.01666912
v 0.02844724 -0.11575648 -0.05283540
v 0.02844724 -0.09340449 -0.05283540
v 0.04653038 -0.10458048 -0.04592826
v 0.04653038 -0.10458048 -0.02357627
v 0.01036410 -0.10458048 -0.04592826
v 0.01036410 -0.10458048 -0.02357627
v 0.02844724 -0.08332247 -0.03475226
v 0.02844724 -0.12583849 -0.03475226
v 0.02187816 -0.12177857 -0.02412326
v 0.03501633 -0.12177857 -0.02412326
v 0.02187816 -0.08738239 -0.02412326
v 0.03501633 -0.08738239 -0.02412326
v 0.02844724 -0.10458048 -0.01349426
v 0.02187816 -0.12177857 -0.04538127
v 0.03501633 -0.12177857 -0.04538127
v 0.02187816 -0.08738239 -0.04538127
v 0.03501633 -0.08738239 -0.04538127
v 0.02844724 -0.10458048 -0.05601027
v 0.04564533 -0.09395148 -0.04132135
v 0.04564533 -0.11520948 -0.04132135
v 0.03907624 -0.11114957 -0.05195035
v 0.03907624 -0.09801140 -0.05195035
v 0.04564533 -0.09395148 -0.02818318
v 0.04564533 -0.11520948 -0.02818318
v 0.03907624 -0.11114957 -0.01755417
v 0.03907624 -0.09801140 -0.01755417
v 0.04970525 -0.10458048 -0.03475226
v 0.01124915 -0.09395148 -0.04132135
v 0.01124915 -0.11520948 -0.04132135
v 0.01781824 -0.11114957 -0.05195035
v 0.01781824 -0.09801140 -0.05195035
v 0.01124915 -0.09395148 -0.02818318
v 0.01124915 -0.11520948 -0.02818318
v 0.01781824 -0.11114957 -0.01755417
v 0.01781824 -0.09801140 -0.01755417
v 0.00718923 -0.10458048 -0.03475226
v 0.02263814 -0.08413159 -0.03475226
v 0.03425634 -0.08413159 -0.03475226
v 0.02263814 -0.12502937 -0.03475226
v 0.03425634 -0.12502937 -0.03475226
v 0.01922363 -0.12291909 -0.02922748
v 0.02503274 -0.11932887 -0.01982815
v 0.02499367 -0.12479805 -0.02916426
v 0.03767085 -0.12291909 -0.02922748
v 0.03186174 -0.11932887 -0.01982815
v 0.03190081 -0.12479805 -0.02916426
v 0.02844724 -0.12266362 -0.02357627
v 0.01922363 -0.08624187 -0.02922748
v 0.02503274 -0.08983209 -0.01982815
v 0.02499367 -0.08436292 -0.02916426
v 0.03767085 -0.08624187 -0.02922748
v 0.03186174 -0.08983209 -0.01982815
v 0.03190081 -0.08436292 -0.02916426
v 0.02844724 -0.08649734 -0.02357627
v 0.02844724 -0.11038958 -0.01430337
v 0.02844724 -0.09877138 -0.01430337
v 0.01922363 -0.12291909 -0.04027705
v 0.02503274 -0.11932887 -0.04967637
v 0.02499367 -0.12479805 -0.04034026
v 0.03767085 -0.12291909 -0.04027705
v 0.03186174 -0.11932887 -0.04967637
v 0.03190081 -0.12479805 -0.04034026
v 0.02844724 -0.12266362 -0.04592826
v 0.01922363 -0.08624187 -0.04027705
v 0.02503274 -0.08983209 -0.04967637
v 0.02499367 -0.08436292 -0.04034026
v 0.03767085 -0.08624187 -0.04027705
v 0.03186174 -0.08983209 -0.04967637
v 0.03190081 -0.08436292 -0.04034026
v 0.02844724 -0.08649734 -0.04592826
v 0.02844724 -0.11038958 -0.05520115
v 0.02844724 -0.09877138 -0.05520115
v 0.04319563 -0.08965637 -0.03816677
v 0.04678585 -0.09905570 -0.04397587
v 0.04094238 -0.08995091 -0.04379383
v 0.04319563 -0.11950459 -0.03816677
v 0.04678585 -0.11010526 -0.04397587
v 0.04094238 -0.11921005 -0.04379383
v 0.03397202 -0.11380409 -0.05309087
v 0.04337135 -0.10799499 -0.04950065
v 0.03748881 -0.11707562 -0.04938183
v 0.03403524 -0.10803405 -0.05496983
v 0.04307681 -0.11362205 -0.04724741
v 0.03397202 -0.09535688 -0.05309087
v 0.04337135 -0.10116598 -0.04950065
v 0.03748881 -0.09208534 -0.04938183
v 0.03403524 -0.10112691 -0.05496983
v 0.04307681 -0.09553891 -0.04724741
v 0.03962324 -0.10458048 -0.05283540
v 0.04319563 -0.08965637 -0.03133776
v 0.04678585 -0.09905570 -0.02552866
v 0.04094238 -0.08995091 -0.02571069
v 0.04653038 -0.09340449 -0.03475226
v 0.04319563 -0.11950459 -0.03133776
v 0.04678585 -0.11010526 -0.02552866
v 0.04094238 -0.11921005 -0.02571069
v 0.04653038 -0.11575648 -0.03475226
v 0.03397202 -0.11380409 -0.01641365
v 0.04337135 -0.10799499 -0.02000387
v 0.03748881 -0.11707562 -0.02012269
v 0.03403524 -0.10803405 -0.01453470
v 0.04307681 -0.11362205 -0.02225712
v 0.03397202 -0.09535688 -0.01641365
v 0.04337135 -0.10116598 -0.02000387
v 0.03748881 -0.09208534 -0.02012269
v 0.03403524 -0.10112691 -0.01453470
v 0.04307681 -0.09553891 -0.02225712
v 0.03962324 -0.10458048 -0.01666912
v 0.04889613 -0.10458048 -0.04056136
v 0.04889613 -0.10458048 -0.02894316
v 0.04866481 -0.09899248 -0.03820584
v 0.04866481 -0.11016848 -0.03820584
v 0.04866481 -0.09899248 -0.03129869
v 0.04866481 -0.11016848 -0.03129869
v 0.01369885 -0.08965637 -0.03816677
v 0.01010863 -0.09905570 -0.04397587
v 0.01595210 -0.08995091 -0.04379383
v 0.01369885 -0.11950459 -0.03816677
v 0.01010863 -0.11010526 -0.04397587
v 0.01595210 -0.11921005 -0.04379383
v 0.02292246 -0.11380409 -0.05309087
v 0.01352313 -0.10799499 -0.04950065
v 0.01940567 -0.11707562 -0.04938183
v 0.02285924 -0.10803405 -0.05496983
v 0.01381767 -0.11362205 -0.04724741
v 0.02292246 -0.09535688 -0.05309087
v 0.01352313 -0.10116598 -0.04950065
v 0.01940567 -0.09208534 -0.04938183
v 0.02285924 -0.10112691 -0.05496983
v 0.01381767 -0.09553891 -0.04724741
v 0.01727125 -0.10458048 -0.05283540
v 0.01369885 -0.08965637 -0.03133776
v 0.01010863 -0.09905570 -0.02552866
v 0.01595210 -0.08995091 -0.02571069
v 0.01036410 -0.09340449 -0.03475226
v 0.01369885 -0.11950459 -0.03133776
v 0.01010863 -0.11010526 -0.02552866
v 0.01595210 -0.11921005 -0.02571069
v 0.01036410 -0.11575648 -0.03475226
v 0.02292246 -0.11380409 -0.01641365
v 0.01352313 -0.10799499 -0.02000387
v 0.01940567 -0.11707562 -0.02012269
v 0.02285924 -0.10803405 -0.01453470
v 0.01381767 -0.11362205 -0.02225712
v 0.02292246 -0.09535688 -0.01641365
v 0.01352313 -0.10116598 -0.02000387
v 0.01940567 -0.09208534 -0.02012269
v 0.02285924 -0.10112691 -0.01453470
v 0.01381767 -0.09553891 -0.02225712
v 0.01727125 -0.10458048 -0.01666912
v 0.00799835 -0.10458048 -0.04056136
v 0.00799835 -0.10458048 -0.02894316
v 0.00822968 -0.09899248 -0.03820584
v 0.00822968 -0.11016848 -0.03820584
v 0.00822968 -0.09899248 -0.03129869
v 0.00822968 -0.11016848 -0.03129869
v -0.04947973 0.13784551 -0.17363943
v -0.08322800 0.16001619 -0.09466562
v -0.06040588 0.13944997 -0.17875899
v -0.09415416 0.16162066 -0.09978518
v -0.07004685 0.13232819 -0.18087958
v -0.10379512 0.15449887 -0.10190577
v -0.07275508 0.12065199 -0.17875899
v -0.10650336 0.14282267 -0.09978518
v -0.06694413 0.11126114 -0.17363943
v -0.10069241 0.13343182 -0.09466562
v -0.05601798 0.10965667 -0.16851988
v -0.08976626 0.13182735 -0.08954606
v -0.04637701 0.11677846 -0.16639929
v -0.08012529 0.13894914 -0.08742547
v -0.04366878 0.12845466 -0.16851988
v -0.07741706 0.15062534 -0.08954606
v -0.05821193 0.12455332 -0.17363943
v -0.09196021 0.14672401 -0.09466562
v -0.09191782 0.16063984 -0.09466562
v -0.15493722 0.16083181 -0.17765724
v -0.08409356 0.15654011 -0.10061642
v -0.14711296 0.15673209 -0.18360804
v -0.08087748 0.14669024 -0.10308133
v -0.14389688 0.14688222 -0.18607295
v -0.08415351 0.13686015 -0.10061642
v -0.14717291 0.13705213 -0.18360804
v -0.09200260 0.13280817 -0.09466562
v -0.15502200 0.13300015 -0.17765724
v -0.09982686 0.13690790 -0.08871481
v -0.16284626 0.13709987 -0.17170643
v -0.10304294 0.14675777 -0.08624991
v -0.16606234 0.14694974 -0.16924152
v -0.09976690 0.15658786 -0.08871481
v -0.16278631 0.15677983 -0.17170643
v -0.09196021 0.14672401 -0.09466562
v -0.15497961 0.14691598 -0.17765724
v -0.06761824 0.13977306 -0.17363943
v -0.04880562 0.13977306 -0.17363943
v -0.06761824 0.10933359 -0.17363943
v -0.04880562 0.10933359 -0.17363943
v -0.05821193 0.11514701 -0.15841970
v -0.05821193 0.13395963 -0.15841970
v -0.05821193 0.11514701 -0.18885917
v -0.05821193 0.13395963 -0.18885917
v -0.04299220 0.12455332 -0.18304575
v -0.04299220 0.12455332 -0.16423312
v -0.07343166 0.12455332 -0.18304575
v -0.07343166 0.12455332 -0.16423312
v -0.05821193 0.14244519 -0.17363943
v -0.05821193 0.10666145 -0.17363943
v -0.06374082 0.11007850 -0.16469350
v -0.05268304 0.11007850 -0.16469350
v -0.06374082 0.13902815 -0.16469350
v -0.05268304 0.13902815 -0.16469350
v -0.05821193 0.12455332 -0.15574756
v -0.06374082 0.11007850 -0.18258537
v -0.05268304 0.11007850 -0.18258537
v -0.06374082 0.13902815 -0.18258537
v -0.05268304 0.13902815 -0.18258537
v -0.05821193 0.12455332 -0.19153130
v -0.04373711 0.13349926 -0.17916832
v -0.04373711 0.11560739 -0.17916832
v -0.04926600 0.11902443 -0.18811426
v -0.04926600 0.13008221 -0.18811426
v -0.04373711 0.13349926 -0.16811054
v -0.04373711 0.11560739 -0.16811054
v -0.04926600 0.11902443 -0.15916461
v -0.04926600 0.13008221 -0.15916461
v -0.04032006 0.12455332 -0.17363943
v -0.07268676 0.13349926 -0.17916832
v -0.07268676 0.11560739 -0.17916832
v -0.06715787 0.11902443 -0.18811426
v -0.06715787 0.13008221 -0.18811426
v -0.07268676 0.13349926 -0.16811054
v -0.07268676 0.11560739 -0.16811054
v -0.06715787 0.11902443 -0.15916461
v -0.06715787 0.13008221 -0.15916461
v -0.07610380 0.12455332 -0.17363943
v -0.06310118 0.14176420 -0.17363943
v -0.05332268 0.14176420 -0.17363943
v -0.06310118 0.10734245 -0.17363943
v -0.05332268 0.10734245 -0.17363943
v -0.06597501 0.10911857 -0.16898948
v -0.06108576 0.11214029 -0.16107851
v -0.06111864 0.10753714 -0.16893628
v -0.05044885 0.10911857 -0.16898948
v -0.05533810 0.11214029 -0.16107851
v -0.05530522 0.10753714 -0.16893628
v -0.05821193 0.10933359 -0.16423312
v -0.06597501 0.13998807 -0.16898948
v -0.06108576 0.13696635 -0.16107851
v -0.06111864 0.14156950 -0.16893628
v -0.05044885 0.13998807 -0.16898948
v -0.05533810 0.13696635 -0.16107851
v -0.05530522 0.14156950 -0.16893628
v -0.05821193 0.13977306 -0.16423312
v -0.05821193 0.11966407 -0.15642856
v -0.05821193 0.12944257 -0.15642856
v -0.06597501 0.10911857 -0.17828939
v -0.06108576 0.11214029 -0.18620036
v -0.06111864 0.10753714 -0.17834259
v -0.05044885 0.10911857 -0.17828939
v -0.05533810 0.11214029 -0.18620036
v -0.05530522 0.10753714 -0.17834259
v -0.05821193 0.10933359 -0.18304575
v -0.06597501 0.13998807 -0.17828939
v -0.06108576 0.13696635 -0.18620036
v -0.06111864 0.14156950 -0.17834259
v -0.05044885 0.13998807 -0.17828939
v -0.05533810 0.13696635 -0.18620036
v -0.05530522 0.14156950 -0.17834259
v -0.05821193 0.13977306 -0.18304575
v -0.05821193 0.11966407 -0.19085031
v -0.05821193 0.12944257 -0.19085031
v -0.04579890 0.13711425 -0.17651326
v -0.04277718 0.12920327 -0.18140251
v -0.04769535 0.13686634 -0.18124930
v -0.04579890 0.11199240 -0.17651326
v -0.04277718 0.11990337 -0.18140251
v -0.04769535 0.11224030 -0.18124930
v -0.05356198 0.11679025 -0.18907418
v -0.04565101 0.12167949 -0.18605246
v -0.05060207 0.11403675 -0.18595246
v -0.05350878 0.12164661 -0.19065561
v -0.04589891 0.11694346 -0.18415601
v -0.05356198 0.13231640 -0.18907418
v -0.04565101 0.12742715 -0.18605246
v -0.05060207 0.13506990 -0.18595246
v -0.05350878 0.12746003 -0.19065561
v -0.04589891 0.13216319 -0.18415601
v -0.04880562 0.12455332 -0.18885917
v -0.04579890 0.13711425 -0.17076561
v -0.04277718 0.12920327 -0.16587636
v -0.04769535 0.13686634 -0.16602957
v -0.04299220 0.13395963 -0.17363943
v -0.04579890 0.11199240 -0.17076561
v -0.04277718 0.11990337 -0.16587636
v -0.04769535 0.11224030 -0.16602957
v -0.04299220 0.11514701 -0.17363943
v -0.05356198 0.11679025 -0.15820468
v -0.04565101 0.12167949 -0.16122640
v -0.05060207 0.11403675 -0.16132641
v -0.05350878 0.12164661 -0.15662326
v -0.04589891 0.11694346 -0.16312286
v -0.05356198 0.13231640 -0.15820468
v -0.04565101 0.12742715 -0.16122640
v -0.05060207 0.13506990 -0.16132641
v -0.05350878 0.12746003 -0.15662326
v -0.04589891 0.13216319 -0.16312286
v -0.04880562 0.12455332 -0.15841970
v -0.04100106 0.12455332 -0.17852868
v -0.04100106 0.12455332 -0.16875018
v -0.04119575 0.12925648 -0.17654614
v -0.04119575 0.11985017 -0.17654614
v -0.04119575 0.12925648 -0.17073272
v -0.04119575 0.11985017 -0.17073272
v -0.07062496 0.13711425 -0.17651326
v -0.07364668 0.12920327 -0.18140251
v -0.06872851 0.13686634 -0.18124930
v -0.07062496 0.11199240 -0.17651326
v -0.07364668 0.11990337 -0.18140251
v -0.06872851 0.11224030 -0.18124930
v -0.06286188 0.11679025 -0.18907418
v -0.07077285 0.12167949 -0.18605246
v -0.06582180 0.11403675 -0.18595246
v -0.06291509 0.12164661 -0.19065561
v -0.07052495 0.11694346 -0.18415601
v -0.06286188 0.13231640 -0.18907418
v -0.07077285 0.12742715 -0.18605246
v -0.06582180 0.13506990 -0.18595246
v -0.06291509 0.12746003 -0.19065561
v -0.07052495 0.13216319 -0.18415601
v -0.06761824 0.12455332 -0.18885917
v -0.07062496 0.13711425 -0.17076561
v -0.07364668 0.12920327 -0.16587636
v -0.06872851 0.13686634 -0.16602957
v -0.07343166 0.13395963 -0.17363943
v -0.07062496 0.11199240 -0.17076561
v -0.07364668 0.11990337 -0.16587636
v -0.06872851 0.11224030 -0.16602957
v -0.07343166 0.11514701 -0.17363943
v -0.06286188 0.11679025 -0.15820468
v -0.07077285 0.12167949 -0.16122640
v -0.06582180 0.11403675 -0.16132641
v -0.06291509 0.12164661 -0.15662326
v -0.07052495 0.11694346 -0.16312286
v -0.06286188 0.13231640 -0.15820468
v -0.07077285 0.12742715 -0.16122640
v -0.06582180 0.13506990 -0.16132641
v -0.06291509 0.12746003 -0.15662326
v -0.07052495 0.13216319 -0.16312286
v -0.06761824 0.12455332 -0.15841970
v -0.07542281 0.12455332 -0.17852868
v -0.07542281 0.12455332 -0.16875018
v -0.07522811 0.12925648 -0.17654614
v -0.07522811 0.11985017 -0.17654614
v -0.07522811 0.12925648 -0.17073272
v -0.07522811 0.11985017 -0.17073272
v -0.10136652 0.16194374 -0.09466562
v -0.08255389 0.16194374 -0.09466562
v -0.10136652 0.13150427 -0.09466562
v -0.08255389 0.13150427 -0.09466562
v -0.09196021 0.13731769 -0.07944589
v -0.09196021 0.15613032 -0.07944589
v -0.09196021 0.13731769 -0.10988535
v -0.09196021 0.15613032 -0.10988535
v -0.07674047 0.14672401 -0.10407193
v -0.07674047 0.14672401 -0.08525931
v -0.10717994 0.14672401 -0.10407193
v -0.10717994 0.14672401 -0.08525931
v -0.09196021 0.16461587 -0.09466562
v -0.09196021 0.12883214 -0.09466562
v -0.09748910 0.13224918 -0.08571968
v -0.08643132 0.13224918 -0.08571968
v -0.09748910 0.16119883 -0.08571968
v -0.08643132 0.16119883 -0.08571968
v -0.09196021 0.14672401 -0.07677375
v -0.09748910 0.13224918 -0.10361155
v -0.08643132 0.13224918 -0.10361155
v -0.09748910 0.16119883 -0.10361155
v -0.08643132 0.16119883 -0.10361155
v -0.09196021 0.14672401 -0.11255749
v -0.07748538 0.15566994 -0.10019451
v -0.07748538 0.13777807 -0.10019451
v -0.08301427 0.14119511 -0.10914044
v -0.08301427 0.15225290 -0.10914044
v -0.07748538 0.15566994 -0.08913673
v -0.07748538 0.13777807 -0.08913673
v -0.08301427 0.14119511 -0.08019079
v -0.08301427 0.15225290 -0.08019079
v -0.07406834 0.14672401 -0.09466562
v -0.10643503 0.15566994 -0.10019451
v -0.10643503 0.13777807 -0.10019451
v -0.10090614 0.14119511 -0.10914044
v -0.10090614 0.15225290 -0.10914044
v -0.10643503 0.15566994 -0.08913673
v -0.10643503 0.13777807 -0.08913673
v -0.10090614 0.14119511 -0.08019079
v -0.10090614 0.15225290 -0.08019079
v -0.10985208 0.14672401 -0.09466562
v -0.09684946 0.16393488 -0.09466562
v -0.08707096 0.16393488 -0.09466562
v -0.09684946 0.12951313 -0.09466562
v -0.08707096 0.12951313 -0.09466562
v -0.09972328 0.13128925 -0.09001567
v -0.09483404 0.13431098 -0.08210470
v -0.09486692 0.12970783 -0.08996246
v -0.08419713 0.13128925 -0.09001567
v -0.08908638 0.13431098 -0.08210470
v -0.08905350 0.12970783 -0.08996246
v -0.09196021 0.13150427 -0.08525931
v -0.09972328 0.16215876 -0.09001567
v -0.09483404 0.15913703 -0.08210470
v -0.09486692 0.16374018 -0.08996246
v -0.08419713 0.16215876 -0.09001567
v -0.08908638 0.15913703 -0.08210470
v -0.08905350 0.16374018 -0.08996246
v -0.09196021 0.16194374 -0.08525931
v -0.09196021 0.14183476 -0.07745474
v -0.09196021 0.15161325 -0.07745474
v -0.09972328 0.13128925 -0.09931557
v -0.09483404 0.13431098 -0.10722654
v -0.09486692 0.12970783 -0.09936877
v -0.08419713 0.13128925 -0.09931557
v -0.08908638 0.13431098 -0.10722654
v -0.08905350 0.12970783 -0.09936877
v -0.09196021 0.13150427 -0.10407193
v -0.09972328 0.16215876 -0.09931557
v -0.09483404 0.15913703 -0.10722654
v -0.09486692 0.16374018 -0.09936877
v -0.08419713 0.16215876 -0.09931557
v -0.08908638 0.15913703 -0.10722654
v -0.08905350 0.16374018 -0.09936877
v -0.09196021 0.16194374 -0.10407193
v -0.09196021 0.14183476 -0.11187649
v -0.09196021 0.15161325 -0.11187649
v -0.07954718 0.15928493 -0.09753945
v -0.07652546 0.15137396 -0.10242870
v -0.08144363 0.15903703 -0.10227548
v -0.07954718 0.13416308 -0.09753945
v -0.07652546 0.14207405 -0.10242870
v -0.08144363 0.13441098 -0.10227548
v -0.08731026 0.13896093 -0.11010037
v -0.07939928 0.14385018 -0.10707865
v -0.08435034 0.13620743 -0.10697864
v -0.08725705 0.14381729 -0.11168180
v -0.07964718 0.13911414 -0.10518219
v -0.08731026 0.15448708 -0.11010037
v -0.07939928 0.14959783 -0.10707865
v -0.08435034 0.15724058 -0.10697864
v -0.08725705 0.14963072 -0.11168180
v -0.07964718 0.15433387 -0.10518219
v -0.08255389 0.14672401 -0.10988535
v -0.07954718 0.15928493 -0.09179179
v -0.07652546 0.15137396 -0.08690254
v -0.08144363 0.15903703 -0.08705575
v -0.07674047 0.15613032 -0.09466562
v -0.07954718 0.13416308 -0.09179179
v -0.07652546 0.14207405 -0.08690254
v -0.08144363 0.13441098 -0.08705575
v -0.07674047 0.13731769 -0.09466562
v -0.08731026 0.13896093 -0.07923087
v -0.07939928 0.14385018 -0.08225259
v -0.08435034 0.13620743 -0.08235260
v -0.08725705 0.14381729 -0.07764944
v -0.07964718 0.13911414 -0.08414904
v -0.08731026 0.15448708 -0.07923087
v -0.07939928 0.14959783 -0.08225259
v -0.08435034 0.15724058 -0.08235260
v -0.08725705 0.14963072 -0.07764944
v -0.07964718 0.15433387 -0.08414904
v -0.08255389 0.14672401 -0.07944589
v -0.07474933 0.14672401 -0.09955487
v -0.07474933 0.14672401 -0.08977637
v -0.07494403 0.15142716 -0.09757233
v -0.07494403 0.14202085 -0.09757233
v -0.07494403 0.15142716 -0.09175891
v -0.07494403 0.14202085 -0.09175891
v -0.10437324 0.15928493 -0.09753945
v -0.10739496 0.15137396 -0.10242870
v -0.10247678 0.15903703 -0.10227548
v -0.10437324 0.13416308 -0.09753945
v -0.10739496 0.14207405 -0.10242870
v -0.10247678 0.13441098 -0.10227548
v -0.09661016 0.13896093 -0.11010037
v -0.10452113 0.14385018 -0.10707865
v -0.09957007 0.13620743 -0.10697864
v -0.09666336 0.14381729 -0.11168180
v -0.10427323 0.13911414 -0.10518219
v -0.09661016 0.15448708 -0.11010037
v -0.10452113 0.14959783 -0.10707865
v -0.09957007 0.15724058 -0.10697864
v -0.09666336 0.14963072 -0.11168180
v -0.10427323 0.15433387 -0.10518219
v -0.10136652 0.14672401 -0.10988535
v -0.10437324 0.15928493 -0.09179179
v -0.10739496 0.15137396 -0.08690254
v -0.10247678 0.15903703 -0.08705575
v -0.10717994 0.15613032 -0.09466562
v -0.10437324 0.13416308 -0.09179179
v -0.10739496 0.14207405 -0.08690254
v -0.10247678 0.13441098 -0.08705575
v -0.10717994 0.13731769 -0.09466562
v -0.09661016 0.13896093 -0.07923087
v -0.10452113 0.14385018 -0.08225259
v -0.09957007 0.13620743 -0.08235260
v -0.09666336 0.14381729 -0.07764944
v -0.10427323 0.13911414 -0.08414904
v -0.09661016 0.15448708 -0.07923087
v -0.10452113 0.14959783 -0.08225259
v -0.09957007 0.15724058 -0.08235260
v -0.09666336 0.14963072 -0.07764944
v -0.10427323 0.15433387 -0.08414904
v -0.10136652 0.14672401 -0.07944589
v -0.10917108 0.14672401 -0.09955487
v -0.10917108 0.14672401 -0.08977637
v -0.10897639 0.15142716 -0.09757233
v -0.10897639 0.14202085 -0.09757233
v -0.10897639 0.15142716 -0.09175891
v -0.10897639 0.14202085 -0.09175891
v -0.16334078 0.16044463 -0.17765724
v -0.14661844 0.16044463 -0.17765724
v -0.16334078 0.13338733 -0.17765724
v -0.14661844 0.13338733 -0.17765724
v -0.15497961 0.13855482 -0.16412858
v -0.15497961 0.15527715 -0.16412858
v -0.15497961 0.13855482 -0.19118589
v -0.15497961 0.15527715 -0.19118589
v -0.14145096 0.14691598 -0.18601840
v -0.14145096 0.14691598 -0.16929607
v -0.16850826 0.14691598 -0.18601840
v -0.16850826 0.14691598 -0.16929607
v -0.15497961 0.16281986 -0.17765724
v -0.15497961 0.13101210 -0.17765724
v -0.15989418 0.13404947 -0.16970529
v -0.15006504 0.13404947 -0.16970529
v -0.15989418 0.15978249 -0.16970529
v -0.15006504 0.15978249 -0.16970529
v -0.15497961 0.14691598 -0.16175335
v -0.15989418 0.13404947 -0.18560918
v -0.15006504 0.13404947 -0.18560918
v -0.15989418 0.15978249 -0.18560918
v -0.15006504 0.15978249 -0.18560918
v -0.15497961 0.14691598 -0.19356112
v -0.14211310 0.15486792 -0.18257181
v -0.14211310 0.13896404 -0.18257181
v -0.14702767 0.14200141 -0.19052375
v -0.14702767 0.15183055 -0.19052375
v -0.14211310 0.15486792 -0.17274267
v -0.14211310 0.13896404 -0.17274267
v -0.14702767 0.14200141 -0.16479072
v -0.14702767 0.15183055 -0.16479072
v -0.13907573 0.14691598 -0.17765724
v -0.16784612 0.15486792 -0.18257181
v -0.16784612 0.13896404 -0.18257181
v -0.16293155 0.14200141 -0.19052375
v -0.16293155 0.15183055 -0.19052375
v -0.16784612 0.15486792 -0.17274267
v -0.16784612 0.13896404 -0.17274267
v -0.16293155 0.14200141 -0.16479072
v -0.16293155 0.15183055 -0.16479072
v -0.17088349 0.14691598 -0.17765724
v -0.15932561 0.16221454 -0.17765724
v -0.15063361 0.16221454 -0.17765724
v -0.15932561 0.13161743 -0.17765724
v -0.15063361 0.13161743 -0.17765724
v -0.16188012 0.13319620 -0.17352394
v -0.15753412 0.13588218 -0.16649197
v -0.15756335 0.13179049 -0.17347665
v -0.14807910 0.13319620 -0.17352394
v -0.15242510 0.13588218 -0.16649197
v -0.15239587 0.13179049 -0.17347665
v -0.15497961 0.13338733 -0.16929607
v -0.16188012 0.16063576 -0.17352394
v -0.15753412 0.15794979 -0.16649197
v -0.15756335 0.16204147 -0.17347665
v -0.14807910 0.16063576 -0.17352394
v -0.15242510 0.15794979 -0.16649197
v -0.15239587 0.16204147 -0.17347665
v -0.15497961 0.16044463 -0.16929607
v -0.15497961 0.14256998 -0.16235868
v -0.15497961 0.15126198 -0.16235868
v -0.16188012 0.13319620 -0.18179053
v -0.15753412 0.13588218 -0.18882250
v -0.15756335 0.13179049 -0.18183782
v -0.14807910 0.13319620 -0.18179053
v -0.15242510 0.13588218 -0.18882250
v -0.15239587 0.13179049 -0.18183782
v -0.15497961 0.13338733 -0.18601840
v -0.16188012 0.16063576 -0.18179053
v -0.15753412 0.15794979 -0.18882250
v -0.15756335 0.16204147 -0.18183782
v -0.14807910 0.16063576 -0.18179053
v -0.15242510 0.15794979 -0.18882250
v -0.15239587 0.16204147 -0.18183782
v -0.15497961 0.16044463 -0.18601840
v -0.15497961 0.14256998 -0.19295579
v -0.15497961 0.15126198 -0.19295579
v -0.14394581 0.15808125 -0.18021175
v -0.14125983 0.15104927 -0.18455775
v -0.14563154 0.15786089 -0.18442156
v -0.14394581 0.13575072 -0.18021175
v -0.14125983 0.14278269 -0.18455775
v -0.14563154 0.13597107 -0.18442156
v -0.15084632 0.14001547 -0.19137701
v -0.14381435 0.14436147 -0.18869104
v -0.14821528 0.13756791 -0.18860214
v -0.15079903 0.14433224 -0.19278273
v -0.14403470 0.14015166 -0.18700530
v -0.15084632 0.15381649 -0.19137701
v -0.14381435 0.14947050 -0.18869104
v -0.14821528 0.15626405 -0.18860214
v -0.15079903 0.14949972 -0.19278273
v -0.14403470 0.15368031 -0.18700530
v -0.14661844 0.14691598 -0.19118589
v -0.14394581 0.15808125 -0.17510272
v -0.14125983 0.15104927 -0.17075672
v -0.14563154 0.15786089 -0.17089291
v -0.14145096 0.15527715 -0.17765724
v -0.14394581 0.13575072 -0.17510272
v -0.14125983 0.14278269 -0.17075672
v -0.14563154 0.13597107 -0.17089291
v -0.14145096 0.13855482 -0.17765724
v -0.15084632 0.14001547 -0.16393746
v -0.14381435 0.14436147 -0.16662343
v -0.14821528 0.13756791 -0.16671233
v -0.15079903 0.14433224 -0.16253174
v -0.14403470 0.14015166 -0.16830917
v -0.15084632 0.15381649 -0.16393746
v -0.14381435 0.14947050 -0.16662343
v -0.14821528 0.15626405 -0.16671233
v -0.15079903 0.14949972 -0.16253174
v -0.14403470 0.15368031 -0.16830917
v -0.14661844 0.14691598 -0.16412858
v -0.13968106 0.14691598 -0.18200323
v -0.13968106 0.14691598 -0.17331124
v -0.13985412 0.15109656 -0.18024098
v -0.13985412 0.14273540 -0.18024098
v -0.13985412 0.15109656 -0.17507349
v -0.13985412 0.14273540 -0.17507349
v -0.16601341 0.15808125 -0.18021175
v -0.16869939 0.15104927 -0.18455775
v -0.16432768 0.15786089 -0.18442156
v -0.16601341 0.13575072 -0.18021175
v -0.16869939 0.14278269 -0.18455775
v -0.16432768 0.13597107 -0.18442156
v -0.15911290 0.14001547 -0.19137701
v -0.16614488 0.14436147 -0.18869104
v -0.16174394 0.13756791 -0.18860214
v -0.15916019 0.14433224 -0.19278273
v -0.16592452 0.14015166 -0.18700530
v -0.15911290 0.15381649 -0.19137701
v -0.16614488 0.14947050 -0.18869104
v -0.16174394 0.15626405 -0.18860214
v -0.15916019 0.14949972 -0.19278273
v -0.16592452 0.15368031 -0.18700530
v -0.16334078 0.14691598 -0.19118589
v -0.16601341 0.15808125 -0.17510272
v -0.16869939 0.15104927 -0.17075672
v -0.16432768 0.15786089 -0.17089291
v -0.16850826 0.15527715 -0.17765724
v -0.16601341 0.13575072 -0.17510272
v -0.16869939 0.14278269 -0.17075672
v -0.16432768 0.13597107 -0.17089291
v -0.16850826 0.13855482 -0.17765724
v -0.15911290 0.14001547 -0.16393746
v -0.16614488 0.14436147 -0.16662343
v -0.16174394 0.13756791 -0.16671233
v -0.15916019 0.14433224 -0.16253174
v -0.16592452 0.14015166 -0.16830917
v -0.15911290 0.15381649 -0.16393746
v -0.16614488 0.14947050 -0.16662343
v -0.16174394 0.15626405 -0.16671233
v -0.15916019 0.14949972 -0.16253174
v -0.16592452 0.15368031 -0.16830917
v -0.16334078 0.14691598 -0.16412858
v -0.17027817 0.14691598 -0.18200323
v -0.17027817 0.14691598 -0.17331124
v -0.17010510 0.15109656 -0.18024098
v -0.17010510 0.14273540 -0.18024098
v -0.17010510 0.15109656 -0.17507349
v -0.17010510 0.14273540 -0.17507349
v 0.01994605 -0.05547415 -0.12371367
v 0.02844724 -0.09230900 -0.02993235
v 0.01065648 -0.05935493 -0.12439584
v 0.01915768 -0.09618978 -0.03061452
v 0.00680862 -0.06815086 -0.12750185
v 0.01530981 -0.10498572 -0.03372053
v 0.01065648 -0.07670942 -0.13121223
v 0.01915768 -0.11354427 -0.03743091
v 0.01994605 -0.08001710 -0.13335350
v 0.02844724 -0.11685196 -0.03957218
v 0.02923562 -0.07613633 -0.13267132
v 0.03773681 -0.11297118 -0.03889000
v 0.03308348 -0.06734039 -0.12956531
v 0.04158467 -0.10417524 -0.03578399
v 0.02923562 -0.05878184 -0.12585493
v 0.03773681 -0.09561669 -0.03207361
v 0.01994605 -0.06774563 -0.12853358
v 0.02844724 -0.10458048 -0.03475226
v 0.02587630 -0.09333452 -0.03475226
v -0.04375379 -0.10925267 -0.14497289
v 0.03330269 -0.09510278 -0.03918839
v -0.03632739 -0.11102093 -0.14940902
v 0.03788483 -0.10242295 -0.04102590
v -0.03174525 -0.11834110 -0.15124653
v 0.03693855 -0.11100698 -0.03918839
v -0.03269153 -0.12692513 -0.14940902
v 0.03101818 -0.11582645 -0.03475226
v -0.03861190 -0.13174460 -0.14497289
v 0.02359179 -0.11405818 -0.03031613
v -0.04603829 -0.12997633 -0.14053677
v 0.01900965 -0.10673801 -0.02847863
v -0.05062043 -0.12265616 -0.13869926
v 0.01995593 -0.09815399 -0.03031613
v -0.04967416 -0.11407214 -0.14053677
v 0.02844724 -0.10458048 -0.03475226
v -0.04118284 -0.12049863 -0.14497289
v 0.01214834 -0.05512867 -0.12853358
v 0.02774376 -0.05512867 -0.12853358
v 0.01214834 -0.08036258 -0.12853358
v 0.02774376 -0.08036258 -0.12853358
v 0.01994605 -0.07554334 -0.11591663
v 0.01994605 -0.05994792 -0.11591663
v 0.01994605 -0.07554334 -0.14115054
v 0.01994605 -0.05994792 -0.14115054
v 0.03256301 -0.06774563 -0.13633129
v 0.03256301 -0.06774563 -0.12073587
v 0.00732909 -0.06774563 -0.13633129
v 0.00732909 -0.06774563 -0.12073587
v 0.01994605 -0.05291350 -0.12853358
v 0.01994605 -0.08257775 -0.12853358
v 0.01536267 -0.07974507 -0.12111752
v 0.02452943 -0.07974507 -0.12111752
v 0.01536267 -0.05574619 -0.12111752
v 0.02452943 -0.05574619 -0.12111752
v 0.01994605 -0.06774563 -0.11370146
v 0.01536267 -0.07974507 -0.13594964
v 0.02452943 -0.07974507 -0.13594964
v 0.01536267 -0.05574619 -0.13594964
v 0.02452943 -0.05574619 -0.13594964
v 0.01994605 -0.06774563 -0.14336570
v 0.03194549 -0.06032957 -0.13311696
v 0.03194549 -0.07516169 -0.13311696
v 0.02736211 -0.07232900 -0.14053302
v 0.02736211 -0.06316225 -0.14053302
v 0.03194549 -0.06032957 -0.12395020
v 0.03194549 -0.07516169 -0.12395020
v 0.02736211 -0.07232900 -0.11653414
v 0.02736211 -0.06316225 -0.11653414
v 0.03477817 -0.06774563 -0.12853358
v 0.00794661 -0.06032957 -0.13311696
v 0.00794661 -0.07516169 -0.13311696
v 0.01252999 -0.07232900 -0.14053302
v 0.01252999 -0.06316225 -0.14053302
v 0.00794661 -0.06032957 -0.12395020
v 0.00794661 -0.07516169 -0.12395020
v 0.01252999 -0.07232900 -0.11653414
v 0.01252999 -0.06316225 -0.11653414
v 0.00511393 -0.06774563 -0.12853358
v 0.01589293 -0.05347804 -0.12853358
v 0.02399917 -0.05347804 -0.12853358
v 0.01589293 -0.08201321 -0.12853358
v 0.02399917 -0.08201321 -0.12853358
v 0.01351056 -0.08054083 -0.12467883
v 0.01756368 -0.07803586 -0.11812074
v 0.01753643 -0.08185181 -0.12463473
v 0.02638154 -0.08054083 -0.12467883
v 0.02232842 -0.07803586 -0.11812074
v 0.02235567 -0.08185181 -0.12463473
v 0.01994605 -0.08036258 -0.12073587
v 0.01351056 -0.05495042 -0.12467883
v 0.01756368 -0.05745539 -0.11812074
v 0.01753643 -0.05363944 -0.12463473
v 0.02638154 -0.05495042 -0.12467883
v 0.02232842 -0.05745539 -0.11812074
v 0.02235567 -0.05363944 -0.12463473
v 0.01994605 -0.05512867 -0.12073587
v 0.01994605 -0.07179875 -0.11426599
v 0.01994605 -0.06369250 -0.11426599
v 0.01351056 -0.08054083 -0.13238833
v 0.01756368 -0.07803586 -0.13894642
v 0.01753643 -0.08185181 -0.13243244
v 0.02638154 -0.08054083 -0.13238833
v 0.02232842 -0.07803586 -0.13894642
v 0.02235567 -0.08185181 -0.13243244
v 0.01994605 -0.08036258 -0.13633129
v 0.01351056 -0.05495042 -0.13238833
v 0.01756368 -0.05745539 -0.13894642
v 0.01753643 -0.05363944 -0.13243244
v 0.02638154 -0.05495042 -0.13238833
v 0.02232842 -0.05745539 -0.13894642
v 0.02235567 -0.05363944 -0.13243244
v 0.01994605 -0.05512867 -0.13633129
v 0.01994605 -0.07179875 -0.14280117
v 0.01994605 -0.06369250 -0.14280117
v 0.03023629 -0.05733279 -0.13091595
v 0.03274125 -0.06389088 -0.13496907
v 0.02866415 -0.05753829 -0.13484206
v 0.03023629 -0.07815847 -0.13091595
v 0.03274125 -0.07160038 -0.13496907
v 0.02866415 -0.07795296 -0.13484206
v 0.02380080 -0.07418112 -0.14132879
v 0.03035889 -0.07012799 -0.13882382
v 0.02625453 -0.07646373 -0.13874091
v 0.02384490 -0.07015525 -0.14263977
v 0.03015338 -0.07405411 -0.13725168
v 0.02380080 -0.06131014 -0.14132879
v 0.03035889 -0.06536326 -0.13882382
v 0.02625453 -0.05902752 -0.13874091
v 0.02384490 -0.06533600 -0.14263977
v 0.03015338 -0.06143715 -0.13725168
v 0.02774376 -0.06774563 -0.14115054
v 0.03023629 -0.05733279 -0.12615122
v 0.03274125 -0.06389088 -0.12209809
v 0.02866415 -0.05753829 -0.12222510
v 0.03256301 -0.05994792 -0.12853358
v 0.03023629 -0.07815847 -0.12615122
v 0.03274125 -0.07160038 -0.12209809
v 0.02866415 -0.07795296 -0.12222510
v 0.03256301 -0.07554334 -0.12853358
v 0.02380080 -0.07418112 -0.11573838
v 0.03035889 -0.07012799 -0.11824335
v 0.02625453 -0.07646373 -0.11832625
v 0.02384490 -0.07015525 -0.11442740
v 0.03015338 -0.07405411 -0.11981548
v 0.02380080 -0.06131014 -0.11573838
v 0.03035889 -0.06536326 -0.11824335
v 0.02625453 -0.05902752 -0.11832625
v 0.02384490 -0.06533600 -0.11442740
v 0.03015338 -0.06143715 -0.11981548
v 0.02774376 -0.06774563 -0.11591663
v 0.03421364 -0.06774563 -0.13258670
v 0.03421364 -0.06774563 -0.12448046
v 0.03405224 -0.06384677 -0.13094321
v 0.03405224 -0.07164448 -0.13094321
v 0.03405224 -0.06384677 -0.12612396
v 0.03405224 -0.07164448 -0.12612396
v 0.00965581 -0.05733279 -0.13091595
v 0.00715085 -0.06389088 -0.13496907
v 0.01122795 -0.05753829 -0.13484206
v 0.00965581 -0.07815847 -0.13091595
v 0.00715085 -0.07160038 -0.13496907
v 0.01122795 -0.07795296 -0.13484206
v 0.01609130 -0.07418112 -0.14132879
v 0.00953321 -0.07012799 -0.13882382
v 0.01363757 -0.07646373 -0.13874091
v 0.01604720 -0.07015525 -0.14263977
v 0.00973872 -0.07405411 -0.13725168
v 0.01609130 -0.06131014 -0.14132879
v 0.00953321 -0.06536326 -0.13882382
v 0.01363757 -0.05902752 -0.13874091
v 0.01604720 -0.06533600 -0.14263977
v 0.00973872 -0.06143715 -0.13725168
v 0.01214834 -0.06774563 -0.14115054
v 0.00965581 -0.05733279 -0.12615122
v 0.00715085 -0.06389088 -0.12209809
v 0.01122795 -0.05753829 -0.12222510
v 0.00732909 -0.05994792 -0.12853358
v 0.00965581 -0.07815847 -0.12615122
v 0.00715085 -0.07160038 -0.12209809
v 0.01122795 -0.07795296 -0.12222510
v 0.00732909 -0.07554334 -0.12853358
v 0.01609130 -0.07418112 -0.11573838
v 0.00953321 -0.07012799 -0.11824335
v 0.01363757 -0.07646373 -0.11832625
v 0.01604720 -0.07015525 -0.11442740
v 0.00973872 -0.07405411 -0.11981548
v 0.01609130 -0.06131014 -0.11573838
v 0.00953321 -0.06536326 -0.11824335
v 0.01363757 -0.05902752 -0.11832625
v 0.01604720 -0.06533600 -0.11442740
v 0.00973872 -0.06143715 -0.11981548
v 0.01214834 -0.06774563 -0.11591663
v 0.00567846 -0.06774563 -0.13258670
v 0.00567846 -0.06774563 -0.12448046
v 0.00583986 -0.06384677 -0.13094321
v 0.00583986 -0.07164448 -0.13094321
v 0.00583986 -0.06384677 -0.12612396
v 0.00583986 -0.07164448 -0.12612396
v 0.02064953 -0.09196352 -0.03475226
v 0.03624495 -0.09196352 -0.03475226
v 0.02064953 -0.11719744 -0.03475226
v 0.03624495 -0.11719744 -0.03475226
v 0.02844724 -0.11237819 -0.02213531
v 0.02844724 -0.09678277 -0.02213531
v 0.02844724 -0.11237819 -0.04736922
v 0.02844724 -0.09678277 -0.04736922
v 0.04106420 -0.10458048 -0.04254997
v 0.04106420 -0.10458048 -0.02695455
v 0.01583028 -0.10458048 -0.04254997
v 0.01583028 -0.10458048 -0.02695455
v 0.02844724 -0.08974836 -0.03475226
v 0.02844724 -0.11941260 -0.03475226
v 0.02386386 -0.11657992 -0.02733620
v 0.03303062 -0.11657992 -0.02733620
v 0.02386386 -0.09258104 -0.02733620
v 0.03303062 -0.09258104 -0.02733620
v 0.02844724 -0.10458048 -0.01992014
v 0.02386386 -0.11657992 -0.04216832
v 0.03303062 -0.11657992 -0.04216832
v 0.02386386 -0.09258104 -0.04216832
v 0.03303062 -0.09258104 -0.04216832
v 0.02844724 -0.10458048 -0.04958438
v 0.04044668 -0.09716442 -0.03933564
v 0.04044668 -0.11199654 -0.03933564
v 0.03586330 -0.10916386 -0.04675170
v 0.03586330 -0.09999710 -0.04675170
v 0.04044668 -0.09716442 -0.03016888
v 0.04044668 -0.11199654 -0.03016888
v 0.03586330 -0.10916386 -0.02275282
v 0.03586330 -0.09999710 -0.02275282
v 0.04327936 -0.10458048 -0.03475226
v 0.01644780 -0.09716442 -0.03933564
v 0.01644780 -0.11199654 -0.03933564
v 0.02103118 -0.10916386 -0.04675170
v 0.02103118 -0.09999710 -0.04675170
v 0.01644780 -0.09716442 -0.03016888
v 0.01644780 -0.11199654 -0.03016888
v 0.02103118 -0.10916386 -0.02275282
v 0.02103118 -0.09999710 -0.02275282
v 0.01361512 -0.10458048 -0.03475226
v 0.02439412 -0.09031289 -0.03475226
v 0.03250036 -0.09031289 -0.03475226
v 0.02439412 -0.11884807 -0.03475226
v 0.03250036 -0.11884807 -0.03475226
v 0.02201175 -0.11737569 -0.03089751
v 0.02606487 -0.11487072 -0.02433942
v 0.02603762 -0.11868667 -0.03085341
v 0.03488273 -0.11737569 -0.03089751
v 0.03082961 -0.11487072 -0.02433942
v 0.03085686 -0.11868667 -0.03085341
v 0.02844724 -0.11719744 -0.02695455
v 0.02201175 -0.09178528 -0.03089751
v 0.02606487 -0.09429024 -0.02433942
v 0.02603762 -0.09047429 -0.03085341
v 0.03488273 -0.09178528 -0.03089751
v 0.03082961 -0.09429024 -0.02433942
v 0.03085686 -0.09047429 -0.03085341
v 0.02844724 -0.09196352 -0.02695455
v 0.02844724 -0.10863360 -0.02048468
v 0.02844724 -0.10052736 -0.02048468
v 0.02201175 -0.11737569 -0.03860701
v 0.02606487 -0.11487072 -0.04516510
v 0.02603762 -0.11868667 -0.03865112
v 0.03488273 -0.11737569 -0.03860701
v 0.03082961 -0.11487072 -0.04516510
v 0.03085686 -0.11868667 -0.03865112
v 0.02844724 -0.11719744 -0.04254997
v 0.02201175 -0.09178528 -0.03860701
v 0.02606487 -0.09429024 -0.04516510
v 0.02603762 -0.09047429 -0.03865112
v 0.03488273 -0.09178528 -0.03860701
v 0.03082961 -0.09429024 -0.04516510
v 0.03085686 -0.09047429 -0.03865112
v 0.02844724 -0.09196352 -0.04254997
v 0.02844724 -0.10863360 -0.04901985
v 0.02844724 -0.10052736 -0.04901985
v 0.03873748 -0.09416764 -0.03713463
v 0.04124244 -0.10072573 -0.04118775
v 0.03716534 -0.09437315 -0.04106074
v 0.03873748 -0.11499332 -0.03713463
v 0.04124244 -0.10843523 -0.04118775
v 0.03716534 -0.11478781 -0.04106074
v 0.03230199 -0.11101597 -0.04754747
v 0.03886008 -0.10696285 -0.04504250
v 0.03475572 -0.11329858 -0.04495960
v 0.03234609 -0.10699011 -0.04885845
v 0.03865457 -0.11088896 -0.04347037
v 0.03230199 -0.09814499 -0.04754747
v 0.03886008 -0.10219812 -0.04504250
v 0.03475572 -0.09586238 -0.04495960
v 0.03234609 -0.10217086 -0.04885845
v 0.03865457 -0.09827200 -0.04347037
v 0.03624495 -0.10458048 -0.04736922
v 0.03873748 -0.09416764 -0.03236990
v 0.04124244 -0.10072573 -0.02831677
v 0.03716534 -0.09437315 -0.02844378
v 0.04106420 -0.09678277 -0.03475226
v 0.03873748 -0.11499332 -0.03236990
v 0.04124244 -0.10843523 -0.02831677
v 0.03716534 -0.11478781 -0.02844378
v 0.04106420 -0.11237819 -0.03475226
v 0.03230199 -0.11101597 -0.02195706
v 0.03886008 -0.10696285 -0.02446203
v 0.03475572 -0.11329858 -0.02454493
v 0.03234609 -0.10699011 -0.02064608
v 0.03865457 -0.11088896 -0.02603416
v 0.03230199 -0.09814499 -0.02195706
v 0.03886008 -0.10219812 -0.02446203
v 0.03475572 -0.09586238 -0.02454493
v 0.03234609 -0.10217086 -0.02064608
v 0.03865457 -0.09827200 -0.02603416
v 0.03624495 -0.10458048 -0.02213531
v 0.04271483 -0.10458048 -0.03880539
v 0.04271483 -0.10458048 -0.03069914
v 0.04255343 -0.10068163 -0.03716189
v 0.04255343 -0.10847933 -0.03716189
v 0.04255343 -0.10068163 -0.03234264
v 0.04255343 -0.10847933 -0.03234264
v 0.01815700 -0.09416764 -0.03713463
v 0.01565204 -0.10072573 -0.04118775
v 0.01972914 -0.09437315 -0.04106074
v 0.01815700 -0.11499332 -0.03713463
v 0.01565204 -0.10843523 -0.04118775
v 0.01972914 -0.11478781 -0.04106074
v 0.02459249 -0.11101597 -0.04754747
v 0.01803440 -0.10696285 -0.04504250
v 0.02213876 -0.11329858 -0.04495960
v 0.02454839 -0.10699011 -0.04885845
v 0.01823991 -0.11088896 -0.04347037
v 0.02459249 -0.09814499 -0.04754747
v 0.01803440 -0.10219812 -0.04504250
v 0.02213876 -0.09586238 -0.04495960
v 0.02454839 -0.10217086 -0.04885845
v 0.01823991 -0.09827200 -0.04347037
v 0.02064953 -0.10458048 -0.04736922
v 0.01815700 -0.09416764 -0.03236990
v 0.01565204 -0.10072573 -0.02831677
v 0.01972914 -0.09437315 -0.02844378
v 0.01583028 -0.09678277 -0.03475226
v 0.01815700 -0.11499332 -0.03236990
v 0.01565204 -0.10843523 -0.02831677
v 0.01972914 -0.11478781 -0.02844378
v 0.01583028 -0.11237819 -0.03475226
v 0.02459249 -0.11101597 -0.02195706
v 0.01803440 -0.10696285 -0.02446203
v 0.02213876 -0.11329858 -0.02454493
v 0.02454839 -0.10699011 -0.02064608
v 0.01823991 -0.11088896 -0.02603416
v 0.02459249 -0.09814499 -0.02195706
v 0.01803440 -0.10219812 -0.02446203
v 0.02213876 -0.09586238 -0.02454493
v 0.02454839 -0.10217086 -0.02064608
v 0.01823991 -0.09827200 -0.02603416
v 0.02064953 -0.10458048 -0.02213531
v 0.01417965 -0.10458048 -0.03880539
v 0.01417965 -0.10458048 -0.03069914
v 0.01434105 -0.10068163 -0.03716189
v 0.01434105 -0.10847933 -0.03716189
v 0.01434105 -0.10068163 -0.03234264
v 0.01434105 -0.10847933 -0.03234264
v -0.04811414 -0.10928356 -0.14497289
v -0.03425155 -0.10928356 -0.14497289
v -0.04811414 -0.13171370 -0.14497289
v -0.03425155 -0.13171370 -0.14497289
v -0.04118284 -0.12742993 -0.13375782
v -0.04118284 -0.11356734 -0.13375782
v -0.04118284 -0.12742993 -0.15618797
v -0.04118284 -0.11356734 -0.15618797
v -0.02996777 -0.12049863 -0.15190419
v -0.02996777 -0.12049863 -0.13804160
v -0.05239792 -0.12049863 -0.15190419
v -0.05239792 -0.12049863 -0.13804160
v -0.04118284 -0.10731452 -0.14497289
v -0.04118284 -0.13368274 -0.14497289
v -0.04525696 -0.13116480 -0.13838084
v -0.03710873 -0.13116480 -0.13838084
v -0.04525696 -0.10983246 -0.13838084
v -0.03710873 -0.10983246 -0.13838084
v -0.04118284 -0.12049863 -0.13178879
v -0.04525696 -0.13116480 -0.15156495
v -0.03710873 -0.13116480 -0.15156495
v -0.04525696 -0.10983246 -0.15156495
v -0.03710873 -0.10983246 -0.15156495
v -0.04118284 -0.12049863 -0.15815700
v -0.03051667 -0.11390658 -0.14904701
v -0.03051667 -0.12709069 -0.14904701
v -0.03459079 -0.12457274 -0.15563906
v -0.03459079 -0.11642452 -0.15563906
v -0.03051667 -0.11390658 -0.14089878
v -0.03051667 -0.12709069 -0.14089878
v -0.03459079 -0.12457274 -0.13430673
v -0.03459079 -0.11642452 -0.13430673
v -0.02799873 -0.12049863 -0.14497289
v -0.05184901 -0.11390658 -0.14904701
v -0.05184901 -0.12709069 -0.14904701
v -0.04777490 -0.12457274 -0.15563906
v -0.04777490 -0.11642452 -0.15563906
v -0.05184901 -0.11390658 -0.14089878
v -0.05184901 -0.12709069 -0.14089878
v -0.04777490 -0.12457274 -0.13430673
v -0.04777490 -0.11642452 -0.13430673
v -0.05436695 -0.12049863 -0.14497289
v -0.04478562 -0.10781633 -0.14497289
v -0.03758007 -0.10781633 -0.14497289
v -0.04478562 -0.13318093 -0.14497289
v -0.03758007 -0.13318093 -0.14497289
v -0.04690328 -0.13187215 -0.14154645
v -0.04330050 -0.12964551 -0.13571704
v -0.04332473 -0.13303746 -0.14150725
v -0.03546241 -0.13187215 -0.14154645
v -0.03906518 -0.12964551 -0.13571704
v -0.03904095 -0.13303746 -0.14150725
v -0.04118284 -0.13171370 -0.13804160
v -0.04690328 -0.10912512 -0.14154645
v -0.04330050 -0.11135175 -0.13571704
v -0.04332473 -0.10795980 -0.14150725
v -0.03546241 -0.10912512 -0.14154645
v -0.03906518 -0.11135175 -0.13571704
v -0.03904095 -0.10795980 -0.14150725
v -0.04118284 -0.10928356 -0.13804160
v -0.04118284 -0.12410141 -0.13229060
v -0.04118284 -0.11689586 -0.13229060
v -0.04690328 -0.13187215 -0.14839934
v -0.04330050 -0.12964551 -0.15422875
v -0.04332473 -0.13303746 -0.14843854
v -0.03546241 -0.13187215 -0.14839934
v -0.03906518 -0.12964551 -0.15422875
v -0.03904095 -0.13303746 -0.14843854
v -0.04118284 -0.13171370 -0.15190419
v -0.04690328 -0.10912512 -0.14839934
v -0.04330050 -0.11135175 -0.15422875
v -0.04332473 -0.10795980 -0.14843854
v -0.03546241 -0.10912512 -0.14839934
v -0.03906518 -0.11135175 -0.15422875
v -0.03904095 -0.10795980 -0.14843854
v -0.04118284 -0.10928356 -0.15190419
v -0.04118284 -0.12410141 -0.15765519
v -0.04118284 -0.11689586 -0.15765519
v -0.03203597 -0.11124277 -0.14709055
v -0.02980933 -0.11707219 -0.15069333
v -0.03343342 -0.11142545 -0.15058043
v -0.03203597 -0.12975449 -0.14709055
v -0.02980933 -0.12392507 -0.15069333
v -0.03343342 -0.12957182 -0.15058043
v -0.03775640 -0.12621907 -0.15634641
v -0.03192699 -0.12261629 -0.15411977
v -0.03557531 -0.12824806 -0.15404608
v -0.03771719 -0.12264052 -0.15751173
v -0.03210966 -0.12610617 -0.15272232
v -0.03775640 -0.11477820 -0.15634641
v -0.03192699 -0.11838097 -0.15411977
v -0.03557531 -0.11274921 -0.15404608
v -0.03771719 -0.11835674 -0.15751173
v -0.03210966 -0.11489109 -0.15272232
v -0.03425155 -0.12049863 -0.15618797
v -0.03203597 -0.11124277 -0.14285524
v -0.02980933 -0.11707219 -0.13925246
v -0.03343342 -0.11142545 -0.13936536
v -0.02996777 -0.11356734 -0.14497289
v -0.03203597 -0.12975449 -0.14285524
v -0.02980933 -0.12392507 -0.13925246
v -0.03343342 -0.12957182 -0.13936536
v -0.02996777 -0.12742993 -0.14497289
v -0.03775640 -0.12621907 -0.13359938
v -0.03192699 -0.12261629 -0.13582602
v -0.03557531 -0.12824806 -0.13589971
v -0.03771719 -0.12264052 -0.13243406
v -0.03210966 -0.12610617 -0.13722347
v -0.03775640 -0.11477820 -0.13359938
v -0.03192699 -0.11838097 -0.13582602
v -0.03557531 -0.11274921 -0.13589971
v -0.03771719 -0.11835674 -0.13243406
v -0.03210966 -0.11489109 -0.13722347
v -0.03425155 -0.12049863 -0.13375782
v -0.02850054 -0.12049863 -0.14857567
v -0.02850054 -0.12049863 -0.14137012
v -0.02864401 -0.11703298 -0.14711478
v -0.02864401 -0.12396428 -0.14711478
v -0.02864401 -0.11703298 -0.14283101
v -0.02864401 -0.12396428 -0.14283101
v -0.05032972 -0.11124277 -0.14709055
v -0.05255636 -0.11707219 -0.15069333
v -0.04893227 -0.11142545 -0.15058043
v -0.05032972 -0.12975449 -0.14709055
v -0.05255636 -0.12392507 -0.15069333
v -0.04893227 -0.12957182 -0.15058043
v -0.04460929 -0.12621907 -0.15634641
v -0.05043870 -0.12261629 -0.15411977
v -0.04679038 -0.12824806 -0.15404608
v -0.04464849 -0.12264052 -0.15751173
v -0.05025603 -0.12610617 -0.15272232
v -0.04460929 -0.11477820 -0.15634641
v -0.05043870 -0.11838097 -0.15411977
v -0.04679038 -0.11274921 -0.15404608
v -0.04464849 -0.11835674 -0.15751173
v -0.05025603 -0.11489109 -0.15272232
v -0.04811414 -0.12049863 -0.15618797
v -0.05032972 -0.11124277 -0.14285524
v -0.05255636 -0.11707219 -0.13925246
v -0.04893227 -0.11142545 -0.13936536
v -0.05239792 -0.11356734 -0.14497289
v -0.05032972 -0.12975449 -0.14285524
v -0.05255636 -0.12392507 -0.13925246
v -0.04893227 -0.12957182 -0.13936536
v -0.05239792 -0.12742993 -0.14497289
v -0.04460929 -0.12621907 -0.13359938
v -0.05043870 -0.12261629 -0.13582602
v -0.04679038 -0.12824806 -0.13589971
v -0.04464849 -0.12264052 -0.13243406
v -0.05025603 -0.12610617 -0.13722347
v -0.04460929 -0.11477820 -0.13359938
v -0.05043870 -0.11838097 -0.13582602
v -0.04679038 -0.11274921 -0.13589971
v -0.04464849 -0.11835674 -0.13243406
v -0.05025603 -0.11489109 -0.13722347
v -0.04811414 -0.12049863 -0.13375782
v -0.05386514 -0.12049863 -0.14857567
v -0.05386514 -0.12049863 -0.14137012
v -0.05372168 -0.11703298 -0.14711478
v -0.05372168 -0.12396428 -0.14711478
v -0.05372168 -0.11703298 -0.14283101
v -0.05372168 -0.12396428 -0.14283101
f 1 533 197
f 533 138 535
f 197 535 54
f 533 535 197
f 138 534 542
f 534 38 540
f 542 540 140
f 534 540 542
f 54 541 198
f 541 140 539
f 198 539 17
f 541 539 198
f 138 542 535
f 542 140 541
f 535 541 54
f 542 541 535
f 38 538 601
f 538 139 603
f 601 603 155
f 538 603 601
f 139 537 589
f 537 12 587
f 589 587 152
f 537 587 589
f 155 605 602
f 605 152 588
f 602 588 41
f 605 588 602
f 139 589 603
f 589 152 605
f 603 605 155
f 589 605 603
f 17 591 201
f 591 153 593
f 201 593 55
f 591 593 201
f 153 592 595
f 592 41 584
f 595 584 151
f 592 584 595
f 55 585 200
f 585 151 583
f 200 583 6
f 585 583 200
f 153 595 593
f 595 151 585
f 593 585 55
f 595 585 593
f 38 601 540
f 601 155 604
f 540 604 140
f 601 604 540
f 155 602 606
f 602 41 592
f 606 592 153
f 602 592 606
f 140 594 539
f 594 153 591
f 539 591 17
f 594 591 539
f 155 606 604
f 606 153 594
f 604 594 140
f 606 594 604
f 1 197 163
f 197 54 199
f 163 199 43
f 197 199 163
f 54 198 205
f 198 17 203
f 205 203 56
f 198 203 205
f 43 204 164
f 204 56 202
f 164 202 13
f 204 202 164
f 54 205 199
f 205 56 204
f 199 204 43
f 205 204 199
f 17 201 217
f 201 55 219
f 217 219 60
f 201 219 217
f 55 200 211
f 200 6 209
f 211 209 58
f 200 209 211
f 60 221 218
f 221 58 210
f 218 210 18
f 221 210 218
f 55 211 219
f 211 58 221
f 219 221 60
f 211 221 219
f 13 212 166
f 212 59 214
f 166 214 44
f 212 214 166
f 59 213 216
f 213 18 207
f 216 207 57
f 213 207 216
f 44 208 165
f 208 57 206
f 165 206 2
f 208 206 165
f 59 216 214
f 216 57 208
f 214 208 44
f 216 208 214
f 17 217 203
f 217 60 220
f 203 220 56
f 217 220 203
f 60 218 222
f 218 18 213
f 222 213 59
f 218 213 222
f 56 215 202
f 215 59 212
f 202 212 13
f 215 212 202
f 60 222 220
f 222 59 215
f 220 215 56
f 222 215 220
f 1 163 253
f 163 43 255
f 253 255 70
f 163 255 253
f 43 164 260
f 164 13 258
f 260 258 72
f 164 258 260
f 70 261 254
f 261 72 259
f 254 259 22
f 261 259 254
f 43 260 255
f 260 72 261
f 255 261 70
f 260 261 255
f 13 166 268
f 166 44 270
f 268 270 75
f 166 270 268
f 44 165 264
f 165 2 262
f 264 262 73
f 165 262 264
f 75 272 269
f 272 73 263
f 269 263 23
f 272 263 269
f 44 264 270
f 264 73 272
f 270 272 75
f 264 272 270
f 22 273 257
f 273 76 275
f 257 275 71
f 273 275 257
f 76 274 277
f 274 23 266
f 277 266 74
f 274 266 277
f 71 267 256
f 267 74 265
f 256 265 8
f 267 265 256
f 76 277 275
f 277 74 267
f 275 267 71
f 277 267 275
f 13 268 258
f 268 75 271
f 258 271 72
f 268 271 258
f 75 269 278
f 269 23 274
f 278 274 76
f 269 274 278
f 72 276 259
f 276 76 273
f 259 273 22
f 276 273 259
f 75 278 271
f 278 76 276
f 271 276 72
f 278 276 271
f 1 253 463
f 253 70 465
f 463 465 121
f 253 465 463
f 70 254 470
f 254 22 468
f 470 468 123
f 254 468 470
f 121 471 464
f 471 123 469
f 464 469 34
f 471 469 464
f 70 470 465
f 470 123 471
f 465 471 121
f 470 471 465
f 22 257 511
f 257 71 513
f 511 513 134
f 257 513 511
f 71 256 505
f 256 8 503
f 505 503 132
f 256 503 505
f 134 515 512
f 515 132 504
f 512 504 37
f 515 504 512
f 71 505 513
f 505 132 515
f 513 515 134
f 505 515 513
f 34 521 467
f 521 136 523
f 467 523 122
f 521 523 467
f 136 522 525
f 522 37 508
f 525 508 133
f 522 508 525
f 122 509 466
f 509 133 507
f 466 507 11
f 509 507 466
f 136 525 523
f 525 133 509
f 523 509 122
f 525 509 523
f 22 511 468
f 511 134 514
f 468 514 123
f 511 514 468
f 134 512 526
f 512 37 522
f 526 522 136
f 512 522 526
f 123 524 469
f 524 136 521
f 469 521 34
f 524 521 469
f 134 526 514
f 526 136 524
f 514 524 123
f 526 524 514
f 1 463 533
f 463 121 536
f 533 536 138
f 463 536 533
f 121 464 545
f 464 34 543
f 545 543 141
f 464 543 545
f 138 546 534
f 546 141 544
f 534 544 38
f 546 544 534
f 121 545 536
f 545 141 546
f 536 546 138
f 545 546 536
f 34 467 621
f 467 122 623
f 621 623 159
f 467 623 621
f 122 466 615
f 466 11 613
f 615 613 157
f 466 613 615
f 159 625 622
f 625 157 614
f 622 614 42
f 625 614 622
f 122 615 623
f 615 157 625
f 623 625 159
f 615 625 623
f 38 631 538
f 631 161 633
f 538 633 139
f 631 633 538
f 161 632 635
f 632 42 618
f 635 618 158
f 632 618 635
f 139 619 537
f 619 158 617
f 537 617 12
f 619 617 537
f 161 635 633
f 635 158 619
f 633 619 139
f 635 619 633
f 34 621 543
f 621 159 624
f 543 624 141
f 621 624 543
f 159 622 636
f 622 42 632
f 636 632 161
f 622 632 636
f 141 634 544
f 634 161 631
f 544 631 38
f 634 631 544
f 159 636 624
f 636 161 634
f 624 634 141
f 636 634 624
f 2 206 353
f 206 57 355
f 353 355 96
f 206 355 353
f 57 207 361
f 207 18 359
f 361 359 98
f 207 359 361
f 96 362 354
f 362 98 360
f 354 360 29
f 362 360 354
f 57 361 355
f 361 98 362
f 355 362 96
f 361 362 355
f 18 210 411
f 210 58 413
f 411 413 111
f 210 413 411
f 58 209 405
f 209 6 403
f 405 403 109
f 209 403 405
f 111 415 412
f 415 109 404
f 412 404 32
f 415 404 412
f 58 405 413
f 405 109 415
f 413 415 111
f 405 415 413
f 29 421 358
f 421 113 423
f 358 423 97
f 421 423 358
f 113 422 425
f 422 32 408
f 425 408 110
f 422 408 425
f 97 409 357
f 409 110 407
f 357 407 10
f 409 407 357
f 113 425 423
f 425 110 409
f 423 409 97
f 425 409 423
f 18 411 359
f 411 111 414
f 359 414 98
f 411 414 359
f 111 412 426
f 412 32 422
f 426 422 113
f 412 422 426
f 98 424 360
f 424 113 421
f 360 421 29
f 424 421 360
f 111 426 414
f 426 113 424
f 414 424 98
f 426 424 414
f 6 583 225
f 583 151 586
f 225 586 62
f 583 586 225
f 151 584 600
f 584 41 597
f 600 597 154
f 584 597 600
f 62 598 226
f 598 154 596
f 226 596 19
f 598 596 226
f 151 600 586
f 600 154 598
f 586 598 62
f 600 598 586
f 41 588 608
f 588 152 611
f 608 611 156
f 588 611 608
f 152 587 590
f 587 12 565
f 590 565 147
f 587 565 590
f 156 609 607
f 609 147 566
f 607 566 40
f 609 566 607
f 152 590 611
f 590 147 609
f 611 609 156
f 590 609 611
f 19 573 224
f 573 149 575
f 224 575 61
f 573 575 224
f 149 574 576
f 574 40 562
f 576 562 146
f 574 562 576
f 61 564 223
f 564 146 561
f 223 561 5
f 564 561 223
f 149 576 575
f 576 146 564
f 575 564 61
f 576 564 575
f 41 608 597
f 608 156 612
f 597 612 154
f 608 612 597
f 156 607 610
f 607 40 574
f 610 574 149
f 607 574 610
f 154 599 596
f 599 149 573
f 596 573 19
f 599 573 596
f 156 610 612
f 610 149 599
f 612 599 154
f 610 599 612
f 12 617 551
f 617 158 620
f 551 620 143
f 617 620 551
f 158 618 641
f 618 42 638
f 641 638 162
f 618 638 641
f 143 639 552
f 639 162 637
f 552 637 39
f 639 637 552
f 158 641 620
f 641 162 639
f 620 639 143
f 641 639 620
f 42 614 627
f 614 157 630
f 627 630 160
f 614 630 627
f 157 613 616
f 613 11 475
f 616 475 125
f 613 475 616
f 160 628 626
f 628 125 476
f 626 476 35
f 628 476 626
f 157 616 630
f 616 125 628
f 630 628 160
f 616 628 630
f 39 558 548
f 558 145 560
f 548 560 142
f 558 560 548
f 145 557 559
f 557 35 473
f 559 473 124
f 557 473 559
f 142 550 547
f 550 124 472
f 547 472 3
f 550 472 547
f 145 559 560
f 559 124 550
f 560 550 142
f 559 550 560
f 42 627 638
f 627 160 642
f 638 642 162
f 627 642 638
f 160 626 629
f 626 35 557
f 629 557 145
f 626 557 629
f 162 640 637
f 640 145 558
f 637 558 39
f 640 558 637
f 160 629 642
f 629 145 640
f 642 640 162
f 629 640 642
f 11 507 485
f 507 133 510
f 485 510 128
f 507 510 485
f 133 508 531
f 508 37 528
f 531 528 137
f 508 528 531
f 128 529 486
f 529 137 527
f 486 527 36
f 529 527 486
f 133 531 510
f 531 137 529
f 510 529 128
f 531 529 510
f 37 504 517
f 504 132 520
f 517 520 135
f 504 520 517
f 132 503 506
f 503 8 281
f 506 281 78
f 503 281 506
f 135 518 516
f 518 78 282
f 516 282 24
f 518 282 516
f 132 506 520
f 506 78 518
f 520 518 135
f 506 518 520
f 36 494 482
f 494 130 496
f 482 496 127
f 494 496 482
f 130 493 495
f 493 24 280
f 495 280 77
f 493 280 495
f 127 484 481
f 484 77 279
f 481 279 7
f 484 279 481
f 130 495 496
f 495 77 484
f 496 484 127
f 495 484 496
f 37 517 528
f 517 135 532
f 528 532 137
f 517 532 528
f 135 516 519
f 516 24 493
f 519 493 130
f 516 493 519
f 137 530 527
f 530 130 494
f 527 494 36
f 530 494 527
f 135 519 532
f 519 130 530
f 532 530 137
f 519 530 532
f 8 265 323
f 265 74 325
f 323 325 90
f 265 325 323
f 74 266 333
f 266 23 331
f 333 331 92
f 266 331 333
f 90 335 324
f 335 92 332
f 324 332 28
f 335 332 324
f 74 333 325
f 333 92 335
f 325 335 90
f 333 335 325
f 23 263 288
f 263 73 290
f 288 290 81
f 263 290 288
f 73 262 285
f 262 2 283
f 285 283 79
f 262 283 285
f 81 291 289
f 291 79 284
f 289 284 25
f 291 284 289
f 73 285 290
f 285 79 291
f 290 291 81
f 285 291 290
f 28 342 328
f 342 94 345
f 328 345 91
f 342 345 328
f 94 341 343
f 341 25 287
f 343 287 80
f 341 287 343
f 91 329 327
f 329 80 286
f 327 286 9
f 329 286 327
f 94 343 345
f 343 80 329
f 345 329 91
f 343 329 345
f 23 288 331
f 288 81 334
f 331 334 92
f 288 334 331
f 81 289 344
f 289 25 341
f 344 341 94
f 289 341 344
f 92 346 332
f 346 94 342
f 332 342 28
f 346 342 332
f 81 344 334
f 344 94 346
f 334 346 92
f 344 346 334
f 4 367 180
f 367 100 369
f 180 369 50
f 367 369 180
f 100 368 376
f 368 30 374
f 376 374 102
f 368 374 376
f 50 375 181
f 375 102 373
f 181 373 16
f 375 373 181
f 100 376 369
f 376 102 375
f 369 375 50
f 376 375 369
f 30 372 397
f 372 101 399
f 397 399 108
f 372 399 397
f 101 371 387
f 371 10 385
f 387 385 105
f 371 385 387
f 108 401 398
f 401 105 386
f 398 386 31
f 401 386 398
f 101 387 399
f 387 105 401
f 399 401 108
f 387 401 399
f 16 388 184
f 388 106 390
f 184 390 51
f 388 390 184
f 106 389 392
f 389 31 382
f 392 382 104
f 389 382 392
f 51 383 183
f 383 104 381
f 183 381 5
f 383 381 183
f 106 392 390
f 392 104 383
f 390 383 51
f 392 383 390
f 30 397 374
f 397 108 400
f 374 400 102
f 397 400 374
f 108 398 402
f 398 31 389
f 402 389 106
f 398 389 402
f 102 391 373
f 391 106 388
f 373 388 16
f 391 388 373
f 108 402 400
f 402 106 391
f 400 391 102
f 402 391 400
f 4 180 169
f 180 50 182
f 169 182 46
f 180 182 169
f 50 181 190
f 181 16 187
f 190 187 52
f 181 187 190
f 46 188 170
f 188 52 186
f 170 186 14
f 188 186 170
f 50 190 182
f 190 52 188
f 182 188 46
f 190 188 182
f 16 184 192
f 184 51 195
f 192 195 53
f 184 195 192
f 51 183 185
f 183 5 174
f 185 174 48
f 183 174 185
f 53 193 191
f 193 48 175
f 191 175 15
f 193 175 191
f 51 185 195
f 185 48 193
f 195 193 53
f 185 193 195
f 14 176 168
f 176 49 178
f 168 178 45
f 176 178 168
f 49 177 179
f 177 15 172
f 179 172 47
f 177 172 179
f 45 173 167
f 173 47 171
f 167 171 3
f 173 171 167
f 49 179 178
f 179 47 173
f 178 173 45
f 179 173 178
f 16 192 187
f 192 53 196
f 187 196 52
f 192 196 187
f 53 191 194
f 191 15 177
f 194 177 49
f 191 177 194
f 52 189 186
f 189 49 176
f 186 176 14
f 189 176 186
f 53 194 196
f 194 49 189
f 196 189 52
f 194 189 196
f 4 169 236
f 169 46 238
f 236 238 66
f 169 238 236
f 46 170 244
f 170 14 242
f 244 242 68
f 170 242 244
f 66 246 237
f 246 68 243
f 237 243 21
f 246 243 237
f 46 244 238
f 244 68 246
f 238 246 66
f 244 246 238
f 14 168 232
f 168 45 234
f 232 234 65
f 168 234 232
f 45 167 229
f 167 3 227
f 229 227 63
f 167 227 229
f 65 235 233
f 235 63 228
f 233 228 20
f 235 228 233
f 45 229 234
f 229 63 235
f 234 235 65
f 229 235 234
f 21 248 240
f 248 69 251
f 240 251 67
f 248 251 240
f 69 247 249
f 247 20 231
f 249 231 64
f 247 231 249
f 67 241 239
f 241 64 230
f 239 230 7
f 241 230 239
f 69 249 251
f 249 64 241
f 251 241 67
f 249 241 251
f 14 232 242
f 232 65 245
f 242 245 68
f 232 245 242
f 65 233 250
f 233 20 247
f 250 247 69
f 233 247 250
f 68 252 243
f 252 69 248
f 243 248 21
f 252 248 243
f 65 250 245
f 250 69 252
f 245 252 68
f 250 252 245
f 4 236 292
f 236 66 294
f 292 294 82
f 236 294 292
f 66 237 299
f 237 21 297
f 299 297 84
f 237 297 299
f 82 300 293
f 300 84 298
f 293 298 26
f 300 298 293
f 66 299 294
f 299 84 300
f 294 300 82
f 299 300 294
f 21 240 308
f 240 67 310
f 308 310 87
f 240 310 308
f 67 239 303
f 239 7 301
f 303 301 85
f 239 301 303
f 87 312 309
f 312 85 302
f 309 302 27
f 312 302 309
f 67 303 310
f 303 85 312
f 310 312 87
f 303 312 310
f 26 317 296
f 317 89 319
f 296 319 83
f 317 319 296
f 89 318 321
f 318 27 306
f 321 306 86
f 318 306 321
f 83 307 295
f 307 86 305
f 295 305 9
f 307 305 295
f 89 321 319
f 321 86 307
f 319 307 83
f 321 307 319
f 21 308 297
f 308 87 311
f 297 311 84
f 308 311 297
f 87 309 322
f 309 27 318
f 322 318 89
f 309 318 322
f 84 320 298
f 320 89 317
f 298 317 26
f 320 317 298
f 87 322 311
f 322 89 320
f 311 320 84
f 322 320 311
f 4 292 367
f 292 82 370
f 367 370 100
f 292 370 367
f 82 293 379
f 293 26 377
f 379 377 103
f 293 377 379
f 100 380 368
f 380 103 378
f 368 378 30
f 380 378 368
f 82 379 370
f 379 103 380
f 370 380 100
f 379 380 370
f 26 296 446
f 296 83 448
f 446 448 118
f 296 448 446
f 83 295 436
f 295 9 433
f 436 433 115
f 295 433 436
f 118 450 447
f 450 115 434
f 447 434 33
f 450 434 447
f 83 436 448
f 436 115 450
f 448 450 118
f 436 450 448
f 30 457 372
f 457 120 459
f 372 459 101
f 457 459 372
f 120 458 461
f 458 33 438
f 461 438 116
f 458 438 461
f 101 440 371
f 440 116 437
f 371 437 10
f 440 437 371
f 120 461 459
f 461 116 440
f 459 440 101
f 461 440 459
f 26 446 377
f 446 118 449
f 377 449 103
f 446 449 377
f 118 447 462
f 447 33 458
f 462 458 120
f 447 458 462
f 103 460 378
f 460 120 457
f 378 457 30
f 460 457 378
f 118 462 449
f 462 120 460
f 449 460 103
f 462 460 449
f 5 381 223
f 381 104 384
f 223 384 61
f 381 384 223
f 104 382 396
f 382 31 394
f 396 394 107
f 382 394 396
f 61 395 224
f 395 107 393
f 224 393 19
f 395 393 224
f 104 396 384
f 396 107 395
f 384 395 61
f 396 395 384
f 31 386 427
f 386 105 429
f 427 429 114
f 386 429 427
f 105 385 410
f 385 10 407
f 410 407 110
f 385 407 410
f 114 431 428
f 431 110 408
f 428 408 32
f 431 408 428
f 105 410 429
f 410 110 431
f 429 431 114
f 410 431 429
f 19 416 226
f 416 112 418
f 226 418 62
f 416 418 226
f 112 417 420
f 417 32 404
f 420 404 109
f 417 404 420
f 62 406 225
f 406 109 403
f 225 403 6
f 406 403 225
f 112 420 418
f 420 109 406
f 418 406 62
f 420 406 418
f 31 427 394
f 427 114 430
f 394 430 107
f 427 430 394
f 114 428 432
f 428 32 417
f 432 417 112
f 428 417 432
f 107 419 393
f 419 112 416
f 393 416 19
f 419 416 393
f 114 432 430
f 432 112 419
f 430 419 107
f 432 419 430
f 3 171 547
f 171 47 549
f 547 549 142
f 171 549 547
f 47 172 555
f 172 15 553
f 555 553 144
f 172 553 555
f 142 556 548
f 556 144 554
f 548 554 39
f 556 554 548
f 47 555 549
f 555 144 556
f 549 556 142
f 555 556 549
f 15 175 568
f 175 48 570
f 568 570 148
f 175 570 568
f 48 174 563
f 174 5 561
f 563 561 146
f 174 561 563
f 148 572 569
f 572 146 562
f 569 562 40
f 572 562 569
f 48 563 570
f 563 146 572
f 570 572 148
f 563 572 570
f 39 577 552
f 577 150 579
f 552 579 143
f 577 579 552
f 150 578 581
f 578 40 566
f 581 566 147
f 578 566 581
f 143 567 551
f 567 147 565
f 551 565 12
f 567 565 551
f 150 581 579
f 581 147 567
f 579 567 143
f 581 567 579
f 15 568 553
f 568 148 571
f 553 571 144
f 568 571 553
f 148 569 582
f 569 40 578
f 582 578 150
f 569 578 582
f 144 580 554
f 580 150 577
f 554 577 39
f 580 577 554
f 148 582 571
f 582 150 580
f 571 580 144
f 582 580 571
f 7 230 481
f 230 64 483
f 481 483 127
f 230 483 481
f 64 231 490
f 231 20 488
f 490 488 129
f 231 488 490
f 127 492 482
f 492 129 489
f 482 489 36
f 492 489 482
f 64 490 483
f 490 129 492
f 483 492 127
f 490 492 483
f 20 228 477
f 228 63 479
f 477 479 126
f 228 479 477
f 63 227 474
f 227 3 472
f 474 472 124
f 227 472 474
f 126 480 478
f 480 124 473
f 478 473 35
f 480 473 478
f 63 474 479
f 474 124 480
f 479 480 126
f 474 480 479
f 36 498 486
f 498 131 501
f 486 501 128
f 498 501 486
f 131 497 499
f 497 35 476
f 499 476 125
f 497 476 499
f 128 487 485
f 487 125 475
f 485 475 11
f 487 475 485
f 131 499 501
f 499 125 487
f 501 487 128
f 499 487 501
f 20 477 488
f 477 126 491
f 488 491 129
f 477 491 488
f 126 478 500
f 478 35 497
f 500 497 131
f 478 497 500
f 129 502 489
f 502 131 498
f 489 498 36
f 502 498 489
f 126 500 491
f 500 131 502
f 491 502 129
f 500 502 491
f 9 305 327
f 305 86 330
f 327 330 91
f 305 330 327
f 86 306 349
f 306 27 347
f 349 347 95
f 306 347 349
f 91 351 328
f 351 95 348
f 328 348 28
f 351 348 328
f 86 349 330
f 349 95 351
f 330 351 91
f 349 351 330
f 27 302 314
f 302 85 316
f 314 316 88
f 302 316 314
f 85 301 304
f 301 7 279
f 304 279 77
f 301 279 304
f 88 315 313
f 315 77 280
f 313 280 24
f 315 280 313
f 85 304 316
f 304 77 315
f 316 315 88
f 304 315 316
f 28 337 324
f 337 93 340
f 324 340 90
f 337 340 324
f 93 336 338
f 336 24 282
f 338 282 78
f 336 282 338
f 90 326 323
f 326 78 281
f 323 281 8
f 326 281 323
f 93 338 340
f 338 78 326
f 340 326 90
f 338 326 340
f 27 314 347
f 314 88 350
f 347 350 95
f 314 350 347
f 88 313 339
f 313 24 336
f 339 336 93
f 313 336 339
f 95 352 348
f 352 93 337
f 348 337 28
f 352 337 348
f 88 339 350
f 339 93 352
f 350 352 95
f 339 352 350
f 10 437 357
f 437 116 439
f 357 439 97
f 437 439 357
f 116 438 455
f 438 33 452
f 455 452 119
f 438 452 455
f 97 453 358
f 453 119 451
f 358 451 29
f 453 451 358
f 116 455 439
f 455 119 453
f 439 453 97
f 455 453 439
f 33 434 442
f 434 115 445
f 442 445 117
f 434 445 442
f 115 433 435
f 433 9 286
f 435 286 80
f 433 286 435
f 117 443 441
f 443 80 287
f 441 287 25
f 443 287 441
f 115 435 445
f 435 80 443
f 445 443 117
f 435 443 445
f 29 364 354
f 364 99 366
f 354 366 96
f 364 366 354
f 99 363 365
f 363 25 284
f 365 284 79
f 363 284 365
f 96 356 353
f 356 79 283
f 353 283 2
f 356 283 353
f 99 365 366
f 365 79 356
f 366 356 96
f 365 356 366
f 33 442 452
f 442 117 456
f 452 456 119
f 442 456 452
f 117 441 444
f 441 25 363
f 444 363 99
f 441 363 444
f 119 454 451
f 454 99 364
f 451 364 29
f 454 364 451
f 117 444 456
f 444 99 454
f 456 454 119
f 444 454 456
f 643 644 645
f 643 645 646
f 647 649 648
f 647 650 649
f 643 646 650
f 643 650 647
f 644 648 649
f 644 649 645
f 643 647 648
f 643 648 644
f 646 645 649
f 646 649 650
f 651 652 654
f 651 654 653
f 653 654 656
f 653 656 655
f 655 656 658
f 655 658 657
f 657 658 660
f 657 660 659
f 659 660 662
f 659 662 661
f 661 662 664
f 661 664 663
f 663 664 666
f 663 666 665
f 665 666 652
f 665 652 651
f 667 653 651
f 668 652 654
f 667 655 653
f 668 654 656
f 667 657 655
f 668 656 658
f 667 659 657
f 668 658 660
f 667 661 659
f 668 660 662
f 667 663 661
f 668 662 664
f 667 665 663
f 668 664 666
f 667 651 665
f 668 666 652
f 669 806 722
f 806 706 808
f 722 808 685
f 806 808 722
f 706 807 823
f 807 680 820
f 823 820 709
f 807 820 823
f 685 821 723
f 821 709 819
f 723 819 674
f 821 819 723
f 706 823 808
f 823 709 821
f 808 821 685
f 823 821 808
f 669 722 711
f 722 685 724
f 711 724 681
f 722 724 711
f 685 723 728
f 723 674 726
f 728 726 686
f 723 726 728
f 681 727 712
f 727 686 725
f 712 725 670
f 727 725 712
f 685 728 724
f 728 686 727
f 724 727 681
f 728 727 724
f 669 711 738
f 711 681 740
f 738 740 690
f 711 740 738
f 681 712 743
f 712 670 741
f 743 741 691
f 712 741 743
f 690 744 739
f 744 691 742
f 739 742 676
f 744 742 739
f 681 743 740
f 743 691 744
f 740 744 690
f 743 744 740
f 669 738 789
f 738 690 791
f 789 791 702
f 738 791 789
f 690 739 802
f 739 676 800
f 802 800 705
f 739 800 802
f 702 804 790
f 804 705 801
f 790 801 679
f 804 801 790
f 690 802 791
f 802 705 804
f 791 804 702
f 802 804 791
f 669 789 806
f 789 702 809
f 806 809 706
f 789 809 806
f 702 790 827
f 790 679 825
f 827 825 710
f 790 825 827
f 706 829 807
f 829 710 826
f 807 826 680
f 829 826 807
f 702 827 809
f 827 710 829
f 809 829 706
f 827 829 809
f 670 725 764
f 725 686 766
f 764 766 697
f 725 766 764
f 686 726 779
f 726 674 777
f 779 777 700
f 726 777 779
f 697 781 765
f 781 700 778
f 765 778 678
f 781 778 765
f 686 779 766
f 779 700 781
f 766 781 697
f 779 781 766
f 674 819 730
f 819 709 822
f 730 822 687
f 819 822 730
f 709 820 824
f 820 680 815
f 824 815 708
f 820 815 824
f 687 817 729
f 817 708 814
f 729 814 673
f 817 814 729
f 709 824 822
f 824 708 817
f 822 817 687
f 824 817 822
f 680 826 811
f 826 710 830
f 811 830 707
f 826 830 811
f 710 825 828
f 825 679 793
f 828 793 703
f 825 793 828
f 707 813 810
f 813 703 792
f 810 792 671
f 813 792 810
f 710 828 830
f 828 703 813
f 830 813 707
f 828 813 830
f 679 801 796
f 801 705 805
f 796 805 704
f 801 805 796
f 705 800 803
f 800 676 746
f 803 746 692
f 800 746 803
f 704 798 795
f 798 692 745
f 795 745 675
f 798 745 795
f 705 803 805
f 803 692 798
f 805 798 704
f 803 798 805
f 676 742 758
f 742 691 760
f 758 760 696
f 742 760 758
f 691 741 749
f 741 670 747
f 749 747 693
f 741 747 749
f 696 762 759
f 762 693 748
f 759 748 677
f 762 748 759
f 691 749 760
f 749 693 762
f 760 762 696
f 749 762 760
f 672 768 718
f 768 698 770
f 718 770 684
f 768 770 718
f 698 769 776
f 769 678 773
f 776 773 699
f 769 773 776
f 684 774 719
f 774 699 772
f 719 772 673
f 774 772 719
f 698 776 770
f 776 699 774
f 770 774 684
f 776 774 770
f 672 718 714
f 718 684 720
f 714 720 682
f 718 720 714
f 684 719 721
f 719 673 716
f 721 716 683
f 719 716 721
f 682 717 713
f 717 683 715
f 713 715 671
f 717 715 713
f 684 721 720
f 721 683 717
f 720 717 682
f 721 717 720
f 672 714 734
f 714 682 736
f 734 736 689
f 714 736 734
f 682 713 733
f 713 671 731
f 733 731 688
f 713 731 733
f 689 737 735
f 737 688 732
f 735 732 675
f 737 732 735
f 682 733 736
f 733 688 737
f 736 737 689
f 733 737 736
f 672 734 750
f 734 689 752
f 750 752 694
f 734 752 750
f 689 735 755
f 735 675 753
f 755 753 695
f 735 753 755
f 694 757 751
f 757 695 754
f 751 754 677
f 757 754 751
f 689 755 752
f 755 695 757
f 752 757 694
f 755 757 752
f 672 750 768
f 750 694 771
f 768 771 698
f 750 771 768
f 694 751 786
f 751 677 783
f 786 783 701
f 751 783 786
f 698 788 769
f 788 701 784
f 769 784 678
f 788 784 769
f 694 786 771
f 786 701 788
f 771 788 698
f 786 788 771
f 673 772 729
f 772 699 775
f 729 775 687
f 772 775 729
f 699 773 782
f 773 678 778
f 782 778 700
f 773 778 782
f 687 780 730
f 780 700 777
f 730 777 674
f 780 777 730
f 699 782 775
f 782 700 780
f 775 780 687
f 782 780 775
f 671 715 810
f 715 683 812
f 810 812 707
f 715 812 810
f 683 716 816
f 716 673 814
f 816 814 708
f 716 814 816
f 707 818 811
f 818 708 815
f 811 815 680
f 818 815 811
f 683 816 812
f 816 708 818
f 812 818 707
f 816 818 812
f 675 732 795
f 732 688 797
f 795 797 704
f 732 797 795
f 688 731 794
f 731 671 792
f 794 792 703
f 731 792 794
f 704 799 796
f 799 703 793
f 796 793 679
f 799 793 796
f 688 794 797
f 794 703 799
f 797 799 704
f 794 799 797
f 677 754 759
f 754 695 763
f 759 763 696
f 754 763 759
f 695 753 756
f 753 675 745
f 756 745 692
f 753 745 756
f 696 761 758
f 761 692 746
f 758 746 676
f 761 746 758
f 695 756 763
f 756 692 761
f 763 761 696
f 756 761 763
f 678 784 765
f 784 701 787
f 765 787 697
f 784 787 765
f 701 783 785
f 783 677 748
f 785 748 693
f 783 748 785
f 697 767 764
f 767 693 747
f 764 747 670
f 767 747 764
f 701 785 787
f 785 693 767
f 787 767 697
f 785 767 787
f 831 832 834
f 831 834 833
f 833 834 836
f 833 836 835
f 835 836 838
f 835 838 837
f 837 838 840
f 837 840 839
f 839 840 842
f 839 842 841
f 841 842 844
f 841 844 843
f 843 844 846
f 843 846 845
f 845 846 832
f 845 832 831
f 847 833 831
f 848 832 834
f 847 835 833
f 848 834 836
f 847 837 835
f 848 836 838
f 847 839 837
f 848 838 840
f 847 841 839
f 848 840 842
f 847 843 841
f 848 842 844
f 847 845 843
f 848 844 846
f 847 831 845
f 848 846 832
f 849 986 902
f 986 886 988
f 902 988 865
f 986 988 902
f 886 987 1003
f 987 860 1000
f 1003 1000 889
f 987 1000 1003
f 865 1001 903
f 1001 889 999
f 903 999 854
f 1001 999 903
f 886 1003 988
f 1003 889 1001
f 988 1001 865
f 1003 1001 988
f 849 902 891
f 902 865 904
f 891 904 861
f 902 904 891
f 865 903 908
f 903 854 906
f 908 906 866
f 903 906 908
f 861 907 892
f 907 866 905
f 892 905 850
f 907 905 892
f 865 908 904
f 908 866 907
f 904 907 861
f 908 907 904
f 849 891 918
f 891 861 920
f 918 920 870
f 891 920 918
f 861 892 923
f 892 850 921
f 923 921 871
f 892 921 923
f 870 924 919
f 924 871 922
f 919 922 856
f 924 922 919
f 861 923 920
f 923 871 924
f 920 924 870
f 923 924 920
f 849 918 969
f 918 870 971
f 969 971 882
f 918 971 969
f 870 919 982
f 919 856 980
f 982 980 885
f 919 980 982
f 882 984 970
f 984 885 981
f 970 981 859
f 984 981 970
f 870 982 971
f 982 885 984
f 971 984 882
f 982 984 971
f 849 969 986
f 969 882 989
f 986 989 886
f 969 989 986
f 882 970 1007
f 970 859 1005
f 1007 1005 890
f 970 1005 1007
f 886 1009 987
f 1009 890 1006
f 987 1006 860
f 1009 1006 987
f 882 1007 989
f 1007 890 1009
f 989 1009 886
f 1007 1009 989
f 850 905 944
f 905 866 946
f 944 946 877
f 905 946 944
f 866 906 959
f 906 854 957
f 959 957 880
f 906 957 959
f 877 961 945
f 961 880 958
f 945 958 858
f 961 958 945
f 866 959 946
f 959 880 961
f 946 961 877
f 959 961 946
f 854 999 910
f 999 889 1002
f 910 1002 867
f 999 1002 910
f 889 1000 1004
f 1000 860 995
f 1004 995 888
f 1000 995 1004
f 867 997 909
f 997 888 994
f 909 994 853
f 997 994 909
f 889 1004 1002
f 1004 888 997
f 1002 997 867
f 1004 997 1002
f 860 1006 991
f 1006 890 1010
f 991 1010 887
f 1006 1010 991
f 890 1005 1008
f 1005 859 973
f 1008 973 883
f 1005 973 1008
f 887 993 990
f 993 883 972
f 990 972 851
f 993 972 990
f 890 1008 1010
f 1008 883 993
f 1010 993 887
f 1008 993 1010
f 859 981 976
f 981 885 985
f 976 985 884
f 981 985 976
f 885 980 983
f 980 856 926
f 983 926 872
f 980 926 983
f 884 978 975
f 978 872 925
f 975 925 855
f 978 925 975
f 885 983 985
f 983 872 978
f 985 978 884
f 983 978 985
f 856 922 938
f 922 871 940
f 938 940 876
f 922 940 938
f 871 921 929
f 921 850 927
f 929 927 873
f 921 927 929
f 876 942 939
f 942 873 928
f 939 928 857
f 942 928 939
f 871 929 940
f 929 873 942
f 940 942 876
f 929 942 940
f 852 948 898
f 948 878 950
f 898 950 864
f 948 950 898
f 878 949 956
f 949 858 953
f 956 953 879
f 949 953 956
f 864 954 899
f 954 879 952
f 899 952 853
f 954 952 899
f 878 956 950
f 956 879 954
f 950 954 864
f 956 954 950
f 852 898 894
f 898 864 900
f 894 900 862
f 898 900 894
f 864 899 901
f 899 853 896
f 901 896 863
f 899 896 901
f 862 897 893
f 897 863 895
f 893 895 851
f 897 895 893
f 864 901 900
f 901 863 897
f 900 897 862
f 901 897 900
f 852 894 914
f 894 862 916
f 914 916 869
f 894 916 914
f 862 893 913
f 893 851 911
f 913 911 868
f 893 911 913
f 869 917 915
f 917 868 912
f 915 912 855
f 917 912 915
f 862 913 916
f 913 868 917
f 916 917 869
f 913 917 916
f 852 914 930
f 914 869 932
f 930 932 874
f 914 932 930
f 869 915 935
f 915 855 933
f 935 933 875
f 915 933 935
f 874 937 931
f 937 875 934
f 931 934 857
f 937 934 931
f 869 935 932
f 935 875 937
f 932 937 874
f 935 937 932
f 852 930 948
f 930 874 951
f 948 951 878
f 930 951 948
f 874 931 966
f 931 857 963
f 966 963 881
f 931 963 966
f 878 968 949
f 968 881 964
f 949 964 858
f 968 964 949
f 874 966 951
f 966 881 968
f 951 968 878
f 966 968 951
f 853 952 909
f 952 879 955
f 909 955 867
f 952 955 909
f 879 953 962
f 953 858 958
f 962 958 880
f 953 958 962
f 867 960 910
f 960 880 957
f 910 957 854
f 960 957 910
f 879 962 955
f 962 880 960
f 955 960 867
f 962 960 955
f 851 895 990
f 895 863 992
f 990 992 887
f 895 992 990
f 863 896 996
f 896 853 994
f 996 994 888
f 896 994 996
f 887 998 991
f 998 888 995
f 991 995 860
f 998 995 991
f 863 996 992
f 996 888 998
f 992 998 887
f 996 998 992
f 855 912 975
f 912 868 977
f 975 977 884
f 912 977 975
f 868 911 974
f 911 851 972
f 974 972 883
f 911 972 974
f 884 979 976
f 979 883 973
f 976 973 859
f 979 973 976
f 868 974 977
f 974 883 979
f 977 979 884
f 974 979 977
f 857 934 939
f 934 875 943
f 939 943 876
f 934 943 939
f 875 933 936
f 933 855 925
f 936 925 872
f 933 925 936
f 876 941 938
f 941 872 926
f 938 926 856
f 941 926 938
f 875 936 943
f 936 872 941
f 943 941 876
f 936 941 943
f 858 964 945
f 964 881 967
f 945 967 877
f 964 967 945
f 881 963 965
f 963 857 928
f 965 928 873
f 963 928 965
f 877 947 944
f 947 873 927
f 944 927 850
f 947 927 944
f 881 965 967
f 965 873 947
f 967 947 877
f 965 947 967
f 1011 1148 1064
f 1148 1048 1150
f 1064 1150 1027
f 1148 1150 1064
f 1048 1149 1165
f 1149 1022 1162
f 1165 1162 1051
f 1149 1162 1165
f 1027 1163 1065
f 1163 1051 1161
f 1065 1161 1016
f 1163 1161 1065
f 1048 1165 1150
f 1165 1051 1163
f 1150 1163 1027
f 1165 1163 1150
f 1011 1064 1053
f 1064 1027 1066
f 1053 1066 1023
f 1064 1066 1053
f 1027 1065 1070
f 1065 1016 1068
f 1070 1068 1028
f 1065 1068 1070
f 1023 1069 1054
f 1069 1028 1067
f 1054 1067 1012
f 1069 1067 1054
f 1027 1070 1066
f 1070 1028 1069
f 1066 1069 1023
f 1070 1069 1066
f 1011 1053 1080
f 1053 1023 1082
f 1080 1082 1032
f 1053 1082 1080
f 1023 1054 1085
f 1054 1012 1083
f 1085 1083 1033
f 1054 1083 1085
f 1032 1086 1081
f 1086 1033 1084
f 1081 1084 1018
f 1086 1084 1081
f 1023 1085 1082
f 1085 1033 1086
f 1082 1086 1032
f 1085 1086 1082
f 1011 1080 1131
f 1080 1032 1133
f 1131 1133 1044
f 1080 1133 1131
f 1032 1081 1144
f 1081 1018 1142
f 1144 1142 1047
f 1081 1142 1144
f 1044 1146 1132
f 1146 1047 1143
f 1132 1143 1021
f 1146 1143 1132
f 1032 1144 1133
f 1144 1047 1146
f 1133 1146 1044
f 1144 1146 1133
f 1011 1131 1148
f 1131 1044 1151
f 1148 1151 1048
f 1131 1151 1148
f 1044 1132 1169
f 1132 1021 1167
f 1169 1167 1052
f 1132 1167 1169
f 1048 1171 1149
f 1171 1052 1168
f 1149 1168 1022
f 1171 1168 1149
f 1044 1169 1151
f 1169 1052 1171
f 1151 1171 1048
f 1169 1171 1151
f 1012 1067 1106
f 1067 1028 1108
f 1106 1108 1039
f 1067 1108 1106
f 1028 1068 1121
f 1068 1016 1119
f 1121 1119 1042
f 1068 1119 1121
f 1039 1123 1107
f 1123 1042 1120
f 1107 1120 1020
f 1123 1120 1107
f 1028 1121 1108
f 1121 1042 1123
f 1108 1123 1039
f 1121 1123 1108
f 1016 1161 1072
f 1161 1051 1164
f 1072 1164 1029
f 1161 1164 1072
f 1051 1162 1166
f 1162 1022 1157
f 1166 1157 1050
f 1162 1157 1166
f 1029 1159 1071
f 1159 1050 1156
f 1071 1156 1015
f 1159 1156 1071
f 1051 1166 1164
f 1166 1050 1159
f 1164 1159 1029
f 1166 1159 1164
f 1022 1168 1153
f 1168 1052 1172
f 1153 1172 1049
f 1168 1172 1153
f 1052 1167 1170
f 1167 1021 1135
f 1170 1135 1045
f 1167 1135 1170
f 1049 1155 1152
f 1155 1045 1134
f 1152 1134 1013
f 1155 1134 1152
f 1052 1170 1172
f 1170 1045 1155
f 1172 1155 1049
f 1170 1155 1172
f 1021 1143 1138
f 1143 1047 1147
f 1138 1147 1046
f 1143 1147 1138
f 1047 1142 1145
f 1142 1018 1088
f 1145 1088 1034
f 1142 1088 1145
f 1046 1140 1137
f 1140 1034 1087
f 1137 1087 1017
f 1140 1087 1137
f 1047 1145 1147
f 1145 1034 1140
f 1147 1140 1046
f 1145 1140 1147
f 1018 1084 1100
f 1084 1033 1102
f 1100 1102 1038
f 1084 1102 1100
f 1033 1083 1091
f 1083 1012 1089
f 1091 1089 1035
f 1083 1089 1091
f 1038 1104 1101
f 1104 1035 1090
f 1101 1090 1019
f 1104 1090 1101
f 1033 1091 1102
f 1091 1035 1104
f 1102 1104 1038
f 1091 1104 1102
f 1014 1110 1060
f 1110 1040 1112
f 1060 1112 1026
f 1110 1112 1060
f 1040 1111 1118
f 1111 1020 1115
f 1118 1115 1041
f 1111 1115 1118
f 1026 1116 1061
f 1116 1041 1114
f 1061 1114 1015
f 1116 1114 1061
f 1040 1118 1112
f 1118 1041 1116
f 1112 1116 1026
f 1118 1116 1112
f 1014 1060 1056
f 1060 1026 1062
f 1056 1062 1024
f 1060 1062 1056
f 1026 1061 1063
f 1061 1015 1058
f 1063 1058 1025
f 1061 1058 1063
f 1024 1059 1055
f 1059 1025 1057
f 1055 1057 1013
f 1059 1057 1055
f 1026 1063 1062
f 1063 1025 1059
f 1062 1059 1024
f 1063 1059 1062
f 1014 1056 1076
f 1056 1024 1078
f 1076 1078 1031
f 1056 1078 1076
f 1024 1055 1075
f 1055 1013 1073
f 1075 1073 1030
f 1055 1073 1075
f 1031 1079 1077
f 1079 1030 1074
f 1077 1074 1017
f 1079 1074 1077
f 1024 1075 1078
f 1075 1030 1079
f 1078 1079 1031
f 1075 1079 1078
f 1014 1076 1092
f 1076 1031 1094
f 1092 1094 1036
f 1076 1094 1092
f 1031 1077 1097
f 1077 1017 1095
f 1097 1095 1037
f 1077 1095 1097
f 1036 1099 1093
f 1099 1037 1096
f 1093 1096 1019
f 1099 1096 1093
f 1031 1097 1094
f 1097 1037 1099
f 1094 1099 1036
f 1097 1099 1094
f 1014 1092 1110
f 1092 1036 1113
f 1110 1113 1040
f 1092 1113 1110
f 1036 1093 1128
f 1093 1019 1125
f 1128 1125 1043
f 1093 1125 1128
f 1040 1130 1111
f 1130 1043 1126
f 1111 1126 1020
f 1130 1126 1111
f 1036 1128 1113
f 1128 1043 1130
f 1113 1130 1040
f 1128 1130 1113
f 1015 1114 1071
f 1114 1041 1117
f 1071 1117 1029
f 1114 1117 1071
f 1041 1115 1124
f 1115 1020 1120
f 1124 1120 1042
f 1115 1120 1124
f 1029 1122 1072
f 1122 1042 1119
f 1072 1119 1016
f 1122 1119 1072
f 1041 1124 1117
f 1124 1042 1122
f 1117 1122 1029
f 1124 1122 1117
f 1013 1057 1152
f 1057 1025 1154
f 1152 1154 1049
f 1057 1154 1152
f 1025 1058 1158
f 1058 1015 1156
f 1158 1156 1050
f 1058 1156 1158
f 1049 1160 1153
f 1160 1050 1157
f 1153 1157 1022
f 1160 1157 1153
f 1025 1158 1154
f 1158 1050 1160
f 1154 1160 1049
f 1158 1160 1154
f 1017 1074 1137
f 1074 1030 1139
f 1137 1139 1046
f 1074 1139 1137
f 1030 1073 1136
f 1073 1013 1134
f 1136 1134 1045
f 1073 1134 1136
f 1046 1141 1138
f 1141 1045 1135
f 1138 1135 1021
f 1141 1135 1138
f 1030 1136 1139
f 1136 1045 1141
f 1139 1141 1046
f 1136 1141 1139
f 1019 1096 1101
f 1096 1037 1105
f 1101 1105 1038
f 1096 1105 1101
f 1037 1095 1098
f 1095 1017 1087
f 1098 1087 1034
f 1095 1087 1098
f 1038 1103 1100
f 1103 1034 1088
f 1100 1088 1018
f 1103 1088 1100
f 1037 1098 1105
f 1098 1034 1103
f 1105 1103 1038
f 1098 1103 1105
f 1020 1126 1107
f 1126 1043 1129
f 1107 1129 1039
f 1126 1129 1107
f 1043 1125 1127
f 1125 1019 1090
f 1127 1090 1035
f 1125 1090 1127
f 1039 1109 1106
f 1109 1035 1089
f 1106 1089 1012
f 1109 1089 1106
f 1043 1127 1129
f 1127 1035 1109
f 1129 1109 1039
f 1127 1109 1129
f 1173 1174 1176
f 1173 1176 1175
f 1175 1176 1178
f 1175 1178 1177
f 1177 1178 1180
f 1177 1180 1179
f 1179 1180 1182
f 1179 1182 1181
f 1181 1182 1184
f 1181 1184 1183
f 1183 1184 1186
f 1183 1186 1185
f 1185 1186 1188
f 1185 1188 1187
f 1187 1188 1174
f 1187 1174 1173
f 1189 1175 1173
f 1190 1174 1176
f 1189 1177 1175
f 1190 1176 1178
f 1189 1179 1177
f 1190 1178 1180
f 1189 1181 1179
f 1190 1180 1182
f 1189 1183 1181
f 1190 1182 1184
f 1189 1185 1183
f 1190 1184 1186
f 1189 1187 1185
f 1190 1186 1188
f 1189 1173 1187
f 1190 1188 1174
f 1191 1328 1244
f 1328 1228 1330
f 1244 1330 1207
f 1328 1330 1244
f 1228 1329 1345
f 1329 1202 1342
f 1345 1342 1231
f 1329 1342 1345
f 1207 1343 1245
f 1343 1231 1341
f 1245 1341 1196
f 1343 1341 1245
f 1228 1345 1330
f 1345 1231 1343
f 1330 1343 1207
f 1345 1343 1330
f 1191 1244 1233
f 1244 1207 1246
f 1233 1246 1203
f 1244 1246 1233
f 1207 1245 1250
f 1245 1196 1248
f 1250 1248 1208
f 1245 1248 1250
f 1203 1249 1234
f 1249 1208 1247
f 1234 1247 1192
f 1249 1247 1234
f 1207 1250 1246
f 1250 1208 1249
f 1246 1249 1203
f 1250 1249 1246
f 1191 1233 1260
f 1233 1203 1262
f 1260 1262 1212
f 1233 1262 1260
f 1203 1234 1265
f 1234 1192 1263
f 1265 1263 1213
f 1234 1263 1265
f 1212 1266 1261
f 1266 1213 1264
f 1261 1264 1198
f 1266 1264 1261
f 1203 1265 1262
f 1265 1213 1266
f 1262 1266 1212
f 1265 1266 1262
f 1191 1260 1311
f 1260 1212 1313
f 1311 1313 1224
f 1260 1313 1311
f 1212 1261 1324
f 1261 1198 1322
f 1324 1322 1227
f 1261 1322 1324
f 1224 1326 1312
f 1326 1227 1323
f 1312 1323 1201
f 1326 1323 1312
f 1212 1324 1313
f 1324 1227 1326
f 1313 1326 1224
f 1324 1326 1313
f 1191 1311 1328
f 1311 1224 1331
f 1328 1331 1228
f 1311 1331 1328
f 1224 1312 1349
f 1312 1201 1347
f 1349 1347 1232
f 1312 1347 1349
f 1228 1351 1329
f 1351 1232 1348
f 1329 1348 1202
f 1351 1348 1329
f 1224 1349 1331
f 1349 1232 1351
f 1331 1351 1228
f 1349 1351 1331
f 1192 1247 1286
f 1247 1208 1288
f 1286 1288 1219
f 1247 1288 1286
f 1208 1248 1301
f 1248 1196 1299
f 1301 1299 1222
f 1248 1299 1301
f 1219 1303 1287
f 1303 1222 1300
f 1287 1300 1200
f 1303 1300 1287
f 1208 1301 1288
f 1301 1222 1303
f 1288 1303 1219
f 1301 1303 1288
f 1196 1341 1252
f 1341 1231 1344
f 1252 1344 1209
f 1341 1344 1252
f 1231 1342 1346
f 1342 1202 1337
f 1346 1337 1230
f 1342 1337 1346
f 1209 1339 1251
f 1339 1230 1336
f 1251 1336 1195
f 1339 1336 1251
f 1231 1346 1344
f 1346 1230 1339
f 1344 1339 1209
f 1346 1339 1344
f 1202 1348 1333
f 1348 1232 1352
f 1333 1352 1229
f 1348 1352 1333
f 1232 1347 1350
f 1347 1201 1315
f 1350 1315 1225
f 1347 1315 1350
f 1229 1335 1332
f 1335 1225 1314
f 1332 1314 1193
f 1335 1314 1332
f 1232 1350 1352
f 1350 1225 1335
f 1352 1335 1229
f 1350 1335 1352
f 1201 1323 1318
f 1323 1227 1327
f 1318 1327 1226
f 1323 1327 1318
f 1227 1322 1325
f 1322 1198 1268
f 1325 1268 1214
f 1322 1268 1325
f 1226 1320 1317
f 1320 1214 1267
f 1317 1267 1197
f 1320 1267 1317
f 1227 1325 1327
f 1325 1214 1320
f 1327 1320 1226
f 1325 1320 1327
f 1198 1264 1280
f 1264 1213 1282
f 1280 1282 1218
f 1264 1282 1280
f 1213 1263 1271
f 1263 1192 1269
f 1271 1269 1215
f 1263 1269 1271
f 1218 1284 1281
f 1284 1215 1270
f 1281 1270 1199
f 1284 1270 1281
f 1213 1271 1282
f 1271 1215 1284
f 1282 1284 1218
f 1271 1284 1282
f 1194 1290 1240
f 1290 1220 1292
f 1240 1292 1206
f 1290 1292 1240
f 1220 1291 1298
f 1291 1200 1295
f 1298 1295 1221
f 1291 1295 1298
f 1206 1296 1241
f 1296 1221 1294
f 1241 1294 1195
f 1296 1294 1241
f 1220 1298 1292
f 1298 1221 1296
f 1292 1296 1206
f 1298 1296 1292
f 1194 1240 1236
f 1240 1206 1242
f 1236 1242 1204
f 1240 1242 1236
f 1206 1241 1243
f 1241 1195 1238
f 1243 1238 1205
f 1241 1238 1243
f 1204 1239 1235
f 1239 1205 1237
f 1235 1237 1193
f 1239 1237 1235
f 1206 1243 1242
f 1243 1205 1239
f 1242 1239 1204
f 1243 1239 1242
f 1194 1236 1256
f 1236 1204 1258
f 1256 1258 1211
f 1236 1258 1256
f 1204 1235 1255
f 1235 1193 1253
f 1255 1253 1210
f 1235 1253 1255
f 1211 1259 1257
f 1259 1210 1254
f 1257 1254 1197
f 1259 1254 1257
f 1204 1255 1258
f 1255 1210 1259
f 1258 1259 1211
f 1255 1259 1258
f 1194 1256 1272
f 1256 1211 1274
f 1272 1274 1216
f 1256 1274 1272
f 1211 1257 1277
f 1257 1197 1275
f 1277 1275 1217
f 1257 1275 1277
f 1216 1279 1273
f 1279 1217 1276
f 1273 1276 1199
f 1279 1276 1273
f 1211 1277 1274
f 1277 1217 1279
f 1274 1279 1216
f 1277 1279 1274
f 1194 1272 1290
f 1272 1216 1293
f 1290 1293 1220
f 1272 1293 1290
f 1216 1273 1308
f 1273 1199 1305
f 1308 1305 1223
f 1273 1305 1308
f 1220 1310 1291
f 1310 1223 1306
f 1291 1306 1200
f 1310 1306 1291
f 1216 1308 1293
f 1308 1223 1310
f 1293 1310 1220
f 1308 1310 1293
f 1195 1294 1251
f 1294 1221 1297
f 1251 1297 1209
f 1294 1297 1251
f 1221 1295 1304
f 1295 1200 1300
f 1304 1300 1222
f 1295 1300 1304
f 1209 1302 1252
f 1302 1222 1299
f 1252 1299 1196
f 1302 1299 1252
f 1221 1304 1297
f 1304 1222 1302
f 1297 1302 1209
f 1304 1302 1297
f 1193 1237 1332
f 1237 1205 1334
f 1332 1334 1229
f 1237 1334 1332
f 1205 1238 1338
f 1238 1195 1336
f 1338 1336 1230
f 1238 1336 1338
f 1229 1340 1333
f 1340 1230 1337
f 1333 1337 1202
f 1340 1337 1333
f 1205 1338 1334
f 1338 1230 1340
f 1334 1340 1229
f 1338 1340 1334
f 1197 1254 1317
f 1254 1210 1319
f 1317 1319 1226
f 1254 1319 1317
f 1210 1253 1316
f 1253 1193 1314
f 1316 1314 1225
f 1253 1314 1316
f 1226 1321 1318
f 1321 1225 1315
f 1318 1315 1201
f 1321 1315 1318
f 1210 1316 1319
f 1316 1225 1321
f 1319 1321 1226
f 1316 1321 1319
f 1199 1276 1281
f 1276 1217 1285
f 1281 1285 1218
f 1276 1285 1281
f 1217 1275 1278
f 1275 1197 1267
f 1278 1267 1214
f 1275 1267 1278
f 1218 1283 1280
f 1283 1214 1268
f 1280 1268 1198
f 1283 1268 1280
f 1217 1278 1285
f 1278 1214 1283
f 1285 1283 1218
f 1278 1283 1285
f 1200 1306 1287
f 1306 1223 1309
f 1287 1309 1219
f 1306 1309 1287
f 1223 1305 1307
f 1305 1199 1270
f 1307 1270 1215
f 1305 1270 1307
f 1219 1289 1286
f 1289 1215 1269
f 1286 1269 1192
f 1289 1269 1286
f 1223 1307 1309
f 1307 1215 1289
f 1309 1289 1219
f 1307 1289 1309
f 1353 1354 1356
f 1353 1356 1355
f 1355 1356 1358
f 1355 1358 1357
f 1357 1358 1360
f 1357 1360 1359
f 1359 1360 1362
f 1359 1362 1361
f 1361 1362 1364
f 1361 1364 1363
f 1363 1364 1366
f 1363 1366 1365
f 1365 1366 1368
f 1365 1368 1367
f 1367 1368 1354
f 1367 1354 1353
f 1369 1355 1353
f 1370 1354 1356
f 1369 1357 1355
f 1370 1356 1358
f 1369 1359 1357
f 1370 1358 1360
f 1369 1361 1359
f 1370 1360 1362
f 1369 1363 1361
f 1370 1362 1364
f 1369 1365 1363
f 1370 1364 1366
f 1369 1367 1365
f 1370 1366 1368
f 1369 1353 1367
f 1370 1368 1354
f 1371 1508 1424
f 1508 1408 1510
f 1424 1510 1387
f 1508 1510 1424
f 1408 1509 1525
f 1509 1382 1522
f 1525 1522 1411
f 1509 1522 1525
f 1387 1523 1425
f 1523 1411 1521
f 1425 1521 1376
f 1523 1521 1425
f 1408 1525 1510
f 1525 1411 1523
f 1510 1523 1387
f 1525 1523 1510
f 1371 1424 1413
f 1424 1387 1426
f 1413 1426 1383
f 1424 1426 1413
f 1387 1425 1430
f 1425 1376 1428
f 1430 1428 1388
f 1425 1428 1430
f 1383 1429 1414
f 1429 1388 1427
f 1414 1427 1372
f 1429 1427 1414
f 1387 1430 1426
f 1430 1388 1429
f 1426 1429 1383
f 1430 1429 1426
f 1371 1413 1440
f 1413 1383 1442
f 1440 1442 1392
f 1413 1442 1440
f 1383 1414 1445
f 1414 1372 1443
f 1445 1443 1393
f 1414 1443 1445
f 1392 1446 1441
f 1446 1393 1444
f 1441 1444 1378
f 1446 1444 1441
f 1383 1445 1442
f 1445 1393 1446
f 1442 1446 1392
f 1445 1446 1442
f 1371 1440 1491
f 1440 1392 1493
f 1491 1493 1404
f 1440 1493 1491
f 1392 1441 1504
f 1441 1378 1502
f 1504 1502 1407
f 1441 1502 1504
f 1404 1506 1492
f 1506 1407 1503
f 1492 1503 1381
f 1506 1503 1492
f 1392 1504 1493
f 1504 1407 1506
f 1493 1506 1404
f 1504 1506 1493
f 1371 1491 1508
f 1491 1404 1511
f 1508 1511 1408
f 1491 1511 1508
f 1404 1492 1529
f 1492 1381 1527
f 1529 1527 1412
f 1492 1527 1529
f 1408 1531 1509
f 1531 1412 1528
f 1509 1528 1382
f 1531 1528 1509
f 1404 1529 1511
f 1529 1412 1531
f 1511 1531 1408
f 1529 1531 1511
f 1372 1427 1466
f 1427 1388 1468
f 1466 1468 1399
f 1427 1468 1466
f 1388 1428 1481
f 1428 1376 1479
f 1481 1479 1402
f 1428 1479 1481
f 1399 1483 1467
f 1483 1402 1480
f 1467 1480 1380
f 1483 1480 1467
f 1388 1481 1468
f 1481 1402 1483
f 1468 1483 1399
f 1481 1483 1468
f 1376 1521 1432
f 1521 1411 1524
f 1432 1524 1389
f 1521 1524 1432
f 1411 1522 1526
f 1522 1382 1517
f 1526 1517 1410
f 1522 1517 1526
f 1389 1519 1431
f 1519 1410 1516
f 1431 1516 1375
f 1519 1516 1431
f 1411 1526 1524
f 1526 1410 1519
f 1524 1519 1389
f 1526 1519 1524
f 1382 1528 1513
f 1528 1412 1532
f 1513 1532 1409
f 1528 1532 1513
f 1412 1527 1530
f 1527 1381 1495
f 1530 1495 1405
f 1527 1495 1530
f 1409 1515 1512
f 1515 1405 1494
f 1512 1494 1373
f 1515 1494 1512
f 1412 1530 1532
f 1530 1405 1515
f 1532 1515 1409
f 1530 1515 1532
f 1381 1503 1498
f 1503 1407 1507
f 1498 1507 1406
f 1503 1507 1498
f 1407 1502 1505
f 1502 1378 1448
f 1505 1448 1394
f 1502 1448 1505
f 1406 1500 1497
f 1500 1394 1447
f 1497 1447 1377
f 1500 1447 1497
f 1407 1505 1507
f 1505 1394 1500
f 1507 1500 1406
f 1505 1500 1507
f 1378 1444 1460
f 1444 1393 1462
f 1460 1462 1398
f 1444 1462 1460
f 1393 1443 1451
f 1443 1372 1449
f 1451 1449 1395
f 1443 1449 1451
f 1398 1464 1461
f 1464 1395 1450
f 1461 1450 1379
f 1464 1450 1461
f 1393 1451 1462
f 1451 1395 1464
f 1462 1464 1398
f 1451 1464 1462
f 1374 1470 1420
f 1470 1400 1472
f 1420 1472 1386
f 1470 1472 1420
f 1400 1471 1478
f 1471 1380 1475
f 1478 1475 1401
f 1471 1475 1478
f 1386 1476 1421
f 1476 1401 1474
f 1421 1474 1375
f 1476 1474 1421
f 1400 1478 1472
f 1478 1401 1476
f 1472 1476 1386
f 1478 1476 1472
f 1374 1420 1416
f 1420 1386 1422
f 1416 1422 1384
f 1420 1422 1416
f 1386 1421 1423
f 1421 1375 1418
f 1423 1418 1385
f 1421 1418 1423
f 1384 1419 1415
f 1419 1385 1417
f 1415 1417 1373
f 1419 1417 1415
f 1386 1423 1422
f 1423 1385 1419
f 1422 1419 1384
f 1423 1419 1422
f 1374 1416 1436
f 1416 1384 1438
f 1436 1438 1391
f 1416 1438 1436
f 1384 1415 1435
f 1415 1373 1433
f 1435 1433 1390
f 1415 1433 1435
f 1391 1439 1437
f 1439 1390 1434
f 1437 1434 1377
f 1439 1434 1437
f 1384 1435 1438
f 1435 1390 1439
f 1438 1439 1391
f 1435 1439 1438
f 1374 1436 1452
f 1436 1391 1454
f 1452 1454 1396
f 1436 1454 1452
f 1391 1437 1457
f 1437 1377 1455
f 1457 1455 1397
f 1437 1455 1457
f 1396 1459 1453
f 1459 1397 1456
f 1453 1456 1379
f 1459 1456 1453
f 1391 1457 1454
f 1457 1397 1459
f 1454 1459 1396
f 1457 1459 1454
f 1374 1452 1470
f 1452 1396 1473
f 1470 1473 1400
f 1452 1473 1470
f 1396 1453 1488
f 1453 1379 1485
f 1488 1485 1403
f 1453 1485 1488
f 1400 1490 1471
f 1490 1403 1486
f 1471 1486 1380
f 1490 1486 1471
f 1396 1488 1473
f 1488 1403 1490
f 1473 1490 1400
f 1488 1490 1473
f 1375 1474 1431
f 1474 1401 1477
f 1431 1477 1389
f 1474 1477 1431
f 1401 1475 1484
f 1475 1380 1480
f 1484 1480 1402
f 1475 1480 1484
f 1389 1482 1432
f 1482 1402 1479
f 1432 1479 1376
f 1482 1479 1432
f 1401 1484 1477
f 1484 1402 1482
f 1477 1482 1389
f 1484 1482 1477
f 1373 1417 1512
f 1417 1385 1514
f 1512 1514 1409
f 1417 1514 1512
f 1385 1418 1518
f 1418 1375 1516
f 1518 1516 1410
f 1418 1516 1518
f 1409 1520 1513
f 1520 1410 1517
f 1513 1517 1382
f 1520 1517 1513
f 1385 1518 1514
f 1518 1410 1520
f 1514 1520 1409
f 1518 1520 1514
f 1377 1434 1497
f 1434 1390 1499
f 1497 1499 1406
f 1434 1499 1497
f 1390 1433 1496
f 1433 1373 1494
f 1496 1494 1405
f 1433 1494 1496
f 1406 1501 1498
f 1501 1405 1495
f 1498 1495 1381
f 1501 1495 1498
f 1390 1496 1499
f 1496 1405 1501
f 1499 1501 1406
f 1496 1501 1499
f 1379 1456 1461
f 1456 1397 1465
f 1461 1465 1398
f 1456 1465 1461
f 1397 1455 1458
f 1455 1377 1447
f 1458 1447 1394
f 1455 1447 1458
f 1398 1463 1460
f 1463 1394 1448
f 1460 1448 1378
f 1463 1448 1460
f 1397 1458 1465
f 1458 1394 1463
f 1465 1463 1398
f 1458 1463 1465
f 1380 1486 1467
f 1486 1403 1489
f 1467 1489 1399
f 1486 1489 1467
f 1403 1485 1487
f 1485 1379 1450
f 1487 1450 1395
f 1485 1450 1487
f 1399 1469 1466
f 1469 1395 1449
f 1466 1449 1372
f 1469 1449 1466
f 1403 1487 1489
f 1487 1395 1469
f 1489 1469 1399
f 1487 1469 1489
f 1533 1670 1586
f 1670 1570 1672
f 1586 1672 1549
f 1670 1672 1586
f 1570 1671 1687
f 1671 1544 1684
f 1687 1684 1573
f 1671 1684 1687
f 1549 1685 1587
f 1685 1573 1683
f 1587 1683 1538
f 1685 1683 1587
f 1570 1687 1672
f 1687 1573 1685
f 1672 1685 1549
f 1687 1685 1672
f 1533 1586 1575
f 1586 1549 1588
f 1575 1588 1545
f 1586 1588 1575
f 1549 1587 1592
f 1587 1538 1590
f 1592 1590 1550
f 1587 1590 1592
f 1545 1591 1576
f 1591 1550 1589
f 1576 1589 1534
f 1591 1589 1576
f 1549 1592 1588
f 1592 1550 1591
f 1588 1591 1545
f 1592 1591 1588
f 1533 1575 1602
f 1575 1545 1604
f 1602 1604 1554
f 1575 1604 1602
f 1545 1576 1607
f 1576 1534 1605
f 1607 1605 1555
f 1576 1605 1607
f 1554 1608 1603
f 1608 1555 1606
f 1603 1606 1540
f 1608 1606 1603
f 1545 1607 1604
f 1607 1555 1608
f 1604 1608 1554
f 1607 1608 1604
f 1533 1602 1653
f 1602 1554 1655
f 1653 1655 1566
f 1602 1655 1653
f 1554 1603 1666
f 1603 1540 1664
f 1666 1664 1569
f 1603 1664 1666
f 1566 1668 1654
f 1668 1569 1665
f 1654 1665 1543
f 1668 1665 1654
f 1554 1666 1655
f 1666 1569 1668
f 1655 1668 1566
f 1666 1668 1655
f 1533 1653 1670
f 1653 1566 1673
f 1670 1673 1570
f 1653 1673 1670
f 1566 1654 1691
f 1654 1543 1689
f 1691 1689 1574
f 1654 1689 1691
f 1570 1693 1671
f 1693 1574 1690
f 1671 1690 1544
f 1693 1690 1671
f 1566 1691 1673
f 1691 1574 1693
f 1673 1693 1570
f 1691 1693 1673
f 1534 1589 1628
f 1589 1550 1630
f 1628 1630 1561
f 1589 1630 1628
f 1550 1590 1643
f 1590 1538 1641
f 1643 1641 1564
f 1590 1641 1643
f 1561 1645 1629
f 1645 1564 1642
f 1629 1642 1542
f 1645 1642 1629
f 1550 1643 1630
f 1643 1564 1645
f 1630 1645 1561
f 1643 1645 1630
f 1538 1683 1594
f 1683 1573 1686
f 1594 1686 1551
f 1683 1686 1594
f 1573 1684 1688
f 1684 1544 1679
f 1688 1679 1572
f 1684 1679 1688
f 1551 1681 1593
f 1681 1572 1678
f 1593 1678 1537
f 1681 1678 1593
f 1573 1688 1686
f 1688 1572 1681
f 1686 1681 1551
f 1688 1681 1686
f 1544 1690 1675
f 1690 1574 1694
f 1675 1694 1571
f 1690 1694 1675
f 1574 1689 1692
f 1689 1543 1657
f 1692 1657 1567
f 1689 1657 1692
f 1571 1677 1674
f 1677 1567 1656
f 1674 1656 1535
f 1677 1656 1674
f 1574 1692 1694
f 1692 1567 1677
f 1694 1677 1571
f 1692 1677 1694
f 1543 1665 1660
f 1665 1569 1669
f 1660 1669 1568
f 1665 1669 1660
f 1569 1664 1667
f 1664 1540 1610
f 1667 1610 1556
f 1664 1610 1667
f 1568 1662 1659
f 1662 1556 1609
f 1659 1609 1539
f 1662 1609 1659
f 1569 1667 1669
f 1667 1556 1662
f 1669 1662 1568
f 1667 1662 1669
f 1540 1606 1622
f 1606 1555 1624
f 1622 1624 1560
f 1606 1624 1622
f 1555 1605 1613
f 1605 1534 1611
f 1613 1611 1557
f 1605 1611 1613
f 1560 1626 1623
f 1626 1557 1612
f 1623 1612 1541
f 1626 1612 1623
f 1555 1613 1624
f 1613 1557 1626
f 1624 1626 1560
f 1613 1626 1624
f 1536 1632 1582
f 1632 1562 1634
f 1582 1634 1548
f 1632 1634 1582
f 1562 1633 1640
f 1633 1542 1637
f 1640 1637 1563
f 1633 1637 1640
f 1548 1638 1583
f 1638 1563 1636
f 1583 1636 1537
f 1638 1636 1583
f 1562 1640 1634
f 1640 1563 1638
f 1634 1638 1548
f 1640 1638 1634
f 1536 1582 1578
f 1582 1548 1584
f 1578 1584 1546
f 1582 1584 1578
f 1548 1583 1585
f 1583 1537 1580
f 1585 1580 1547
f 1583 1580 1585
f 1546 1581 1577
f 1581 1547 1579
f 1577 1579 1535
f 1581 1579 1577
f 1548 1585 1584
f 1585 1547 1581
f 1584 1581 1546
f 1585 1581 1584
f 1536 1578 1598
f 1578 1546 1600
f 1598 1600 1553
f 1578 1600 1598
f 1546 1577 1597
f 1577 1535 1595
f 1597 1595 1552
f 1577 1595 1597
f 1553 1601 1599
f 1601 1552 1596
f 1599 1596 1539
f 1601 1596 1599
f 1546 1597 1600
f 1597 1552 1601
f 1600 1601 1553
f 1597 1601 1600
f 1536 1598 1614
f 1598 1553 1616
f 1614 1616 1558
f 1598 1616 1614
f 1553 1599 1619
f 1599 1539 1617
f 1619 1617 1559
f 1599 1617 1619
f 1558 1621 1615
f 1621 1559 1618
f 1615 1618 1541
f 1621 1618 1615
f 1553 1619 1616
f 1619 1559 1621
f 1616 1621 1558
f 1619 1621 1616
f 1536 1614 1632
f 1614 1558 1635
f 1632 1635 1562
f 1614 1635 1632
f 1558 1615 1650
f 1615 1541 1647
f 1650 1647 1565
f 1615 1647 1650
f 1562 1652 1633
f 1652 1565 1648
f 1633 1648 1542
f 1652 1648 1633
f 1558 1650 1635
f 1650 1565 1652
f 1635 1652 1562
f 1650 1652 1635
f 1537 1636 1593
f 1636 1563 1639
f 1593 1639 1551
f 1636 1639 1593
f 1563 1637 1646
f 1637 1542 1642
f 1646 1642 1564
f 1637 1642 1646
f 1551 1644 1594
f 1644 1564 1641
f 1594 1641 1538
f 1644 1641 1594
f 1563 1646 1639
f 1646 1564 1644
f 1639 1644 1551
f 1646 1644 1639
f 1535 1579 1674
f 1579 1547 1676
f 1674 1676 1571
f 1579 1676 1674
f 1547 1580 1680
f 1580 1537 1678
f 1680 1678 1572
f 1580 1678 1680
f 1571 1682 1675
f 1682 1572 1679
f 1675 1679 1544
f 1682 1679 1675
f 1547 1680 1676
f 1680 1572 1682
f 1676 1682 1571
f 1680 1682 1676
f 1539 1596 1659
f 1596 1552 1661
f 1659 1661 1568
f 1596 1661 1659
f 1552 1595 1658
f 1595 1535 1656
f 1658 1656 1567
f 1595 1656 1658
f 1568 1663 1660
f 1663 1567 1657
f 1660 1657 1543
f 1663 1657 1660
f 1552 1658 1661
f 1658 1567 1663
f 1661 1663 1568
f 1658 1663 1661
f 1541 1618 1623
f 1618 1559 1627
f 1623 1627 1560
f 1618 1627 1623
f 1559 1617 1620
f 1617 1539 1609
f 1620 1609 1556
f 1617 1609 1620
f 1560 1625 1622
f 1625 1556 1610
f 1622 1610 1540
f 1625 1610 1622
f 1559 1620 1627
f 1620 1556 1625
f 1627 1625 1560
f 1620 1625 1627
f 1542 1648 1629
f 1648 1565 1651
f 1629 1651 1561
f 1648 1651 1629
f 1565 1647 1649
f 1647 1541 1612
f 1649 1612 1557
f 1647 1612 1649
f 1561 1631 1628
f 1631 1557 1611
f 1628 1611 1534
f 1631 1611 1628
f 1565 1649 1651
f 1649 1557 1631
f 1651 1631 1561
f 1649 1631 1651
f 1695 1832 1748
f 1832 1732 1834
f 1748 1834 1711
f 1832 1834 1748
f 1732 1833 1849
f 1833 1706 1846
f 1849 1846 1735
f 1833 1846 1849
f 1711 1847 1749
f 1847 1735 1845
f 1749 1845 1700
f 1847 1845 1749
f 1732 1849 1834
f 1849 1735 1847
f 1834 1847 1711
f 1849 1847 1834
f 1695 1748 1737
f 1748 1711 1750
f 1737 1750 1707
f 1748 1750 1737
f 1711 1749 1754
f 1749 1700 1752
f 1754 1752 1712
f 1749 1752 1754
f 1707 1753 1738
f 1753 1712 1751
f 1738 1751 1696
f 1753 1751 1738
f 1711 1754 1750
f 1754 1712 1753
f 1750 1753 1707
f 1754 1753 1750
f 1695 1737 1764
f 1737 1707 1766
f 1764 1766 1716
f 1737 1766 1764
f 1707 1738 1769
f 1738 1696 1767
f 1769 1767 1717
f 1738 1767 1769
f 1716 1770 1765
f 1770 1717 1768
f 1765 1768 1702
f 1770 1768 1765
f 1707 1769 1766
f 1769 1717 1770
f 1766 1770 1716
f 1769 1770 1766
f 1695 1764 1815
f 1764 1716 1817
f 1815 1817 1728
f 1764 1817 1815
f 1716 1765 1828
f 1765 1702 1826
f 1828 1826 1731
f 1765 1826 1828
f 1728 1830 1816
f 1830 1731 1827
f 1816 1827 1705
f 1830 1827 1816
f 1716 1828 1817
f 1828 1731 1830
f 1817 1830 1728
f 1828 1830 1817
f 1695 1815 1832
f 1815 1728 1835
f 1832 1835 1732
f 1815 1835 1832
f 1728 1816 1853
f 1816 1705 1851
f 1853 1851 1736
f 1816 1851 1853
f 1732 1855 1833
f 1855 1736 1852
f 1833 1852 1706
f 1855 1852 1833
f 1728 1853 1835
f 1853 1736 1855
f 1835 1855 1732
f 1853 1855 1835
f 1696 1751 1790
f 1751 1712 1792
f 1790 1792 1723
f 1751 1792 1790
f 1712 1752 1805
f 1752 1700 1803
f 1805 1803 1726
f 1752 1803 1805
f 1723 1807 1791
f 1807 1726 1804
f 1791 1804 1704
f 1807 1804 1791
f 1712 1805 1792
f 1805 1726 1807
f 1792 1807 1723
f 1805 1807 1792
f 1700 1845 1756
f 1845 1735 1848
f 1756 1848 1713
f 1845 1848 1756
f 1735 1846 1850
f 1846 1706 1841
f 1850 1841 1734
f 1846 1841 1850
f 1713 1843 1755
f 1843 1734 1840
f 1755 1840 1699
f 1843 1840 1755
f 1735 1850 1848
f 1850 1734 1843
f 1848 1843 1713
f 1850 1843 1848
f 1706 1852 1837
f 1852 1736 1856
f 1837 1856 1733
f 1852 1856 1837
f 1736 1851 1854
f 1851 1705 1819
f 1854 1819 1729
f 1851 1819 1854
f 1733 1839 1836
f 1839 1729 1818
f 1836 1818 1697
f 1839 1818 1836
f 1736 1854 1856
f 1854 1729 1839
f 1856 1839 1733
f 1854 1839 1856
f 1705 1827 1822
f 1827 1731 1831
f 1822 1831 1730
f 1827 1831 1822
f 1731 1826 1829
f 1826 1702 1772
f 1829 1772 1718
f 1826 1772 1829
f 1730 1824 1821
f 1824 1718 1771
f 1821 1771 1701
f 1824 1771 1821
f 1731 1829 1831
f 1829 1718 1824
f 1831 1824 1730
f 1829 1824 1831
f 1702 1768 1784
f 1768 1717 1786
f 1784 1786 1722
f 1768 1786 1784
f 1717 1767 1775
f 1767 1696 1773
f 1775 1773 1719
f 1767 1773 1775
f 1722 1788 1785
f 1788 1719 1774
f 1785 1774 1703
f 1788 1774 1785
f 1717 1775 1786
f 1775 1719 1788
f 1786 1788 1722
f 1775 1788 1786
f 1698 1794 1744
f 1794 1724 1796
f 1744 1796 1710
f 1794 1796 1744
f 1724 1795 1802
f 1795 1704 1799
f 1802 1799 1725
f 1795 1799 1802
f 1710 1800 1745
f 1800 1725 1798
f 1745 1798 1699
f 1800 1798 1745
f 1724 1802 1796
f 1802 1725 1800
f 1796 1800 1710
f 1802 1800 1796
f 1698 1744 1740
f 1744 1710 1746
f 1740 1746 1708
f 1744 1746 1740
f 1710 1745 1747
f 1745 1699 1742
f 1747 1742 1709
f 1745 1742 1747
f 1708 1743 1739
f 1743 1709 1741
f 1739 1741 1697
f 1743 1741 1739
f 1710 1747 1746
f 1747 1709 1743
f 1746 1743 1708
f 1747 1743 1746
f 1698 1740 1760
f 1740 1708 1762
f 1760 1762 1715
f 1740 1762 1760
f 1708 1739 1759
f 1739 1697 1757
f 1759 1757 1714
f 1739 1757 1759
f 1715 1763 1761
f 1763 1714 1758
f 1761 1758 1701
f 1763 1758 1761
f 1708 1759 1762
f 1759 1714 1763
f 1762 1763 1715
f 1759 1763 1762
f 1698 1760 1776
f 1760 1715 1778
f 1776 1778 1720
f 1760 1778 1776
f 1715 1761 1781
f 1761 1701 1779
f 1781 1779 1721
f 1761 1779 1781
f 1720 1783 1777
f 1783 1721 1780
f 1777 1780 1703
f 1783 1780 1777
f 1715 1781 1778
f 1781 1721 1783
f 1778 1783 1720
f 1781 1783 1778
f 1698 1776 1794
f 1776 1720 1797
f 1794 1797 1724
f 1776 1797 1794
f 1720 1777 1812
f 1777 1703 1809
f 1812 1809 1727
f 1777 1809 1812
f 1724 1814 1795
f 1814 1727 1810
f 1795 1810 1704
f 1814 1810 1795
f 1720 1812 1797
f 1812 1727 1814
f 1797 1814 1724
f 1812 1814 1797
f 1699 1798 1755
f 1798 1725 1801
f 1755 1801 1713
f 1798 1801 1755
f 1725 1799 1808
f 1799 1704 1804
f 1808 1804 1726
f 1799 1804 1808
f 1713 1806 1756
f 1806 1726 1803
f 1756 1803 1700
f 1806 1803 1756
f 1725 1808 1801
f 1808 1726 1806
f 1801 1806 1713
f 1808 1806 1801
f 1697 1741 1836
f 1741 1709 1838
f 1836 1838 1733
f 1741 1838 1836
f 1709 1742 1842
f 1742 1699 1840
f 1842 1840 1734
f 1742 1840 1842
f 1733 1844 1837
f 1844 1734 1841
f 1837 1841 1706
f 1844 1841 1837
f 1709 1842 1838
f 1842 1734 1844
f 1838 1844 1733
f 1842 1844 1838
f 1701 1758 1821
f 1758 1714 1823
f 1821 1823 1730
f 1758 1823 1821
f 1714 1757 1820
f 1757 1697 1818
f 1820 1818 1729
f 1757 1818 1820
f 1730 1825 1822
f 1825 1729 1819
f 1822 1819 1705
f 1825 1819 1822
f 1714 1820 1823
f 1820 1729 1825
f 1823 1825 1730
f 1820 1825 1823
f 1703 1780 1785
f 1780 1721 1789
f 1785 1789 1722
f 1780 1789 1785
f 1721 1779 1782
f 1779 1701 1771
f 1782 1771 1718
f 1779 1771 1782
f 1722 1787 1784
f 1787 1718 1772
f 1784 1772 1702
f 1787 1772 1784
f 1721 1782 1789
f 1782 1718 1787
f 1789 1787 1722
f 1782 1787 1789
f 1704 1810 1791
f 1810 1727 1813
f 1791 1813 1723
f 1810 1813 1791
f 1727 1809 1811
f 1809 1703 1774
f 1811 1774 1719
f 1809 1774 1811
f 1723 1793 1790
f 1793 1719 1773
f 1790 1773 1696
f 1793 1773 1790
f 1727 1811 1813
f 1811 1719 1793
f 1813 1793 1723
f 1811 1793 1813
f 1857 1858 1860
f 1857 1860 1859
f 1859 1860 1862
f 1859 1862 1861
f 1861 1862 1864
f 1861 1864 1863
f 1863 1864 1866
f 1863 1866 1865
f 1865 1866 1868
f 1865 1868 1867
f 1867 1868 1870
f 1867 1870 1869
f 1869 1870 1872
f 1869 1872 1871
f 1871 1872 1858
f 1871 1858 1857
f 1873 1859 1857
f 1874 1858 1860
f 1873 1861 1859
f 1874 1860 1862
f 1873 1863 1861
f 1874 1862 1864
f 1873 1865 1863
f 1874 1864 1866
f 1873 1867 1865
f 1874 1866 1868
f 1873 1869 1867
f 1874 1868 1870
f 1873 1871 1869
f 1874 1870 1872
f 1873 1857 1871
f 1874 1872 1858
f 1875 2012 1928
f 2012 1912 2014
f 1928 2014 1891
f 2012 2014 1928
f 1912 2013 2029
f 2013 1886 2026
f 2029 2026 1915
f 2013 2026 2029
f 1891 2027 1929
f 2027 1915 2025
f 1929 2025 1880
f 2027 2025 1929
f 1912 2029 2014
f 2029 1915 2027
f 2014 2027 1891
f 2029 2027 2014
f 1875 1928 1917
f 1928 1891 1930
f 1917 1930 1887
f 1928 1930 1917
f 1891 1929 1934
f 1929 1880 1932
f 1934 1932 1892
f 1929 1932 1934
f 1887 1933 1918
f 1933 1892 1931
f 1918 1931 1876
f 1933 1931 1918
f 1891 1934 1930
f 1934 1892 1933
f 1930 1933 1887
f 1934 1933 1930
f 1875 1917 1944
f 1917 1887 1946
f 1944 1946 1896
f 1917 1946 1944
f 1887 1918 1949
f 1918 1876 1947
f 1949 1947 1897
f 1918 1947 1949
f 1896 1950 1945
f 1950 1897 1948
f 1945 1948 1882
f 1950 1948 1945
f 1887 1949 1946
f 1949 1897 1950
f 1946 1950 1896
f 1949 1950 1946
f 1875 1944 1995
f 1944 1896 1997
f 1995 1997 1908
f 1944 1997 1995
f 1896 1945 2008
f 1945 1882 2006
f 2008 2006 1911
f 1945 2006 2008
f 1908 2010 1996
f 2010 1911 2007
f 1996 2007 1885
f 2010 2007 1996
f 1896 2008 1997
f 2008 1911 2010
f 1997 2010 1908
f 2008 2010 1997
f 1875 1995 2012
f 1995 1908 2015
f 2012 2015 1912
f 1995 2015 2012
f 1908 1996 2033
f 1996 1885 2031
f 2033 2031 1916
f 1996 2031 2033
f 1912 2035 2013
f 2035 1916 2032
f 2013 2032 1886
f 2035 2032 2013
f 1908 2033 2015
f 2033 1916 2035
f 2015 2035 1912
f 2033 2035 2015
f 1876 1931 1970
f 1931 1892 1972
f 1970 1972 1903
f 1931 1972 1970
f 1892 1932 1985
f 1932 1880 1983
f 1985 1983 1906
f 1932 1983 1985
f 1903 1987 1971
f 1987 1906 1984
f 1971 1984 1884
f 1987 1984 1971
f 1892 1985 1972
f 1985 1906 1987
f 1972 1987 1903
f 1985 1987 1972
f 1880 2025 1936
f 2025 1915 2028
f 1936 2028 1893
f 2025 2028 1936
f 1915 2026 2030
f 2026 1886 2021
f 2030 2021 1914
f 2026 2021 2030
f 1893 2023 1935
f 2023 1914 2020
f 1935 2020 1879
f 2023 2020 1935
f 1915 2030 2028
f 2030 1914 2023
f 2028 2023 1893
f 2030 2023 2028
f 1886 2032 2017
f 2032 1916 2036
f 2017 2036 1913
f 2032 2036 2017
f 1916 2031 2034
f 2031 1885 1999
f 2034 1999 1909
f 2031 1999 2034
f 1913 2019 2016
f 2019 1909 1998
f 2016 1998 1877
f 2019 1998 2016
f 1916 2034 2036
f 2034 1909 2019
f 2036 2019 1913
f 2034 2019 2036
f 1885 2007 2002
f 2007 1911 2011
f 2002 2011 1910
f 2007 2011 2002
f 1911 2006 2009
f 2006 1882 1952
f 2009 1952 1898
f 2006 1952 2009
f 1910 2004 2001
f 2004 1898 1951
f 2001 1951 1881
f 2004 1951 2001
f 1911 2009 2011
f 2009 1898 2004
f 2011 2004 1910
f 2009 2004 2011
f 1882 1948 1964
f 1948 1897 1966
f 1964 1966 1902
f 1948 1966 1964
f 1897 1947 1955
f 1947 1876 1953
f 1955 1953 1899
f 1947 1953 1955
f 1902 1968 1965
f 1968 1899 1954
f 1965 1954 1883
f 1968 1954 1965
f 1897 1955 1966
f 1955 1899 1968
f 1966 1968 1902
f 1955 1968 1966
f 1878 1974 1924
f 1974 1904 1976
f 1924 1976 1890
f 1974 1976 1924
f 1904 1975 1982
f 1975 1884 1979
f 1982 1979 1905
f 1975 1979 1982
f 1890 1980 1925
f 1980 1905 1978
f 1925 1978 1879
f 1980 1978 1925
f 1904 1982 1976
f 1982 1905 1980
f 1976 1980 1890
f 1982 1980 1976
f 1878 1924 1920
f 1924 1890 1926
f 1920 1926 1888
f 1924 1926 1920
f 1890 1925 1927
f 1925 1879 1922
f 1927 1922 1889
f 1925 1922 1927
f 1888 1923 1919
f 1923 1889 1921
f 1919 1921 1877
f 1923 1921 1919
f 1890 1927 1926
f 1927 1889 1923
f 1926 1923 1888
f 1927 1923 1926
f 1878 1920 1940
f 1920 1888 1942
f 1940 1942 1895
f 1920 1942 1940
f 1888 1919 1939
f 1919 1877 1937
f 1939 1937 1894
f 1919 1937 1939
f 1895 1943 1941
f 1943 1894 1938
f 1941 1938 1881
f 1943 1938 1941
f 1888 1939 1942
f 1939 1894 1943
f 1942 1943 1895
f 1939 1943 1942
f 1878 1940 1956
f 1940 1895 1958
f 1956 1958 1900
f 1940 1958 1956
f 1895 1941 1961
f 1941 1881 1959
f 1961 1959 1901
f 1941 1959 1961
f 1900 1963 1957
f 1963 1901 1960
f 1957 1960 1883
f 1963 1960 1957
f 1895 1961 1958
f 1961 1901 1963
f 1958 1963 1900
f 1961 1963 1958
f 1878 1956 1974
f 1956 1900 1977
f 1974 1977 1904
f 1956 1977 1974
f 1900 1957 1992
f 1957 1883 1989
f 1992 1989 1907
f 1957 1989 1992
f 1904 1994 1975
f 1994 1907 1990
f 1975 1990 1884
f 1994 1990 1975
f 1900 1992 1977
f 1992 1907 1994
f 1977 1994 1904
f 1992 1994 1977
f 1879 1978 1935
f 1978 1905 1981
f 1935 1981 1893
f 1978 1981 1935
f 1905 1979 1988
f 1979 1884 1984
f 1988 1984 1906
f 1979 1984 1988
f 1893 1986 1936
f 1986 1906 1983
f 1936 1983 1880
f 1986 1983 1936
f 1905 1988 1981
f 1988 1906 1986
f 1981 1986 1893
f 1988 1986 1981
f 1877 1921 2016
f 1921 1889 2018
f 2016 2018 1913
f 1921 2018 2016
f 1889 1922 2022
f 1922 1879 2020
f 2022 2020 1914
f 1922 2020 2022
f 1913 2024 2017
f 2024 1914 2021
f 2017 2021 1886
f 2024 2021 2017
f 1889 2022 2018
f 2022 1914 2024
f 2018 2024 1913
f 2022 2024 2018
f 1881 1938 2001
f 1938 1894 2003
f 2001 2003 1910
f 1938 2003 2001
f 1894 1937 2000
f 1937 1877 1998
f 2000 1998 1909
f 1937 1998 2000
f 1910 2005 2002
f 2005 1909 1999
f 2002 1999 1885
f 2005 1999 2002
f 1894 2000 2003
f 2000 1909 2005
f 2003 2005 1910
f 2000 2005 2003
f 1883 1960 1965
f 1960 1901 1969
f 1965 1969 1902
f 1960 1969 1965
f 1901 1959 1962
f 1959 1881 1951
f 1962 1951 1898
f 1959 1951 1962
f 1902 1967 1964
f 1967 1898 1952
f 1964 1952 1882
f 1967 1952 1964
f 1901 1962 1969
f 1962 1898 1967
f 1969 1967 1902
f 1962 1967 1969
f 1884 1990 1971
f 1990 1907 1993
f 1971 1993 1903
f 1990 1993 1971
f 1907 1989 1991
f 1989 1883 1954
f 1991 1954 1899
f 1989 1954 1991
f 1903 1973 1970
f 1973 1899 1953
f 1970 1953 1876
f 1973 1953 1970
f 1907 1991 1993
f 1991 1899 1973
f 1993 1973 1903
f 1991 1973 1993
f 2037 2038 2040
f 2037 2040 2039
f 2039 2040 2042
f 2039 2042 2041
f 2041 2042 2044
f 2041 2044 2043
f 2043 2044 2046
f 2043 2046 2045
f 2045 2046 2048
f 2045 2048 2047
f 2047 2048 2050
f 2047 2050 2049
f 2049 2050 2052
f 2049 2052 2051
f 2051 2052 2038
f 2051 2038 2037
f 2053 2039 2037
f 2054 2038 2040
f 2053 2041 2039
f 2054 2040 2042
f 2053 2043 2041
f 2054 2042 2044
f 2053 2045 2043
f 2054 2044 2046
f 2053 2047 2045
f 2054 2046 2048
f 2053 2049 2047
f 2054 2048 2050
f 2053 2051 2049
f 2054 2050 2052
f 2053 2037 2051
f 2054 2052 2038
f 2055 2192 2108
f 2192 2092 2194
f 2108 2194 2071
f 2192 2194 2108
f 2092 2193 2209
f 2193 2066 2206
f 2209 2206 2095
f 2193 2206 2209
f 2071 2207 2109
f 2207 2095 2205
f 2109 2205 2060
f 2207 2205 2109
f 2092 2209 2194
f 2209 2095 2207
f 2194 2207 2071
f 2209 2207 2194
f 2055 2108 2097
f 2108 2071 2110
f 2097 2110 2067
f 2108 2110 2097
f 2071 2109 2114
f 2109 2060 2112
f 2114 2112 2072
f 2109 2112 2114
f 2067 2113 2098
f 2113 2072 2111
f 2098 2111 2056
f 2113 2111 2098
f 2071 2114 2110
f 2114 2072 2113
f 2110 2113 2067
f 2114 2113 2110
f 2055 2097 2124
f 2097 2067 2126
f 2124 2126 2076
f 2097 2126 2124
f 2067 2098 2129
f 2098 2056 2127
f 2129 2127 2077
f 2098 2127 2129
f 2076 2130 2125
f 2130 2077 2128
f 2125 2128 2062
f 2130 2128 2125
f 2067 2129 2126
f 2129 2077 2130
f 2126 2130 2076
f 2129 2130 2126
f 2055 2124 2175
f 2124 2076 2177
f 2175 2177 2088
f 2124 2177 2175
f 2076 2125 2188
f 2125 2062 2186
f 2188 2186 2091
f 2125 2186 2188
f 2088 2190 2176
f 2190 2091 2187
f 2176 2187 2065
f 2190 2187 2176
f 2076 2188 2177
f 2188 2091 2190
f 2177 2190 2088
f 2188 2190 2177
f 2055 2175 2192
f 2175 2088 2195
f 2192 2195 2092
f 2175 2195 2192
f 2088 2176 2213
f 2176 2065 2211
f 2213 2211 2096
f 2176 2211 2213
f 2092 2215 2193
f 2215 2096 2212
f 2193 2212 2066
f 2215 2212 2193
f 2088 2213 2195
f 2213 2096 2215
f 2195 2215 2092
f 2213 2215 2195
f 2056 2111 2150
f 2111 2072 2152
f 2150 2152 2083
f 2111 2152 2150
f 2072 2112 2165
f 2112 2060 2163
f 2165 2163 2086
f 2112 2163 2165
f 2083 2167 2151
f 2167 2086 2164
f 2151 2164 2064
f 2167 2164 2151
f 2072 2165 2152
f 2165 2086 2167
f 2152 2167 2083
f 2165 2167 2152
f 2060 2205 2116
f 2205 2095 2208
f 2116 2208 2073
f 2205 2208 2116
f 2095 2206 2210
f 2206 2066 2201
f 2210 2201 2094
f 2206 2201 2210
f 2073 2203 2115
f 2203 2094 2200
f 2115 2200 2059
f 2203 2200 2115
f 2095 2210 2208
f 2210 2094 2203
f 2208 2203 2073
f 2210 2203 2208
f 2066 2212 2197
f 2212 2096 2216
f 2197 2216 2093
f 2212 2216 2197
f 2096 2211 2214
f 2211 2065 2179
f 2214 2179 2089
f 2211 2179 2214
f 2093 2199 2196
f 2199 2089 2178
f 2196 2178 2057
f 2199 2178 2196
f 2096 2214 2216
f 2214 2089 2199
f 2216 2199 2093
f 2214 2199 2216
f 2065 2187 2182
f 2187 2091 2191
f 2182 2191 2090
f 2187 2191 2182
f 2091 2186 2189
f 2186 2062 2132
f 2189 2132 2078
f 2186 2132 2189
f 2090 2184 2181
f 2184 2078 2131
f 2181 2131 2061
f 2184 2131 2181
f 2091 2189 2191
f 2189 2078 2184
f 2191 2184 2090
f 2189 2184 2191
f 2062 2128 2144
f 2128 2077 2146
f 2144 2146 2082
f 2128 2146 2144
f 2077 2127 2135
f 2127 2056 2133
f 2135 2133 2079
f 2127 2133 2135
f 2082 2148 2145
f 2148 2079 2134
f 2145 2134 2063
f 2148 2134 2145
f 2077 2135 2146
f 2135 2079 2148
f 2146 2148 2082
f 2135 2148 2146
f 2058 2154 2104
f 2154 2084 2156
f 2104 2156 2070
f 2154 2156 2104
f 2084 2155 2162
f 2155 2064 2159
f 2162 2159 2085
f 2155 2159 2162
f 2070 2160 2105
f 2160 2085 2158
f 2105 2158 2059
f 2160 2158 2105
f 2084 2162 2156
f 2162 2085 2160
f 2156 2160 2070
f 2162 2160 2156
f 2058 2104 2100
f 2104 2070 2106
f 2100 2106 2068
f 2104 2106 2100
f 2070 2105 2107
f 2105 2059 2102
f 2107 2102 2069
f 2105 2102 2107
f 2068 2103 2099
f 2103 2069 2101
f 2099 2101 2057
f 2103 2101 2099
f 2070 2107 2106
f 2107 2069 2103
f 2106 2103 2068
f 2107 2103 2106
f 2058 2100 2120
f 2100 2068 2122
f 2120 2122 2075
f 2100 2122 2120
f 2068 2099 2119
f 2099 2057 2117
f 2119 2117 2074
f 2099 2117 2119
f 2075 2123 2121
f 2123 2074 2118
f 2121 2118 2061
f 2123 2118 2121
f 2068 2119 2122
f 2119 2074 2123
f 2122 2123 2075
f 2119 2123 2122
f 2058 2120 2136
f 2120 2075 2138
f 2136 2138 2080
f 2120 2138 2136
f 2075 2121 2141
f 2121 2061 2139
f 2141 2139 2081
f 2121 2139 2141
f 2080 2143 2137
f 2143 2081 2140
f 2137 2140 2063
f 2143 2140 2137
f 2075 2141 2138
f 2141 2081 2143
f 2138 2143 2080
f 2141 2143 2138
f 2058 2136 2154
f 2136 2080 2157
f 2154 2157 2084
f 2136 2157 2154
f 2080 2137 2172
f 2137 2063 2169
f 2172 2169 2087
f 2137 2169 2172
f 2084 2174 2155
f 2174 2087 2170
f 2155 2170 2064
f 2174 2170 2155
f 2080 2172 2157
f 2172 2087 2174
f 2157 2174 2084
f 2172 2174 2157
f 2059 2158 2115
f 2158 2085 2161
f 2115 2161 2073
f 2158 2161 2115
f 2085 2159 2168
f 2159 2064 2164
f 2168 2164 2086
f 2159 2164 2168
f 2073 2166 2116
f 2166 2086 2163
f 2116 2163 2060
f 2166 2163 2116
f 2085 2168 2161
f 2168 2086 2166
f 2161 2166 2073
f 2168 2166 2161
f 2057 2101 2196
f 2101 2069 2198
f 2196 2198 2093
f 2101 2198 2196
f 2069 2102 2202
f 2102 2059 2200
f 2202 2200 2094
f 2102 2200 2202
f 2093 2204 2197
f 2204 2094 2201
f 2197 2201 2066
f 2204 2201 2197
f 2069 2202 2198
f 2202 2094 2204
f 2198 2204 2093
f 2202 2204 2198
f 2061 2118 2181
f 2118 2074 2183
f 2181 2183 2090
f 2118 2183 2181
f 2074 2117 2180
f 2117 2057 2178
f 2180 2178 2089
f 2117 2178 2180
f 2090 2185 2182
f 2185 2089 2179
f 2182 2179 2065
f 2185 2179 2182
f 2074 2180 2183
f 2180 2089 2185
f 2183 2185 2090
f 2180 2185 2183
f 2063 2140 2145
f 2140 2081 2149
f 2145 2149 2082
f 2140 2149 2145
f 2081 2139 2142
f 2139 2061 2131
f 2142 2131 2078
f 2139 2131 2142
f 2082 2147 2144
f 2147 2078 2132
f 2144 2132 2062
f 2147 2132 2144
f 2081 2142 2149
f 2142 2078 2147
f 2149 2147 2082
f 2142 2147 2149
f 2064 2170 2151
f 2170 2087 2173
f 2151 2173 2083
f 2170 2173 2151
f 2087 2169 2171
f 2169 2063 2134
f 2171 2134 2079
f 2169 2134 2171
f 2083 2153 2150
f 2153 2079 2133
f 2150 2133 2056
f 2153 2133 2150
f 2087 2171 2173
f 2171 2079 2153
f 2173 2153 2083
f 2171 2153 2173
f 2217 2218 2220
f 2217 2220 2219
f 2219 2220 2222
f 2219 2222 2221
f 2221 2222 2224
f 2221 2224 2223
f 2223 2224 2226
f 2223 2226 2225
f 2225 2226 2228
f 2225 2228 2227
f 2227 2228 2230
f 2227 2230 2229
f 2229 2230 2232
f 2229 2232 2231
f 2231 2232 2218
f 2231 2218 2217
f 2233 2219 2217
f 2234 2218 2220
f 2233 2221 2219
f 2234 2220 2222
f 2233 2223 2221
f 2234 2222 2224
f 2233 2225 2223
f 2234 2224 2226
f 2233 2227 2225
f 2234 2226 2228
f 2233 2229 2227
f 2234 2228 2230
f 2233 2231 2229
f 2234 2230 2232
f 2233 2217 2231
f 2234 2232 2218
f 2235 2372 2288
f 2372 2272 2374
f 2288 2374 2251
f 2372 2374 2288
f 2272 2373 2389
f 2373 2246 2386
f 2389 2386 2275
f 2373 2386 2389
f 2251 2387 2289
f 2387 2275 2385
f 2289 2385 2240
f 2387 2385 2289
f 2272 2389 2374
f 2389 2275 2387
f 2374 2387 2251
f 2389 2387 2374
f 2235 2288 2277
f 2288 2251 2290
f 2277 2290 2247
f 2288 2290 2277
f 2251 2289 2294
f 2289 2240 2292
f 2294 2292 2252
f 2289 2292 2294
f 2247 2293 2278
f 2293 2252 2291
f 2278 2291 2236
f 2293 2291 2278
f 2251 2294 2290
f 2294 2252 2293
f 2290 2293 2247
f 2294 2293 2290
f 2235 2277 2304
f 2277 2247 2306
f 2304 2306 2256
f 2277 2306 2304
f 2247 2278 2309
f 2278 2236 2307
f 2309 2307 2257
f 2278 2307 2309
f 2256 2310 2305
f 2310 2257 2308
f 2305 2308 2242
f 2310 2308 2305
f 2247 2309 2306
f 2309 2257 2310
f 2306 2310 2256
f 2309 2310 2306
f 2235 2304 2355
f 2304 2256 2357
f 2355 2357 2268
f 2304 2357 2355
f 2256 2305 2368
f 2305 2242 2366
f 2368 2366 2271
f 2305 2366 2368
f 2268 2370 2356
f 2370 2271 2367
f 2356 2367 2245
f 2370 2367 2356
f 2256 2368 2357
f 2368 2271 2370
f 2357 2370 2268
f 2368 2370 2357
f 2235 2355 2372
f 2355 2268 2375
f 2372 2375 2272
f 2355 2375 2372
f 2268 2356 2393
f 2356 2245 2391
f 2393 2391 2276
f 2356 2391 2393
f 2272 2395 2373
f 2395 2276 2392
f 2373 2392 2246
f 2395 2392 2373
f 2268 2393 2375
f 2393 2276 2395
f 2375 2395 2272
f 2393 2395 2375
f 2236 2291 2330
f 2291 2252 2332
f 2330 2332 2263
f 2291 2332 2330
f 2252 2292 2345
f 2292 2240 2343
f 2345 2343 2266
f 2292 2343 2345
f 2263 2347 2331
f 2347 2266 2344
f 2331 2344 2244
f 2347 2344 2331
f 2252 2345 2332
f 2345 2266 2347
f 2332 2347 2263
f 2345 2347 2332
f 2240 2385 2296
f 2385 2275 2388
f 2296 2388 2253
f 2385 2388 2296
f 2275 2386 2390
f 2386 2246 2381
f 2390 2381 2274
f 2386 2381 2390
f 2253 2383 2295
f 2383 2274 2380
f 2295 2380 2239
f 2383 2380 2295
f 2275 2390 2388
f 2390 2274 2383
f 2388 2383 2253
f 2390 2383 2388
f 2246 2392 2377
f 2392 2276 2396
f 2377 2396 2273
f 2392 2396 2377
f 2276 2391 2394
f 2391 2245 2359
f 2394 2359 2269
f 2391 2359 2394
f 2273 2379 2376
f 2379 2269 2358
f 2376 2358 2237
f 2379 2358 2376
f 2276 2394 2396
f 2394 2269 2379
f 2396 2379 2273
f 2394 2379 2396
f 2245 2367 2362
f 2367 2271 2371
f 2362 2371 2270
f 2367 2371 2362
f 2271 2366 2369
f 2366 2242 2312
f 2369 2312 2258
f 2366 2312 2369
f 2270 2364 2361
f 2364 2258 2311
f 2361 2311 2241
f 2364 2311 2361
f 2271 2369 2371
f 2369 2258 2364
f 2371 2364 2270
f 2369 2364 2371
f 2242 2308 2324
f 2308 2257 2326
f 2324 2326 2262
f 2308 2326 2324
f 2257 2307 2315
f 2307 2236 2313
f 2315 2313 2259
f 2307 2313 2315
f 2262 2328 2325
f 2328 2259 2314
f 2325 2314 2243
f 2328 2314 2325
f 2257 2315 2326
f 2315 2259 2328
f 2326 2328 2262
f 2315 2328 2326
f 2238 2334 2284
f 2334 2264 2336
f 2284 2336 2250
f 2334 2336 2284
f 2264 2335 2342
f 2335 2244 2339
f 2342 2339 2265
f 2335 2339 2342
f 2250 2340 2285
f 2340 2265 2338
f 2285 2338 2239
f 2340 2338 2285
f 2264 2342 2336
f 2342 2265 2340
f 2336 2340 2250
f 2342 2340 2336
f 2238 2284 2280
f 2284 2250 2286
f 2280 2286 2248
f 2284 2286 2280
f 2250 2285 2287
f 2285 2239 2282
f 2287 2282 2249
f 2285 2282 2287
f 2248 2283 2279
f 2283 2249 2281
f 2279 2281 2237
f 2283 2281 2279
f 2250 2287 2286
f 2287 2249 2283
f 2286 2283 2248
f 2287 2283 2286
f 2238 2280 2300
f 2280 2248 2302
f 2300 2302 2255
f 2280 2302 2300
f 2248 2279 2299
f 2279 2237 2297
f 2299 2297 2254
f 2279 2297 2299
f 2255 2303 2301
f 2303 2254 2298
f 2301 2298 2241
f 2303 2298 2301
f 2248 2299 2302
f 2299 2254 2303
f 2302 2303 2255
f 2299 2303 2302
f 2238 2300 2316
f 2300 2255 2318
f 2316 2318 2260
f 2300 2318 2316
f 2255 2301 2321
f 2301 2241 2319
f 2321 2319 2261
f 2301 2319 2321
f 2260 2323 2317
f 2323 2261 2320
f 2317 2320 2243
f 2323 2320 2317
f 2255 2321 2318
f 2321 2261 2323
f 2318 2323 2260
f 2321 2323 2318
f 2238 2316 2334
f 2316 2260 2337
f 2334 2337 2264
f 2316 2337 2334
f 2260 2317 2352
f 2317 2243 2349
f 2352 2349 2267
f 2317 2349 2352
f 2264 2354 2335
f 2354 2267 2350
f 2335 2350 2244
f 2354 2350 2335
f 2260 2352 2337
f 2352 2267 2354
f 2337 2354 2264
f 2352 2354 2337
f 2239 2338 2295
f 2338 2265 2341
f 2295 2341 2253
f 2338 2341 2295
f 2265 2339 2348
f 2339 2244 2344
f 2348 2344 2266
f 2339 2344 2348
f 2253 2346 2296
f 2346 2266 2343
f 2296 2343 2240
f 2346 2343 2296
f 2265 2348 2341
f 2348 2266 2346
f 2341 2346 2253
f 2348 2346 2341
f 2237 2281 2376
f 2281 2249 2378
f 2376 2378 2273
f 2281 2378 2376
f 2249 2282 2382
f 2282 2239 2380
f 2382 2380 2274
f 2282 2380 2382
f 2273 2384 2377
f 2384 2274 2381
f 2377 2381 2246
f 2384 2381 2377
f 2249 2382 2378
f 2382 2274 2384
f 2378 2384 2273
f 2382 2384 2378
f 2241 2298 2361
f 2298 2254 2363
f 2361 2363 2270
f 2298 2363 2361
f 2254 2297 2360
f 2297 2237 2358
f 2360 2358 2269
f 2297 2358 2360
f 2270 2365 2362
f 2365 2269 2359
f 2362 2359 2245
f 2365 2359 2362
f 2254 2360 2363
f 2360 2269 2365
f 2363 2365 2270
f 2360 2365 2363
f 2243 2320 2325
f 2320 2261 2329
f 2325 2329 2262
f 2320 2329 2325
f 2261 2319 2322
f 2319 2241 2311
f 2322 2311 2258
f 2319 2311 2322
f 2262 2327 2324
f 2327 2258 2312
f 2324 2312 2242
f 2327 2312 2324
f 2261 2322 2329
f 2322 2258 2327
f 2329 2327 2262
f 2322 2327 2329
f 2244 2350 2331
f 2350 2267 2353
f 2331 2353 2263
f 2350 2353 2331
f 2267 2349 2351
f 2349 2243 2314
f 2351 2314 2259
f 2349 2314 2351
f 2263 2333 2330
f 2333 2259 2313
f 2330 2313 2236
f 2333 2313 2330
f 2267 2351 2353
f 2351 2259 2333
f 2353 2333 2263
f 2351 2333 2353
f 2397 2534 2450
f 2534 2434 2536
f 2450 2536 2413
f 2534 2536 2450
f 2434 2535 2551
f 2535 2408 2548
f 2551 2548 2437
f 2535 2548 2551
f 2413 2549 2451
f 2549 2437 2547
f 2451 2547 2402
f 2549 2547 2451
f 2434 2551 2536
f 2551 2437 2549
f 2536 2549 2413
f 2551 2549 2536
f 2397 2450 2439
f 2450 2413 2452
f 2439 2452 2409
f 2450 2452 2439
f 2413 2451 2456
f 2451 2402 2454
f 2456 2454 2414
f 2451 2454 2456
f 2409 2455 2440
f 2455 2414 2453
f 2440 2453 2398
f 2455 2453 2440
f 2413 2456 2452
f 2456 2414 2455
f 2452 2455 2409
f 2456 2455 2452
f 2397 2439 2466
f 2439 2409 2468
f 2466 2468 2418
f 2439 2468 2466
f 2409 2440 2471
f 2440 2398 2469
f 2471 2469 2419
f 2440 2469 2471
f 2418 2472 2467
f 2472 2419 2470
f 2467 2470 2404
f 2472 2470 2467
f 2409 2471 2468
f 2471 2419 2472
f 2468 2472 2418
f 2471 2472 2468
f 2397 2466 2517
f 2466 2418 2519
f 2517 2519 2430
f 2466 2519 2517
f 2418 2467 2530
f 2467 2404 2528
f 2530 2528 2433
f 2467 2528 2530
f 2430 2532 2518
f 2532 2433 2529
f 2518 2529 2407
f 2532 2529 2518
f 2418 2530 2519
f 2530 2433 2532
f 2519 2532 2430
f 2530 2532 2519
f 2397 2517 2534
f 2517 2430 2537
f 2534 2537 2434
f 2517 2537 2534
f 2430 2518 2555
f 2518 2407 2553
f 2555 2553 2438
f 2518 2553 2555
f 2434 2557 2535
f 2557 2438 2554
f 2535 2554 2408
f 2557 2554 2535
f 2430 2555 2537
f 2555 2438 2557
f 2537 2557 2434
f 2555 2557 2537
f 2398 2453 2492
f 2453 2414 2494
f 2492 2494 2425
f 2453 2494 2492
f 2414 2454 2507
f 2454 2402 2505
f 2507 2505 2428
f 2454 2505 2507
f 2425 2509 2493
f 2509 2428 2506
f 2493 2506 2406
f 2509 2506 2493
f 2414 2507 2494
f 2507 2428 2509
f 2494 2509 2425
f 2507 2509 2494
f 2402 2547 2458
f 2547 2437 2550
f 2458 2550 2415
f 2547 2550 2458
f 2437 2548 2552
f 2548 2408 2543
f 2552 2543 2436
f 2548 2543 2552
f 2415 2545 2457
f 2545 2436 2542
f 2457 2542 2401
f 2545 2542 2457
f 2437 2552 2550
f 2552 2436 2545
f 2550 2545 2415
f 2552 2545 2550
f 2408 2554 2539
f 2554 2438 2558
f 2539 2558 2435
f 2554 2558 2539
f 2438 2553 2556
f 2553 2407 2521
f 2556 2521 2431
f 2553 2521 2556
f 2435 2541 2538
f 2541 2431 2520
f 2538 2520 2399
f 2541 2520 2538
f 2438 2556 2558
f 2556 2431 2541
f 2558 2541 2435
f 2556 2541 2558
f 2407 2529 2524
f 2529 2433 2533
f 2524 2533 2432
f 2529 2533 2524
f 2433 2528 2531
f 2528 2404 2474
f 2531 2474 2420
f 2528 2474 2531
f 2432 2526 2523
f 2526 2420 2473
f 2523 2473 2403
f 2526 2473 2523
f 2433 2531 2533
f 2531 2420 2526
f 2533 2526 2432
f 2531 2526 2533
f 2404 2470 2486
f 2470 2419 2488
f 2486 2488 2424
f 2470 2488 2486
f 2419 2469 2477
f 2469 2398 2475
f 2477 2475 2421
f 2469 2475 2477
f 2424 2490 2487
f 2490 2421 2476
f 2487 2476 2405
f 2490 2476 2487
f 2419 2477 2488
f 2477 2421 2490
f 2488 2490 2424
f 2477 2490 2488
f 2400 2496 2446
f 2496 2426 2498
f 2446 2498 2412
f 2496 2498 2446
f 2426 2497 2504
f 2497 2406 2501
f 2504 2501 2427
f 2497 2501 2504
f 2412 2502 2447
f 2502 2427 2500
f 2447 2500 2401
f 2502 2500 2447
f 2426 2504 2498
f 2504 2427 2502
f 2498 2502 2412
f 2504 2502 2498
f 2400 2446 2442
f 2446 2412 2448
f 2442 2448 2410
f 2446 2448 2442
f 2412 2447 2449
f 2447 2401 2444
f 2449 2444 2411
f 2447 2444 2449
f 2410 2445 2441
f 2445 2411 2443
f 2441 2443 2399
f 2445 2443 2441
f 2412 2449 2448
f 2449 2411 2445
f 2448 2445 2410
f 2449 2445 2448
f 2400 2442 2462
f 2442 2410 2464
f 2462 2464 2417
f 2442 2464 2462
f 2410 2441 2461
f 2441 2399 2459
f 2461 2459 2416
f 2441 2459 2461
f 2417 2465 2463
f 2465 2416 2460
f 2463 2460 2403
f 2465 2460 2463
f 2410 2461 2464
f 2461 2416 2465
f 2464 2465 2417
f 2461 2465 2464
f 2400 2462 2478
f 2462 2417 2480
f 2478 2480 2422
f 2462 2480 2478
f 2417 2463 2483
f 2463 2403 2481
f 2483 2481 2423
f 2463 2481 2483
f 2422 2485 2479
f 2485 2423 2482
f 2479 2482 2405
f 2485 2482 2479
f 2417 2483 2480
f 2483 2423 2485
f 2480 2485 2422
f 2483 2485 2480
f 2400 2478 2496
f 2478 2422 2499
f 2496 2499 2426
f 2478 2499 2496
f 2422 2479 2514
f 2479 2405 2511
f 2514 2511 2429
f 2479 2511 2514
f 2426 2516 2497
f 2516 2429 2512
f 2497 2512 2406
f 2516 2512 2497
f 2422 2514 2499
f 2514 2429 2516
f 2499 2516 2426
f 2514 2516 2499
f 2401 2500 2457
f 2500 2427 2503
f 2457 2503 2415
f 2500 2503 2457
f 2427 2501 2510
f 2501 2406 2506
f 2510 2506 2428
f 2501 2506 2510
f 2415 2508 2458
f 2508 2428 2505
f 2458 2505 2402
f 2508 2505 2458
f 2427 2510 2503
f 2510 2428 2508
f 2503 2508 2415
f 2510 2508 2503
f 2399 2443 2538
f 2443 2411 2540
f 2538 2540 2435
f 2443 2540 2538
f 2411 2444 2544
f 2444 2401 2542
f 2544 2542 2436
f 2444 2542 2544
f 2435 2546 2539
f 2546 2436 2543
f 2539 2543 2408
f 2546 2543 2539
f 2411 2544 2540
f 2544 2436 2546
f 2540 2546 2435
f 2544 2546 2540
f 2403 2460 2523
f 2460 2416 2525
f 2523 2525 2432
f 2460 2525 2523
f 2416 2459 2522
f 2459 2399 2520
f 2522 2520 2431
f 2459 2520 2522
f 2432 2527 2524
f 2527 2431 2521
f 2524 2521 2407
f 2527 2521 2524
f 2416 2522 2525
f 2522 2431 2527
f 2525 2527 2432
f 2522 2527 2525
f 2405 2482 2487
f 2482 2423 2491
f 2487 2491 2424
f 2482 2491 2487
f 2423 2481 2484
f 2481 2403 2473
f 2484 2473 2420
f 2481 2473 2484
f 2424 2489 2486
f 2489 2420 2474
f 2486 2474 2404
f 2489 2474 2486
f 2423 2484 2491
f 2484 2420 2489
f 2491 2489 2424
f 2484 2489 2491
f 2406 2512 2493
f 2512 2429 2515
f 2493 2515 2425
f 2512 2515 2493
f 2429 2511 2513
f 2511 2405 2476
f 2513 2476 2421
f 2511 2476 2513
f 2425 2495 2492
f 2495 2421 2475
f 2492 2475 2398
f 2495 2475 2492
f 2429 2513 2515
f 2513 2421 2495
f 2515 2495 2425
f 2513 2495 2515
f 2559 2560 2562
f 2559 2562 2561
f 2561 2562 2564
f 2561 2564 2563
f 2563 2564 2566
f 2563 2566 2565
f 2565 2566 2568
f 2565 2568 2567
f 2567 2568 2570
f 2567 2570 2569
f 2569 2570 2572
f 2569 2572 2571
f 2571 2572 2574
f 2571 2574 2573
f 2573 2574 2560
f 2573 2560 2559
f 2575 2561 2559
f 2576 2560 2562
f 2575 2563 2561
f 2576 2562 2564
f 2575 2565 2563
f 2576 2564 2566
f 2575 2567 2565
f 2576 2566 2568
f 2575 2569 2567
f 2576 2568 2570
f 2575 2571 2569
f 2576 2570 2572
f 2575 2573 2571
f 2576 2572 2574
f 2575 2559 2573
f 2576 2574 2560
f 2577 2714 2630
f 2714 2614 2716
f 2630 2716 2593
f 2714 2716 2630
f 2614 2715 2731
f 2715 2588 2728
f 2731 2728 2617
f 2715 2728 2731
f 2593 2729 2631
f 2729 2617 2727
f 2631 2727 2582
f 2729 2727 2631
f 2614 2731 2716
f 2731 2617 2729
f 2716 2729 2593
f 2731 2729 2716
f 2577 2630 2619
f 2630 2593 2632
f 2619 2632 2589
f 2630 2632 2619
f 2593 2631 2636
f 2631 2582 2634
f 2636 2634 2594
f 2631 2634 2636
f 2589 2635 2620
f 2635 2594 2633
f 2620 2633 2578
f 2635 2633 2620
f 2593 2636 2632
f 2636 2594 2635
f 2632 2635 2589
f 2636 2635 2632
f 2577 2619 2646
f 2619 2589 2648
f 2646 2648 2598
f 2619 2648 2646
f 2589 2620 2651
f 2620 2578 2649
f 2651 2649 2599
f 2620 2649 2651
f 2598 2652 2647
f 2652 2599 2650
f 2647 2650 2584
f 2652 2650 2647
f 2589 2651 2648
f 2651 2599 2652
f 2648 2652 2598
f 2651 2652 2648
f 2577 2646 2697
f 2646 2598 2699
f 2697 2699 2610
f 2646 2699 2697
f 2598 2647 2710
f 2647 2584 2708
f 2710 2708 2613
f 2647 2708 2710
f 2610 2712 2698
f 2712 2613 2709
f 2698 2709 2587
f 2712 2709 2698
f 2598 2710 2699
f 2710 2613 2712
f 2699 2712 2610
f 2710 2712 2699
f 2577 2697 2714
f 2697 2610 2717
f 2714 2717 2614
f 2697 2717 2714
f 2610 2698 2735
f 2698 2587 2733
f 2735 2733 2618
f 2698 2733 2735
f 2614 2737 2715
f 2737 2618 2734
f 2715 2734 2588
f 2737 2734 2715
f 2610 2735 2717
f 2735 2618 2737
f 2717 2737 2614
f 2735 2737 2717
f 2578 2633 2672
f 2633 2594 2674
f 2672 2674 2605
f 2633 2674 2672
f 2594 2634 2687
f 2634 2582 2685
f 2687 2685 2608
f 2634 2685 2687
f 2605 2689 2673
f 2689 2608 2686
f 2673 2686 2586
f 2689 2686 2673
f 2594 2687 2674
f 2687 2608 2689
f 2674 2689 2605
f 2687 2689 2674
f 2582 2727 2638
f 2727 2617 2730
f 2638 2730 2595
f 2727 2730 2638
f 2617 2728 2732
f 2728 2588 2723
f 2732 2723 2616
f 2728 2723 2732
f 2595 2725 2637
f 2725 2616 2722
f 2637 2722 2581
f 2725 2722 2637
f 2617 2732 2730
f 2732 2616 2725
f 2730 2725 2595
f 2732 2725 2730
f 2588 2734 2719
f 2734 2618 2738
f 2719 2738 2615
f 2734 2738 2719
f 2618 2733 2736
f 2733 2587 2701
f 2736 2701 2611
f 2733 2701 2736
f 2615 2721 2718
f 2721 2611 2700
f 2718 2700 2579
f 2721 2700 2718
f 2618 2736 2738
f 2736 2611 2721
f 2738 2721 2615
f 2736 2721 2738
f 2587 2709 2704
f 2709 2613 2713
f 2704 2713 2612
f 2709 2713 2704
f 2613 2708 2711
f 2708 2584 2654
f 2711 2654 2600
f 2708 2654 2711
f 2612 2706 2703
f 2706 2600 2653
f 2703 2653 2583
f 2706 2653 2703
f 2613 2711 2713
f 2711 2600 2706
f 2713 2706 2612
f 2711 2706 2713
f 2584 2650 2666
f 2650 2599 2668
f 2666 2668 2604
f 2650 2668 2666
f 2599 2649 2657
f 2649 2578 2655
f 2657 2655 2601
f 2649 2655 2657
f 2604 2670 2667
f 2670 2601 2656
f 2667 2656 2585
f 2670 2656 2667
f 2599 2657 2668
f 2657 2601 2670
f 2668 2670 2604
f 2657 2670 2668
f 2580 2676 2626
f 2676 2606 2678
f 2626 2678 2592
f 2676 2678 2626
f 2606 2677 2684
f 2677 2586 2681
f 2684 2681 2607
f 2677 2681 2684
f 2592 2682 2627
f 2682 2607 2680
f 2627 2680 2581
f 2682 2680 2627
f 2606 2684 2678
f 2684 2607 2682
f 2678 2682 2592
f 2684 2682 2678
f 2580 2626 2622
f 2626 2592 2628
f 2622 2628 2590
f 2626 2628 2622
f 2592 2627 2629
f 2627 2581 2624
f 2629 2624 2591
f 2627 2624 2629
f 2590 2625 2621
f 2625 2591 2623
f 2621 2623 2579
f 2625 2623 2621
f 2592 2629 2628
f 2629 2591 2625
f 2628 2625 2590
f 2629 2625 2628
f 2580 2622 2642
f 2622 2590 2644
f 2642 2644 2597
f 2622 2644 2642
f 2590 2621 2641
f 2621 2579 2639
f 2641 2639 2596
f 2621 2639 2641
f 2597 2645 2643
f 2645 2596 2640
f 2643 2640 2583
f 2645 2640 2643
f 2590 2641 2644
f 2641 2596 2645
f 2644 2645 2597
f 2641 2645 2644
f 2580 2642 2658
f 2642 2597 2660
f 2658 2660 2602
f 2642 2660 2658
f 2597 2643 2663
f 2643 2583 2661
f 2663 2661 2603
f 2643 2661 2663
f 2602 2665 2659
f 2665 2603 2662
f 2659 2662 2585
f 2665 2662 2659
f 2597 2663 2660
f 2663 2603 2665
f 2660 2665 2602
f 2663 2665 2660
f 2580 2658 2676
f 2658 2602 2679
f 2676 2679 2606
f 2658 2679 2676
f 2602 2659 2694
f 2659 2585 2691
f 2694 2691 2609
f 2659 2691 2694
f 2606 2696 2677
f 2696 2609 2692
f 2677 2692 2586
f 2696 2692 2677
f 2602 2694 2679
f 2694 2609 2696
f 2679 2696 2606
f 2694 2696 2679
f 2581 2680 2637
f 2680 2607 2683
f 2637 2683 2595
f 2680 2683 2637
f 2607 2681 2690
f 2681 2586 2686
f 2690 2686 2608
f 2681 2686 2690
f 2595 2688 2638
f 2688 2608 2685
f 2638 2685 2582
f 2688 2685 2638
f 2607 2690 2683
f 2690 2608 2688
f 2683 2688 2595
f 2690 2688 2683
f 2579 2623 2718
f 2623 2591 2720
f 2718 2720 2615
f 2623 2720 2718
f 2591 2624 2724
f 2624 2581 2722
f 2724 2722 2616
f 2624 2722 2724
f 2615 2726 2719
f 2726 2616 2723
f 2719 2723 2588
f 2726 2723 2719
f 2591 2724 2720
f 2724 2616 2726
f 2720 2726 2615
f 2724 2726 2720
f 2583 2640 2703
f 2640 2596 2705
f 2703 2705 2612
f 2640 2705 2703
f 2596 2639 2702
f 2639 2579 2700
f 2702 2700 2611
f 2639 2700 2702
f 2612 2707 2704
f 2707 2611 2701
f 2704 2701 2587
f 2707 2701 2704
f 2596 2702 2705
f 2702 2611 2707
f 2705 2707 2612
f 2702 2707 2705
f 2585 2662 2667
f 2662 2603 2671
f 2667 2671 2604
f 2662 2671 2667
f 2603 2661 2664
f 2661 2583 2653
f 2664 2653 2600
f 2661 2653 2664
f 2604 2669 2666
f 2669 2600 2654
f 2666 2654 2584
f 2669 2654 2666
f 2603 2664 2671
f 2664 2600 2669
f 2671 2669 2604
f 2664 2669 2671
f 2586 2692 2673
f 2692 2609 2695
f 2673 2695 2605
f 2692 2695 2673
f 2609 2691 2693
f 2691 2585 2656
f 2693 2656 2601
f 2691 2656 2693
f 2605 2675 2672
f 2675 2601 2655
f 2672 2655 2578
f 2675 2655 2672
f 2609 2693 2695
f 2693 2601 2675
f 2695 2675 2605
f 2693 2675 2695
f 2739 2740 2742
f 2739 2742 2741
f 2741 2742 2744
f 2741 2744 2743
f 2743 2744 2746
f 2743 2746 2745
f 2745 2746 2748
f 2745 2748 2747
f 2747 2748 2750
f 2747 2750 2749
f 2749 2750 2752
f 2749 2752 2751
f 2751 2752 2754
f 2751 2754 2753
f 2753 2754 2740
f 2753 2740 2739
f 2755 2741 2739
f 2756 2740 2742
f 2755 2743 2741
f 2756 2742 2744
f 2755 2745 2743
f 2756 2744 2746
f 2755 2747 2745
f 2756 2746 2748
f 2755 2749 2747
f 2756 2748 2750
f 2755 2751 2749
f 2756 2750 2752
f 2755 2753 2751
f 2756 2752 2754
f 2755 2739 2753
f 2756 2754 2740
f 2757 2894 2810
f 2894 2794 2896
f 2810 2896 2773
f 2894 2896 2810
f 2794 2895 2911
f 2895 2768 2908
f 2911 2908 2797
f 2895 2908 2911
f 2773 2909 2811
f 2909 2797 2907
f 2811 2907 2762
f 2909 2907 2811
f 2794 2911 2896
f 2911 2797 2909
f 2896 2909 2773
f 2911 2909 2896
f 2757 2810 2799
f 2810 2773 2812
f 2799 2812 2769
f 2810 2812 2799
f 2773 2811 2816
f 2811 2762 2814
f 2816 2814 2774
f 2811 2814 2816
f 2769 2815 2800
f 2815 2774 2813
f 2800 2813 2758
f 2815 2813 2800
f 2773 2816 2812
f 2816 2774 2815
f 2812 2815 2769
f 2816 2815 2812
f 2757 2799 2826
f 2799 2769 2828
f 2826 2828 2778
f 2799 2828 2826
f 2769 2800 2831
f 2800 2758 2829
f 2831 2829 2779
f 2800 2829 2831
f 2778 2832 2827
f 2832 2779 2830
f 2827 2830 2764
f 2832 2830 2827
f 2769 2831 2828
f 2831 2779 2832
f 2828 2832 2778
f 2831 2832 2828
f 2757 2826 2877
f 2826 2778 2879
f 2877 2879 2790
f 2826 2879 2877
f 2778 2827 2890
f 2827 2764 2888
f 2890 2888 2793
f 2827 2888 2890
f 2790 2892 2878
f 2892 2793 2889
f 2878 2889 2767
f 2892 2889 2878
f 2778 2890 2879
f 2890 2793 2892
f 2879 2892 2790
f 2890 2892 2879
f 2757 2877 2894
f 2877 2790 2897
f 2894 2897 2794
f 2877 2897 2894
f 2790 2878 2915
f 2878 2767 2913
f 2915 2913 2798
f 2878 2913 2915
f 2794 2917 2895
f 2917 2798 2914
f 2895 2914 2768
f 2917 2914 2895
f 2790 2915 2897
f 2915 2798 2917
f 2897 2917 2794
f 2915 2917 2897
f 2758 2813 2852
f 2813 2774 2854
f 2852 2854 2785
f 2813 2854 2852
f 2774 2814 2867
f 2814 2762 2865
f 2867 2865 2788
f 2814 2865 2867
f 2785 2869 2853
f 2869 2788 2866
f 2853 2866 2766
f 2869 2866 2853
f 2774 2867 2854
f 2867 2788 2869
f 2854 2869 2785
f 2867 2869 2854
f 2762 2907 2818
f 2907 2797 2910
f 2818 2910 2775
f 2907 2910 2818
f 2797 2908 2912
f 2908 2768 2903
f 2912 2903 2796
f 2908 2903 2912
f 2775 2905 2817
f 2905 2796 2902
f 2817 2902 2761
f 2905 2902 2817
f 2797 2912 2910
f 2912 2796 2905
f 2910 2905 2775
f 2912 2905 2910
f 2768 2914 2899
f 2914 2798 2918
f 2899 2918 2795
f 2914 2918 2899
f 2798 2913 2916
f 2913 2767 2881
f 2916 2881 2791
f 2913 2881 2916
f 2795 2901 2898
f 2901 2791 2880
f 2898 2880 2759
f 2901 2880 2898
f 2798 2916 2918
f 2916 2791 2901
f 2918 2901 2795
f 2916 2901 2918
f 2767 2889 2884
f 2889 2793 2893
f 2884 2893 2792
f 2889 2893 2884
f 2793 2888 2891
f 2888 2764 2834
f 2891 2834 2780
f 2888 2834 2891
f 2792 2886 2883
f 2886 2780 2833
f 2883 2833 2763
f 2886 2833 2883
f 2793 2891 2893
f 2891 2780 2886
f 2893 2886 2792
f 2891 2886 2893
f 2764 2830 2846
f 2830 2779 2848
f 2846 2848 2784
f 2830 2848 2846
f 2779 2829 2837
f 2829 2758 2835
f 2837 2835 2781
f 2829 2835 2837
f 2784 2850 2847
f 2850 2781 2836
f 2847 2836 2765
f 2850 2836 2847
f 2779 2837 2848
f 2837 2781 2850
f 2848 2850 2784
f 2837 2850 2848
f 2760 2856 2806
f 2856 2786 2858
f 2806 2858 2772
f 2856 2858 2806
f 2786 2857 2864
f 2857 2766 2861
f 2864 2861 2787
f 2857 2861 2864
f 2772 2862 2807
f 2862 2787 2860
f 2807 2860 2761
f 2862 2860 2807
f 2786 2864 2858
f 2864 2787 2862
f 2858 2862 2772
f 2864 2862 2858
f 2760 2806 2802
f 2806 2772 2808
f 2802 2808 2770
f 2806 2808 2802
f 2772 2807 2809
f 2807 2761 2804
f 2809 2804 2771
f 2807 2804 2809
f 2770 2805 2801
f 2805 2771 2803
f 2801 2803 2759
f 2805 2803 2801
f 2772 2809 2808
f 2809 2771 2805
f 2808 2805 2770
f 2809 2805 2808
f 2760 2802 2822
f 2802 2770 2824
f 2822 2824 2777
f 2802 2824 2822
f 2770 2801 2821
f 2801 2759 2819
f 2821 2819 2776
f 2801 2819 2821
f 2777 2825 2823
f 2825 2776 2820
f 2823 2820 2763
f 2825 2820 2823
f 2770 2821 2824
f 2821 2776 2825
f 2824 2825 2777
f 2821 2825 2824
f 2760 2822 2838
f 2822 2777 2840
f 2838 2840 2782
f 2822 2840 2838
f 2777 2823 2843
f 2823 2763 2841
f 2843 2841 2783
f 2823 2841 2843
f 2782 2845 2839
f 2845 2783 2842
f 2839 2842 2765
f 2845 2842 2839
f 2777 2843 2840
f 2843 2783 2845
f 2840 2845 2782
f 2843 2845 2840
f 2760 2838 2856
f 2838 2782 2859
f 2856 2859 2786
f 2838 2859 2856
f 2782 2839 2874
f 2839 2765 2871
f 2874 2871 2789
f 2839 2871 2874
f 2786 2876 2857
f 2876 2789 2872
f 2857 2872 2766
f 2876 2872 2857
f 2782 2874 2859
f 2874 2789 2876
f 2859 2876 2786
f 2874 2876 2859
f 2761 2860 2817
f 2860 2787 2863
f 2817 2863 2775
f 2860 2863 2817
f 2787 2861 2870
f 2861 2766 2866
f 2870 2866 2788
f 2861 2866 2870
f 2775 2868 2818
f 2868 2788 2865
f 2818 2865 2762
f 2868 2865 2818
f 2787 2870 2863
f 2870 2788 2868
f 2863 2868 2775
f 2870 2868 2863
f 2759 2803 2898
f 2803 2771 2900
f 2898 2900 2795
f 2803 2900 2898
f 2771 2804 2904
f 2804 2761 2902
f 2904 2902 2796
f 2804 2902 2904
f 2795 2906 2899
f 2906 2796 2903
f 2899 2903 2768
f 2906 2903 2899
f 2771 2904 2900
f 2904 2796 2906
f 2900 2906 2795
f 2904 2906 2900
f 2763 2820 2883
f 2820 2776 2885
f 2883 2885 2792
f 2820 2885 2883
f 2776 2819 2882
f 2819 2759 2880
f 2882 2880 2791
f 2819 2880 2882
f 2792 2887 2884
f 2887 2791 2881
f 2884 2881 2767
f 2887 2881 2884
f 2776 2882 2885
f 2882 2791 2887
f 2885 2887 2792
f 2882 2887 2885
f 2765 2842 2847
f 2842 2783 2851
f 2847 2851 2784
f 2842 2851 2847
f 2783 2841 2844
f 2841 2763 2833
f 2844 2833 2780
f 2841 2833 2844
f 2784 2849 2846
f 2849 2780 2834
f 2846 2834 2764
f 2849 2834 2846
f 2783 2844 2851
f 2844 2780 2849
f 2851 2849 2784
f 2844 2849 2851
f 2766 2872 2853
f 2872 2789 2875
f 2853 2875 2785
f 2872 2875 2853
f 2789 2871 2873
f 2871 2765 2836
f 2873 2836 2781
f 2871 2836 2873
f 2785 2855 2852
f 2855 2781 2835
f 2852 2835 2758
f 2855 2835 2852
f 2789 2873 2875
f 2873 2781 2855
f 2875 2855 2785
f 2873 2855 2875
f 2919 2920 2922
f 2919 2922 2921
f 2921 2922 2924
f 2921 2924 2923
f 2923 2924 2926
f 2923 2926 2925
f 2925 2926 2928
f 2925 2928 2927
f 2927 2928 2930
f 2927 2930 2929
f 2929 2930 2932
f 2929 2932 2931
f 2931 2932 2934
f 2931 2934 2933
f 2933 2934 2920
f 2933 2920 2919
f 2935 2921 2919
f 2936 2920 2922
f 2935 2923 2921
f 2936 2922 2924
f 2935 2925 2923
f 2936 2924 2926
f 2935 2927 2925
f 2936 2926 2928
f 2935 2929 2927
f 2936 2928 2930
f 2935 2931 2929
f 2936 2930 2932
f 2935 2933 2931
f 2936 2932 2934
f 2935 2919 2933
f 2936 2934 2920
f 2937 3074 2990
f 3074 2974 3076
f 2990 3076 2953
f 3074 3076 2990
f 2974 3075 3091
f 3075 2948 3088
f 3091 3088 2977
f 3075 3088 3091
f 2953 3089 2991
f 3089 2977 3087
f 2991 3087 2942
f 3089 3087 2991
f 2974 3091 3076
f 3091 2977 3089
f 3076 3089 2953
f 3091 3089 3076
f 2937 2990 2979
f 2990 2953 2992
f 2979 2992 2949
f 2990 2992 2979
f 2953 2991 2996
f 2991 2942 2994
f 2996 2994 2954
f 2991 2994 2996
f 2949 2995 2980
f 2995 2954 2993
f 2980 2993 2938
f 2995 2993 2980
f 2953 2996 2992
f 2996 2954 2995
f 2992 2995 2949
f 2996 2995 2992
f 2937 2979 3006
f 2979 2949 3008
f 3006 3008 2958
f 2979 3008 3006
f 2949 2980 3011
f 2980 2938 3009
f 3011 3009 2959
f 2980 3009 3011
f 2958 3012 3007
f 3012 2959 3010
f 3007 3010 2944
f 3012 3010 3007
f 2949 3011 3008
f 3011 2959 3012
f 3008 3012 2958
f 3011 3012 3008
f 2937 3006 3057
f 3006 2958 3059
f 3057 3059 2970
f 3006 3059 3057
f 2958 3007 3070
f 3007 2944 3068
f 3070 3068 2973
f 3007 3068 3070
f 2970 3072 3058
f 3072 2973 3069
f 3058 3069 2947
f 3072 3069 3058
f 2958 3070 3059
f 3070 2973 3072
f 3059 3072 2970
f 3070 3072 3059
f 2937 3057 3074
f 3057 2970 3077
f 3074 3077 2974
f 3057 3077 3074
f 2970 3058 3095
f 3058 2947 3093
f 3095 3093 2978
f 3058 3093 3095
f 2974 3097 3075
f 3097 2978 3094
f 3075 3094 2948
f 3097 3094 3075
f 2970 3095 3077
f 3095 2978 3097
f 3077 3097 2974
f 3095 3097 3077
f 2938 2993 3032
f 2993 2954 3034
f 3032 3034 2965
f 2993 3034 3032
f 2954 2994 3047
f 2994 2942 3045
f 3047 3045 2968
f 2994 3045 3047
f 2965 3049 3033
f 3049 2968 3046
f 3033 3046 2946
f 3049 3046 3033
f 2954 3047 3034
f 3047 2968 3049
f 3034 3049 2965
f 3047 3049 3034
f 2942 3087 2998
f 3087 2977 3090
f 2998 3090 2955
f 3087 3090 2998
f 2977 3088 3092
f 3088 2948 3083
f 3092 3083 2976
f 3088 3083 3092
f 2955 3085 2997
f 3085 2976 3082
f 2997 3082 2941
f 3085 3082 2997
f 2977 3092 3090
f 3092 2976 3085
f 3090 3085 2955
f 3092 3085 3090
f 2948 3094 3079
f 3094 2978 3098
f 3079 3098 2975
f 3094 3098 3079
f 2978 3093 3096
f 3093 2947 3061
f 3096 3061 2971
f 3093 3061 3096
f 2975 3081 3078
f 3081 2971 3060
f 3078 3060 2939
f 3081 3060 3078
f 2978 3096 3098
f 3096 2971 3081
f 3098 3081 2975
f 3096 3081 3098
f 2947 3069 3064
f 3069 2973 3073
f 3064 3073 2972
f 3069 3073 3064
f 2973 3068 3071
f 3068 2944 3014
f 3071 3014 2960
f 3068 3014 3071
f 2972 3066 3063
f 3066 2960 3013
f 3063 3013 2943
f 3066 3013 3063
f 2973 3071 3073
f 3071 2960 3066
f 3073 3066 2972
f 3071 3066 3073
f 2944 3010 3026
f 3010 2959 3028
f 3026 3028 2964
f 3010 3028 3026
f 2959 3009 3017
f 3009 2938 3015
f 3017 3015 2961
f 3009 3015 3017
f 2964 3030 3027
f 3030 2961 3016
f 3027 3016 2945
f 3030 3016 3027
f 2959 3017 3028
f 3017 2961 3030
f 3028 3030 2964
f 3017 3030 3028
f 2940 3036 2986
f 3036 2966 3038
f 2986 3038 2952
f 3036 3038 2986
f 2966 3037 3044
f 3037 2946 3041
f 3044 3041 2967
f 3037 3041 3044
f 2952 3042 2987
f 3042 2967 3040
f 2987 3040 2941
f 3042 3040 2987
f 2966 3044 3038
f 3044 2967 3042
f 3038 3042 2952
f 3044 3042 3038
f 2940 2986 2982
f 2986 2952 2988
f 2982 2988 2950
f 2986 2988 2982
f 2952 2987 2989
f 2987 2941 2984
f 2989 2984 2951
f 2987 2984 2989
f 2950 2985 2981
f 2985 2951 2983
f 2981 2983 2939
f 2985 2983 2981
f 2952 2989 2988
f 2989 2951 2985
f 2988 2985 2950
f 2989 2985 2988
f 2940 2982 3002
f 2982 2950 3004
f 3002 3004 2957
f 2982 3004 3002
f 2950 2981 3001
f 2981 2939 2999
f 3001 2999 2956
f 2981 2999 3001
f 2957 3005 3003
f 3005 2956 3000
f 3003 3000 2943
f 3005 3000 3003
f 2950 3001 3004
f 3001 2956 3005
f 3004 3005 2957
f 3001 3005 3004
f 2940 3002 3018
f 3002 2957 3020
f 3018 3020 2962
f 3002 3020 3018
f 2957 3003 3023
f 3003 2943 3021
f 3023 3021 2963
f 3003 3021 3023
f 2962 3025 3019
f 3025 2963 3022
f 3019 3022 2945
f 3025 3022 3019
f 2957 3023 3020
f 3023 2963 3025
f 3020 3025 2962
f 3023 3025 3020
f 2940 3018 3036
f 3018 2962 3039
f 3036 3039 2966
f 3018 3039 3036
f 2962 3019 3054
f 3019 2945 3051
f 3054 3051 2969
f 3019 3051 3054
f 2966 3056 3037
f 3056 2969 3052
f 3037 3052 2946
f 3056 3052 3037
f 2962 3054 3039
f 3054 2969 3056
f 3039 3056 2966
f 3054 3056 3039
f 2941 3040 2997
f 3040 2967 3043
f 2997 3043 2955
f 3040 3043 2997
f 2967 3041 3050
f 3041 2946 3046
f 3050 3046 2968
f 3041 3046 3050
f 2955 3048 2998
f 3048 2968 3045
f 2998 3045 2942
f 3048 3045 2998
f 2967 3050 3043
f 3050 2968 3048
f 3043 3048 2955
f 3050 3048 3043
f 2939 2983 3078
f 2983 2951 3080
f 3078 3080 2975
f 2983 3080 3078
f 2951 2984 3084
f 2984 2941 3082
f 3084 3082 2976
f 2984 3082 3084
f 2975 3086 3079
f 3086 2976 3083
f 3079 3083 2948
f 3086 3083 3079
f 2951 3084 3080
f 3084 2976 3086
f 3080 3086 2975
f 3084 3086 3080
f 2943 3000 3063
f 3000 2956 3065
f 3063 3065 2972
f 3000 3065 3063
f 2956 2999 3062
f 2999 2939 3060
f 3062 3060 2971
f 2999 3060 3062
f 2972 3067 3064
f 3067 2971 3061
f 3064 3061 2947
f 3067 3061 3064
f 2956 3062 3065
f 3062 2971 3067
f 3065 3067 2972
f 3062 3067 3065
f 2945 3022 3027
f 3022 2963 3031
f 3027 3031 2964
f 3022 3031 3027
f 2963 3021 3024
f 3021 2943 3013
f 3024 3013 2960
f 3021 3013 3024
f 2964 3029 3026
f 3029 2960 3014
f 3026 3014 2944
f 3029 3014 3026
f 2963 3024 3031
f 3024 2960 3029
f 3031 3029 2964
f 3024 3029 3031
f 2946 3052 3033
f 3052 2969 3055
f 3033 3055 2965
f 3052 3055 3033
f 2969 3051 3053
f 3051 2945 3016
f 3053 3016 2961
f 3051 3016 3053
f 2965 3035 3032
f 3035 2961 3015
f 3032 3015 2938
f 3035 3015 3032
f 2969 3053 3055
f 3053 2961 3035
f 3055 3035 2965
f 3053 3035 3055
f 3099 3100 3102
f 3099 3102 3101
f 3101 3102 3104
f 3101 3104 3103
f 3103 3104 3106
f 3103 3106 3105
f 3105 3106 3108
f 3105 3108 3107
f 3107 3108 3110
f 3107 3110 3109
f 3109 3110 3112
f 3109 3112 3111
f 3111 3112 3114
f 3111 3114 3113
f 3113 3114 3100
f 3113 3100 3099
f 3115 3101 3099
f 3116 3100 3102
f 3115 3103 3101
f 3116 3102 3104
f 3115 3105 3103
f 3116 3104 3106
f 3115 3107 3105
f 3116 3106 3108
f 3115 3109 3107
f 3116 3108 3110
f 3115 3111 3109
f 3116 3110 3112
f 3115 3113 3111
f 3116 3112 3114
f 3115 3099 3113
f 3116 3114 3100
f 3117 3254 3170
f 3254 3154 3256
f 3170 3256 3133
f 3254 3256 3170
f 3154 3255 3271
f 3255 3128 3268
f 3271 3268 3157
f 3255 3268 3271
f 3133 3269 3171
f 3269 3157 3267
f 3171 3267 3122
f 3269 3267 3171
f 3154 3271 3256
f 3271 3157 3269
f 3256 3269 3133
f 3271 3269 3256
f 3117 3170 3159
f 3170 3133 3172
f 3159 3172 3129
f 3170 3172 3159
f 3133 3171 3176
f 3171 3122 3174
f 3176 3174 3134
f 3171 3174 3176
f 3129 3175 3160
f 3175 3134 3173
f 3160 3173 3118
f 3175 3173 3160
f 3133 3176 3172
f 3176 3134 3175
f 3172 3175 3129
f 3176 3175 3172
f 3117 3159 3186
f 3159 3129 3188
f 3186 3188 3138
f 3159 3188 3186
f 3129 3160 3191
f 3160 3118 3189
f 3191 3189 3139
f 3160 3189 3191
f 3138 3192 3187
f 3192 3139 3190
f 3187 3190 3124
f 3192 3190 3187
f 3129 3191 3188
f 3191 3139 3192
f 3188 3192 3138
f 3191 3192 3188
f 3117 3186 3237
f 3186 3138 3239
f 3237 3239 3150
f 3186 3239 3237
f 3138 3187 3250
f 3187 3124 3248
f 3250 3248 3153
f 3187 3248 3250
f 3150 3252 3238
f 3252 3153 3249
f 3238 3249 3127
f 3252 3249 3238
f 3138 3250 3239
f 3250 3153 3252
f 3239 3252 3150
f 3250 3252 3239
f 3117 3237 3254
f 3237 3150 3257
f 3254 3257 3154
f 3237 3257 3254
f 3150 3238 3275
f 3238 3127 3273
f 3275 3273 3158
f 3238 3273 3275
f 3154 3277 3255
f 3277 3158 3274
f 3255 3274 3128
f 3277 3274 3255
f 3150 3275 3257
f 3275 3158 3277
f 3257 3277 3154
f 3275 3277 3257
f 3118 3173 3212
f 3173 3134 3214
f 3212 3214 3145
f 3173 3214 3212
f 3134 3174 3227
f 3174 3122 3225
f 3227 3225 3148
f 3174 3225 3227
f 3145 3229 3213
f 3229 3148 3226
f 3213 3226 3126
f 3229 3226 3213
f 3134 3227 3214
f 3227 3148 3229
f 3214 3229 3145
f 3227 3229 3214
f 3122 3267 3178
f 3267 3157 3270
f 3178 3270 3135
f 3267 3270 3178
f 3157 3268 3272
f 3268 3128 3263
f 3272 3263 3156
f 3268 3263 3272
f 3135 3265 3177
f 3265 3156 3262
f 3177 3262 3121
f 3265 3262 3177
f 3157 3272 3270
f 3272 3156 3265
f 3270 3265 3135
f 3272 3265 3270
f 3128 3274 3259
f 3274 3158 3278
f 3259 3278 3155
f 3274 3278 3259
f 3158 3273 3276
f 3273 3127 3241
f 3276 3241 3151
f 3273 3241 3276
f 3155 3261 3258
f 3261 3151 3240
f 3258 3240 3119
f 3261 3240 3258
f 3158 3276 3278
f 3276 3151 3261
f 3278 3261 3155
f 3276 3261 3278
f 3127 3249 3244
f 3249 3153 3253
f 3244 3253 3152
f 3249 3253 3244
f 3153 3248 3251
f 3248 3124 3194
f 3251 3194 3140
f 3248 3194 3251
f 3152 3246 3243
f 3246 3140 3193
f 3243 3193 3123
f 3246 3193 3243
f 3153 3251 3253
f 3251 3140 3246
f 3253 3246 3152
f 3251 3246 3253
f 3124 3190 3206
f 3190 3139 3208
f 3206 3208 3144
f 3190 3208 3206
f 3139 3189 3197
f 3189 3118 3195
f 3197 3195 3141
f 3189 3195 3197
f 3144 3210 3207
f 3210 3141 3196
f 3207 3196 3125
f 3210 3196 3207
f 3139 3197 3208
f 3197 3141 3210
f 3208 3210 3144
f 3197 3210 3208
f 3120 3216 3166
f 3216 3146 3218
f 3166 3218 3132
f 3216 3218 3166
f 3146 3217 3224
f 3217 3126 3221
f 3224 3221 3147
f 3217 3221 3224
f 3132 3222 3167
f 3222 3147 3220
f 3167 3220 3121
f 3222 3220 3167
f 3146 3224 3218
f 3224 3147 3222
f 3218 3222 3132
f 3224 3222 3218
f 3120 3166 3162
f 3166 3132 3168
f 3162 3168 3130
f 3166 3168 3162
f 3132 3167 3169
f 3167 3121 3164
f 3169 3164 3131
f 3167 3164 3169
f 3130 3165 3161
f 3165 3131 3163
f 3161 3163 3119
f 3165 3163 3161
f 3132 3169 3168
f 3169 3131 3165
f 3168 3165 3130
f 3169 3165 3168
f 3120 3162 3182
f 3162 3130 3184
f 3182 3184 3137
f 3162 3184 3182
f 3130 3161 3181
f 3161 3119 3179
f 3181 3179 3136
f 3161 3179 3181
f 3137 3185 3183
f 3185 3136 3180
f 3183 3180 3123
f 3185 3180 3183
f 3130 3181 3184
f 3181 3136 3185
f 3184 3185 3137
f 3181 3185 3184
f 3120 3182 3198
f 3182 3137 3200
f 3198 3200 3142
f 3182 3200 3198
f 3137 3183 3203
f 3183 3123 3201
f 3203 3201 3143
f 3183 3201 3203
f 3142 3205 3199
f 3205 3143 3202
f 3199 3202 3125
f 3205 3202 3199
f 3137 3203 3200
f 3203 3143 3205
f 3200 3205 3142
f 3203 3205 3200
f 3120 3198 3216
f 3198 3142 3219
f 3216 3219 3146
f 3198 3219 3216
f 3142 3199 3234
f 3199 3125 3231
f 3234 3231 3149
f 3199 3231 3234
f 3146 3236 3217
f 3236 3149 3232
f 3217 3232 3126
f 3236 3232 3217
f 3142 3234 3219
f 3234 3149 3236
f 3219 3236 3146
f 3234 3236 3219
f 3121 3220 3177
f 3220 3147 3223
f 3177 3223 3135
f 3220 3223 3177
f 3147 3221 3230
f 3221 3126 3226
f 3230 3226 3148
f 3221 3226 3230
f 3135 3228 3178
f 3228 3148 3225
f 3178 3225 3122
f 3228 3225 3178
f 3147 3230 3223
f 3230 3148 3228
f 3223 3228 3135
f 3230 3228 3223
f 3119 3163 3258
f 3163 3131 3260
f 3258 3260 3155
f 3163 3260 3258
f 3131 3164 3264
f 3164 3121 3262
f 3264 3262 3156
f 3164 3262 3264
f 3155 3266 3259
f 3266 3156 3263
f 3259 3263 3128
f 3266 3263 3259
f 3131 3264 3260
f 3264 3156 3266
f 3260 3266 3155
f 3264 3266 3260
f 3123 3180 3243
f 3180 3136 3245
f 3243 3245 3152
f 3180 3245 3243
f 3136 3179 3242
f 3179 3119 3240
f 3242 3240 3151
f 3179 3240 3242
f 3152 3247 3244
f 3247 3151 3241
f 3244 3241 3127
f 3247 3241 3244
f 3136 3242 3245
f 3242 3151 3247
f 3245 3247 3152
f 3242 3247 3245
f 3125 3202 3207
f 3202 3143 3211
f 3207 3211 3144
f 3202 3211 3207
f 3143 3201 3204
f 3201 3123 3193
f 3204 3193 3140
f 3201 3193 3204
f 3144 3209 3206
f 3209 3140 3194
f 3206 3194 3124
f 3209 3194 3206
f 3143 3204 3211
f 3204 3140 3209
f 3211 3209 3144
f 3204 3209 3211
f 3126 3232 3213
f 3232 3149 3235
f 3213 3235 3145
f 3232 3235 3213
f 3149 3231 3233
f 3231 3125 3196
f 3233 3196 3141
f 3231 3196 3233
f 3145 3215 3212
f 3215 3141 3195
f 3212 3195 3118
f 3215 3195 3212
f 3149 3233 3235
f 3233 3141 3215
f 3235 3215 3145
f 3233 3215 3235
f 3279 3280 3282
f 3279 3282 3281
f 3281 3282 3284
f 3281 3284 3283
f 3283 3284 3286
f 3283 3286 3285
f 3285 3286 3288
f 3285 3288 3287
f 3287 3288 3290
f 3287 3290 3289
f 3289 3290 3292
f 3289 3292 3291
f 3291 3292 3294
f 3291 3294 3293
f 3293 3294 3280
f 3293 3280 3279
f 3295 3281 3279
f 3296 3280 3282
f 3295 3283 3281
f 3296 3282 3284
f 3295 3285 3283
f 3296 3284 3286
f 3295 3287 3285
f 3296 3286 3288
f 3295 3289 3287
f 3296 3288 3290
f 3295 3291 3289
f 3296 3290 3292
f 3295 3293 3291
f 3296 3292 3294
f 3295 3279 3293
f 3296 3294 3280
f 3297 3434 3350
f 3434 3334 3436
f 3350 3436 3313
f 3434 3436 3350
f 3334 3435 3451
f 3435 3308 3448
f 3451 3448 3337
f 3435 3448 3451
f 3313 3449 3351
f 3449 3337 3447
f 3351 3447 3302
f 3449 3447 3351
f 3334 3451 3436
f 3451 3337 3449
f 3436 3449 3313
f 3451 3449 3436
f 3297 3350 3339
f 3350 3313 3352
f 3339 3352 3309
f 3350 3352 3339
f 3313 3351 3356
f 3351 3302 3354
f 3356 3354 3314
f 3351 3354 3356
f 3309 3355 3340
f 3355 3314 3353
f 3340 3353 3298
f 3355 3353 3340
f 3313 3356 3352
f 3356 3314 3355
f 3352 3355 3309
f 3356 3355 3352
f 3297 3339 3366
f 3339 3309 3368
f 3366 3368 3318
f 3339 3368 3366
f 3309 3340 3371
f 3340 3298 3369
f 3371 3369 3319
f 3340 3369 3371
f 3318 3372 3367
f 3372 3319 3370
f 3367 3370 3304
f 3372 3370 3367
f 3309 3371 3368
f 3371 3319 3372
f 3368 3372 3318
f 3371 3372 3368
f 3297 3366 3417
f 3366 3318 3419
f 3417 3419 3330
f 3366 3419 3417
f 3318 3367 3430
f 3367 3304 3428
f 3430 3428 3333
f 3367 3428 3430
f 3330 3432 3418
f 3432 3333 3429
f 3418 3429 3307
f 3432 3429 3418
f 3318 3430 3419
f 3430 3333 3432
f 3419 3432 3330
f 3430 3432 3419
f 3297 3417 3434
f 3417 3330 3437
f 3434 3437 3334
f 3417 3437 3434
f 3330 3418 3455
f 3418 3307 3453
f 3455 3453 3338
f 3418 3453 3455
f 3334 3457 3435
f 3457 3338 3454
f 3435 3454 3308
f 3457 3454 3435
f 3330 3455 3437
f 3455 3338 3457
f 3437 3457 3334
f 3455 3457 3437
f 3298 3353 3392
f 3353 3314 3394
f 3392 3394 3325
f 3353 3394 3392
f 3314 3354 3407
f 3354 3302 3405
f 3407 3405 3328
f 3354 3405 3407
f 3325 3409 3393
f 3409 3328 3406
f 3393 3406 3306
f 3409 3406 3393
f 3314 3407 3394
f 3407 3328 3409
f 3394 3409 3325
f 3407 3409 3394
f 3302 3447 3358
f 3447 3337 3450
f 3358 3450 3315
f 3447 3450 3358
f 3337 3448 3452
f 3448 3308 3443
f 3452 3443 3336
f 3448 3443 3452
f 3315 3445 3357
f 3445 3336 3442
f 3357 3442 3301
f 3445 3442 3357
f 3337 3452 3450
f 3452 3336 3445
f 3450 3445 3315
f 3452 3445 3450
f 3308 3454 3439
f 3454 3338 3458
f 3439 3458 3335
f 3454 3458 3439
f 3338 3453 3456
f 3453 3307 3421
f 3456 3421 3331
f 3453 3421 3456
f 3335 3441 3438
f 3441 3331 3420
f 3438 3420 3299
f 3441 3420 3438
f 3338 3456 3458
f 3456 3331 3441
f 3458 3441 3335
f 3456 3441 3458
f 3307 3429 3424
f 3429 3333 3433
f 3424 3433 3332
f 3429 3433 3424
f 3333 3428 3431
f 3428 3304 3374
f 3431 3374 3320
f 3428 3374 3431
f 3332 3426 3423
f 3426 3320 3373
f 3423 3373 3303
f 3426 3373 3423
f 3333 3431 3433
f 3431 3320 3426
f 3433 3426 3332
f 3431 3426 3433
f 3304 3370 3386
f 3370 3319 3388
f 3386 3388 3324
f 3370 3388 3386
f 3319 3369 3377
f 3369 3298 3375
f 3377 3375 3321
f 3369 3375 3377
f 3324 3390 3387
f 3390 3321 3376
f 3387 3376 3305
f 3390 3376 3387
f 3319 3377 3388
f 3377 3321 3390
f 3388 3390 3324
f 3377 3390 3388
f 3300 3396 3346
f 3396 3326 3398
f 3346 3398 3312
f 3396 3398 3346
f 3326 3397 3404
f 3397 3306 3401
f 3404 3401 3327
f 3397 3401 3404
f 3312 3402 3347
f 3402 3327 3400
f 3347 3400 3301
f 3402 3400 3347
f 3326 3404 3398
f 3404 3327 3402
f 3398 3402 3312
f 3404 3402 3398
f 3300 3346 3342
f 3346 3312 3348
f 3342 3348 3310
f 3346 3348 3342
f 3312 3347 3349
f 3347 3301 3344
f 3349 3344 3311
f 3347 3344 3349
f 3310 3345 3341
f 3345 3311 3343
f 3341 3343 3299
f 3345 3343 3341
f 3312 3349 3348
f 3349 3311 3345
f 3348 3345 3310
f 3349 3345 3348
f 3300 3342 3362
f 3342 3310 3364
f 3362 3364 3317
f 3342 3364 3362
f 3310 3341 3361
f 3341 3299 3359
f 3361 3359 3316
f 3341 3359 3361
f 3317 3365 3363
f 3365 3316 3360
f 3363 3360 3303
f 3365 3360 3363
f 3310 3361 3364
f 3361 3316 3365
f 3364 3365 3317
f 3361 3365 3364
f 3300 3362 3378
f 3362 3317 3380
f 3378 3380 3322
f 3362 3380 3378
f 3317 3363 3383
f 3363 3303 3381
f 3383 3381 3323
f 3363 3381 3383
f 3322 3385 3379
f 3385 3323 3382
f 3379 3382 3305
f 3385 3382 3379
f 3317 3383 3380
f 3383 3323 3385
f 3380 3385 3322
f 3383 3385 3380
f 3300 3378 3396
f 3378 3322 3399
f 3396 3399 3326
f 3378 3399 3396
f 3322 3379 3414
f 3379 3305 3411
f 3414 3411 3329
f 3379 3411 3414
f 3326 3416 3397
f 3416 3329 3412
f 3397 3412 3306
f 3416 3412 3397
f 3322 3414 3399
f 3414 3329 3416
f 3399 3416 3326
f 3414 3416 3399
f 3301 3400 3357
f 3400 3327 3403
f 3357 3403 3315
f 3400 3403 3357
f 3327 3401 3410
f 3401 3306 3406
f 3410 3406 3328
f 3401 3406 3410
f 3315 3408 3358
f 3408 3328 3405
f 3358 3405 3302
f 3408 3405 3358
f 3327 3410 3403
f 3410 3328 3408
f 3403 3408 3315
f 3410 3408 3403
f 3299 3343 3438
f 3343 3311 3440
f 3438 3440 3335
f 3343 3440 3438
f 3311 3344 3444
f 3344 3301 3442
f 3444 3442 3336
f 3344 3442 3444
f 3335 3446 3439
f 3446 3336 3443
f 3439 3443 3308
f 3446 3443 3439
f 3311 3444 3440
f 3444 3336 3446
f 3440 3446 3335
f 3444 3446 3440
f 3303 3360 3423
f 3360 3316 3425
f 3423 3425 3332
f 3360 3425 3423
f 3316 3359 3422
f 3359 3299 3420
f 3422 3420 3331
f 3359 3420 3422
f 3332 3427 3424
f 3427 3331 3421
f 3424 3421 3307
f 3427 3421 3424
f 3316 3422 3425
f 3422 3331 3427
f 3425 3427 3332
f 3422 3427 3425
f 3305 3382 3387
f 3382 3323 3391
f 3387 3391 3324
f 3382 3391 3387
f 3323 3381 3384
f 3381 3303 3373
f 3384 3373 3320
f 3381 3373 3384
f 3324 3389 3386
f 3389 3320 3374
f 3386 3374 3304
f 3389 3374 3386
f 3323 3384 3391
f 3384 3320 3389
f 3391 3389 3324
f 3384 3389 3391
f 3306 3412 3393
f 3412 3329 3415
f 3393 3415 3325
f 3412 3415 3393
f 3329 3411 3413
f 3411 3305 3376
f 3413 3376 3321
f 3411 3376 3413
f 3325 3395 3392
f 3395 3321 3375
f 3392 3375 3298
f 3395 3375 3392
f 3329 3413 3415
f 3413 3321 3395
f 3415 3395 3325
f 3413 3395 3415
f 3459 3596 3512
f 3596 3496 3598
f 3512 3598 3475
f 3596 3598 3512
f 3496 3597 3613
f 3597 3470 3610
f 3613 3610 3499
f 3597 3610 3613
f 3475 3611 3513
f 3611 3499 3609
f 3513 3609 3464
f 3611 3609 3513
f 3496 3613 3598
f 3613 3499 3611
f 3598 3611 3475
f 3613 3611 3598
f 3459 3512 3501
f 3512 3475 3514
f 3501 3514 3471
f 3512 3514 3501
f 3475 3513 3518
f 3513 3464 3516
f 3518 3516 3476
f 3513 3516 3518
f 3471 3517 3502
f 3517 3476 3515
f 3502 3515 3460
f 3517 3515 3502
f 3475 3518 3514
f 3518 3476 3517
f 3514 3517 3471
f 3518 3517 3514
f 3459 3501 3528
f 3501 3471 3530
f 3528 3530 3480
f 3501 3530 3528
f 3471 3502 3533
f 3502 3460 3531
f 3533 3531 3481
f 3502 3531 3533
f 3480 3534 3529
f 3534 3481 3532
f 3529 3532 3466
f 3534 3532 3529
f 3471 3533 3530
f 3533 3481 3534
f 3530 3534 3480
f 3533 3534 3530
f 3459 3528 3579
f 3528 3480 3581
f 3579 3581 3492
f 3528 3581 3579
f 3480 3529 3592
f 3529 3466 3590
f 3592 3590 3495
f 3529 3590 3592
f 3492 3594 3580
f 3594 3495 3591
f 3580 3591 3469
f 3594 3591 3580
f 3480 3592 3581
f 3592 3495 3594
f 3581 3594 3492
f 3592 3594 3581
f 3459 3579 3596
f 3579 3492 3599
f 3596 3599 3496
f 3579 3599 3596
f 3492 3580 3617
f 3580 3469 3615
f 3617 3615 3500
f 3580 3615 3617
f 3496 3619 3597
f 3619 3500 3616
f 3597 3616 3470
f 3619 3616 3597
f 3492 3617 3599
f 3617 3500 3619
f 3599 3619 3496
f 3617 3619 3599
f 3460 3515 3554
f 3515 3476 3556
f 3554 3556 3487
f 3515 3556 3554
f 3476 3516 3569
f 3516 3464 3567
f 3569 3567 3490
f 3516 3567 3569
f 3487 3571 3555
f 3571 3490 3568
f 3555 3568 3468
f 3571 3568 3555
f 3476 3569 3556
f 3569 3490 3571
f 3556 3571 3487
f 3569 3571 3556
f 3464 3609 3520
f 3609 3499 3612
f 3520 3612 3477
f 3609 3612 3520
f 3499 3610 3614
f 3610 3470 3605
f 3614 3605 3498
f 3610 3605 3614
f 3477 3607 3519
f 3607 3498 3604
f 3519 3604 3463
f 3607 3604 3519
f 3499 3614 3612
f 3614 3498 3607
f 3612 3607 3477
f 3614 3607 3612
f 3470 3616 3601
f 3616 3500 3620
f 3601 3620 3497
f 3616 3620 3601
f 3500 3615 3618
f 3615 3469 3583
f 3618 3583 3493
f 3615 3583 3618
f 3497 3603 3600
f 3603 3493 3582
f 3600 3582 3461
f 3603 3582 3600
f 3500 3618 3620
f 3618 3493 3603
f 3620 3603 3497
f 3618 3603 3620
f 3469 3591 3586
f 3591 3495 3595
f 3586 3595 3494
f 3591 3595 3586
f 3495 3590 3593
f 3590 3466 3536
f 3593 3536 3482
f 3590 3536 3593
f 3494 3588 3585
f 3588 3482 3535
f 3585 3535 3465
f 3588 3535 3585
f 3495 3593 3595
f 3593 3482 3588
f 3595 3588 3494
f 3593 3588 3595
f 3466 3532 3548
f 3532 3481 3550
f 3548 3550 3486
f 3532 3550 3548
f 3481 3531 3539
f 3531 3460 3537
f 3539 3537 3483
f 3531 3537 3539
f 3486 3552 3549
f 3552 3483 3538
f 3549 3538 3467
f 3552 3538 3549
f 3481 3539 3550
f 3539 3483 3552
f 3550 3552 3486
f 3539 3552 3550
f 3462 3558 3508
f 3558 3488 3560
f 3508 3560 3474
f 3558 3560 3508
f 3488 3559 3566
f 3559 3468 3563
f 3566 3563 3489
f 3559 3563 3566
f 3474 3564 3509
f 3564 3489 3562
f 3509 3562 3463
f 3564 3562 3509
f 3488 3566 3560
f 3566 3489 3564
f 3560 3564 3474
f 3566 3564 3560
f 3462 3508 3504
f 3508 3474 3510
f 3504 3510 3472
f 3508 3510 3504
f 3474 3509 3511
f 3509 3463 3506
f 3511 3506 3473
f 3509 3506 3511
f 3472 3507 3503
f 3507 3473 3505
f 3503 3505 3461
f 3507 3505 3503
f 3474 3511 3510
f 3511 3473 3507
f 3510 3507 3472
f 3511 3507 3510
f 3462 3504 3524
f 3504 3472 3526
f 3524 3526 3479
f 3504 3526 3524
f 3472 3503 3523
f 3503 3461 3521
f 3523 3521 3478
f 3503 3521 3523
f 3479 3527 3525
f 3527 3478 3522
f 3525 3522 3465
f 3527 3522 3525
f 3472 3523 3526
f 3523 3478 3527
f 3526 3527 3479
f 3523 3527 3526
f 3462 3524 3540
f 3524 3479 3542
f 3540 3542 3484
f 3524 3542 3540
f 3479 3525 3545
f 3525 3465 3543
f 3545 3543 3485
f 3525 3543 3545
f 3484 3547 3541
f 3547 3485 3544
f 3541 3544 3467
f 3547 3544 3541
f 3479 3545 3542
f 3545 3485 3547
f 3542 3547 3484
f 3545 3547 3542
f 3462 3540 3558
f 3540 3484 3561
f 3558 3561 3488
f 3540 3561 3558
f 3484 3541 3576
f 3541 3467 3573
f 3576 3573 3491
f 3541 3573 3576
f 3488 3578 3559
f 3578 3491 3574
f 3559 3574 3468
f 3578 3574 3559
f 3484 3576 3561
f 3576 3491 3578
f 3561 3578 3488
f 3576 3578 3561
f 3463 3562 3519
f 3562 3489 3565
f 3519 3565 3477
f 3562 3565 3519
f 3489 3563 3572
f 3563 3468 3568
f 3572 3568 3490
f 3563 3568 3572
f 3477 3570 3520
f 3570 3490 3567
f 3520 3567 3464
f 3570 3567 3520
f 3489 3572 3565
f 3572 3490 3570
f 3565 3570 3477
f 3572 3570 3565
f 3461 3505 3600
f 3505 3473 3602
f 3600 3602 3497
f 3505 3602 3600
f 3473 3506 3606
f 3506 3463 3604
f 3606 3604 3498
f 3506 3604 3606
f 3497 3608 3601
f 3608 3498 3605
f 3601 3605 3470
f 3608 3605 3601
f 3473 3606 3602
f 3606 3498 3608
f 3602 3608 3497
f 3606 3608 3602
f 3465 3522 3585
f 3522 3478 3587
f 3585 3587 3494
f 3522 3587 3585
f 3478 3521 3584
f 3521 3461 3582
f 3584 3582 3493
f 3521 3582 3584
f 3494 3589 3586
f 3589 3493 3583
f 3586 3583 3469
f 3589 3583 3586
f 3478 3584 3587
f 3584 3493 3589
f 3587 3589 3494
f 3584 3589 3587
f 3467 3544 3549
f 3544 3485 3553
f 3549 3553 3486
f 3544 3553 3549
f 3485 3543 3546
f 3543 3465 3535
f 3546 3535 3482
f 3543 3535 3546
f 3486 3551 3548
f 3551 3482 3536
f 3548 3536 3466
f 3551 3536 3548
f 3485 3546 3553
f 3546 3482 3551
f 3553 3551 3486
f 3546 3551 3553
f 3468 3574 3555
f 3574 3491 3577
f 3555 3577 3487
f 3574 3577 3555
f 3491 3573 3575
f 3573 3467 3538
f 3575 3538 3483
f 3573 3538 3575
f 3487 3557 3554
f 3557 3483 3537
f 3554 3537 3460
f 3557 3537 3554
f 3491 3575 3577
f 3575 3483 3557
f 3577 3557 3487
f 3575 3557 3577
f 3621 3622 3624
f 3621 3624 3623
f 3623 3624 3626
f 3623 3626 3625
f 3625 3626 3628
f 3625 3628 3627
f 3627 3628 3630
f 3627 3630 3629
f 3629 3630 3632
f 3629 3632 3631
f 3631 3632 3634
f 3631 3634 3633
f 3633 3634 3636
f 3633 3636 3635
f 3635 3636 3622
f 3635 3622 3621
f 3637 3623 3621
f 3638 3622 3624
f 3637 3625 3623
f 3638 3624 3626
f 3637 3627 3625
f 3638 3626 3628
f 3637 3629 3627
f 3638 3628 3630
f 3637 3631 3629
f 3638 3630 3632
f 3637 3633 3631
f 3638 3632 3634
f 3637 3635 3633
f 3638 3634 3636
f 3637 3621 3635
f 3638 3636 3622
f 3639 3776 3692
f 3776 3676 3778
f 3692 3778 3655
f 3776 3778 3692
f 3676 3777 3793
f 3777 3650 3790
f 3793 3790 3679
f 3777 3790 3793
f 3655 3791 3693
f 3791 3679 3789
f 3693 3789 3644
f 3791 3789 3693
f 3676 3793 3778
f 3793 3679 3791
f 3778 3791 3655
f 3793 3791 3778
f 3639 3692 3681
f 3692 3655 3694
f 3681 3694 3651
f 3692 3694 3681
f 3655 3693 3698
f 3693 3644 3696
f 3698 3696 3656
f 3693 3696 3698
f 3651 3697 3682
f 3697 3656 3695
f 3682 3695 3640
f 3697 3695 3682
f 3655 3698 3694
f 3698 3656 3697
f 3694 3697 3651
f 3698 3697 3694
f 3639 3681 3708
f 3681 3651 3710
f 3708 3710 3660
f 3681 3710 3708
f 3651 3682 3713
f 3682 3640 3711
f 3713 3711 3661
f 3682 3711 3713
f 3660 3714 3709
f 3714 3661 3712
f 3709 3712 3646
f 3714 3712 3709
f 3651 3713 3710
f 3713 3661 3714
f 3710 3714 3660
f 3713 3714 3710
f 3639 3708 3759
f 3708 3660 3761
f 3759 3761 3672
f 3708 3761 3759
f 3660 3709 3772
f 3709 3646 3770
f 3772 3770 3675
f 3709 3770 3772
f 3672 3774 3760
f 3774 3675 3771
f 3760 3771 3649
f 3774 3771 3760
f 3660 3772 3761
f 3772 3675 3774
f 3761 3774 3672
f 3772 3774 3761
f 3639 3759 3776
f 3759 3672 3779
f 3776 3779 3676
f 3759 3779 3776
f 3672 3760 3797
f 3760 3649 3795
f 3797 3795 3680
f 3760 3795 3797
f 3676 3799 3777
f 3799 3680 3796
f 3777 3796 3650
f 3799 3796 3777
f 3672 3797 3779
f 3797 3680 3799
f 3779 3799 3676
f 3797 3799 3779
f 3640 3695 3734
f 3695 3656 3736
f 3734 3736 3667
f 3695 3736 3734
f 3656 3696 3749
f 3696 3644 3747
f 3749 3747 3670
f 3696 3747 3749
f 3667 3751 3735
f 3751 3670 3748
f 3735 3748 3648
f 3751 3748 3735
f 3656 3749 3736
f 3749 3670 3751
f 3736 3751 3667
f 3749 3751 3736
f 3644 3789 3700
f 3789 3679 3792
f 3700 3792 3657
f 3789 3792 3700
f 3679 3790 3794
f 3790 3650 3785
f 3794 3785 3678
f 3790 3785 3794
f 3657 3787 3699
f 3787 3678 3784
f 3699 3784 3643
f 3787 3784 3699
f 3679 3794 3792
f 3794 3678 3787
f 3792 3787 3657
f 3794 3787 3792
f 3650 3796 3781
f 3796 3680 3800
f 3781 3800 3677
f 3796 3800 3781
f 3680 3795 3798
f 3795 3649 3763
f 3798 3763 3673
f 3795 3763 3798
f 3677 3783 3780
f 3783 3673 3762
f 3780 3762 3641
f 3783 3762 3780
f 3680 3798 3800
f 3798 3673 3783
f 3800 3783 3677
f 3798 3783 3800
f 3649 3771 3766
f 3771 3675 3775
f 3766 3775 3674
f 3771 3775 3766
f 3675 3770 3773
f 3770 3646 3716
f 3773 3716 3662
f 3770 3716 3773
f 3674 3768 3765
f 3768 3662 3715
f 3765 3715 3645
f 3768 3715 3765
f 3675 3773 3775
f 3773 3662 3768
f 3775 3768 3674
f 3773 3768 3775
f 3646 3712 3728
f 3712 3661 3730
f 3728 3730 3666
f 3712 3730 3728
f 3661 3711 3719
f 3711 3640 3717
f 3719 3717 3663
f 3711 3717 3719
f 3666 3732 3729
f 3732 3663 3718
f 3729 3718 3647
f 3732 3718 3729
f 3661 3719 3730
f 3719 3663 3732
f 3730 3732 3666
f 3719 3732 3730
f 3642 3738 3688
f 3738 3668 3740
f 3688 3740 3654
f 3738 3740 3688
f 3668 3739 3746
f 3739 3648 3743
f 3746 3743 3669
f 3739 3743 3746
f 3654 3744 3689
f 3744 3669 3742
f 3689 3742 3643
f 3744 3742 3689
f 3668 3746 3740
f 3746 3669 3744
f 3740 3744 3654
f 3746 3744 3740
f 3642 3688 3684
f 3688 3654 3690
f 3684 3690 3652
f 3688 3690 3684
f 3654 3689 3691
f 3689 3643 3686
f 3691 3686 3653
f 3689 3686 3691
f 3652 3687 3683
f 3687 3653 3685
f 3683 3685 3641
f 3687 3685 3683
f 3654 3691 3690
f 3691 3653 3687
f 3690 3687 3652
f 3691 3687 3690
f 3642 3684 3704
f 3684 3652 3706
f 3704 3706 3659
f 3684 3706 3704
f 3652 3683 3703
f 3683 3641 3701
f 3703 3701 3658
f 3683 3701 3703
f 3659 3707 3705
f 3707 3658 3702
f 3705 3702 3645
f 3707 3702 3705
f 3652 3703 3706
f 3703 3658 3707
f 3706 3707 3659
f 3703 3707 3706
f 3642 3704 3720
f 3704 3659 3722
f 3720 3722 3664
f 3704 3722 3720
f 3659 3705 3725
f 3705 3645 3723
f 3725 3723 3665
f 3705 3723 3725
f 3664 3727 3721
f 3727 3665 3724
f 3721 3724 3647
f 3727 3724 3721
f 3659 3725 3722
f 3725 3665 3727
f 3722 3727 3664
f 3725 3727 3722
f 3642 3720 3738
f 3720 3664 3741
f 3738 3741 3668
f 3720 3741 3738
f 3664 3721 3756
f 3721 3647 3753
f 3756 3753 3671
f 3721 3753 3756
f 3668 3758 3739
f 3758 3671 3754
f 3739 3754 3648
f 3758 3754 3739
f 3664 3756 3741
f 3756 3671 3758
f 3741 3758 3668
f 3756 3758 3741
f 3643 3742 3699
f 3742 3669 3745
f 3699 3745 3657
f 3742 3745 3699
f 3669 3743 3752
f 3743 3648 3748
f 3752 3748 3670
f 3743 3748 3752
f 3657 3750 3700
f 3750 3670 3747
f 3700 3747 3644
f 3750 3747 3700
f 3669 3752 3745
f 3752 3670 3750
f 3745 3750 3657
f 3752 3750 3745
f 3641 3685 3780
f 3685 3653 3782
f 3780 3782 3677
f 3685 3782 3780
f 3653 3686 3786
f 3686 3643 3784
f 3786 3784 3678
f 3686 3784 3786
f 3677 3788 3781
f 3788 3678 3785
f 3781 3785 3650
f 3788 3785 3781
f 3653 3786 3782
f 3786 3678 3788
f 3782 3788 3677
f 3786 3788 3782
f 3645 3702 3765
f 3702 3658 3767
f 3765 3767 3674
f 3702 3767 3765
f 3658 3701 3764
f 3701 3641 3762
f 3764 3762 3673
f 3701 3762 3764
f 3674 3769 3766
f 3769 3673 3763
f 3766 3763 3649
f 3769 3763 3766
f 3658 3764 3767
f 3764 3673 3769
f 3767 3769 3674
f 3764 3769 3767
f 3647 3724 3729
f 3724 3665 3733
f 3729 3733 3666
f 3724 3733 3729
f 3665 3723 3726
f 3723 3645 3715
f 3726 3715 3662
f 3723 3715 3726
f 3666 3731 3728
f 3731 3662 3716
f 3728 3716 3646
f 3731 3716 3728
f 3665 3726 3733
f 3726 3662 3731
f 3733 3731 3666
f 3726 3731 3733
f 3648 3754 3735
f 3754 3671 3757
f 3735 3757 3667
f 3754 3757 3735
f 3671 3753 3755
f 3753 3647 3718
f 3755 3718 3663
f 3753 3718 3755
f 3667 3737 3734
f 3737 3663 3717
f 3734 3717 3640
f 3737 3717 3734
f 3671 3755 3757
f 3755 3663 3737
f 3757 3737 3667
f 3755 3737 3757
f 3801 3802 3804
f 3801 3804 3803
f 3803 3804 3806
f 3803 3806 3805
f 3805 3806 3808
f 3805 3808 3807
f 3807 3808 3810
f 3807 3810 3809
f 3809 3810 3812
f 3809 3812 3811
f 3811 3812 3814
f 3811 3814 3813
f 3813 3814 3816
f 3813 3816 3815
f 3815 3816 3802
f 3815 3802 3801
f 3817 3803 3801
f 3818 3802 3804
f 3817 3805 3803
f 3818 3804 3806
f 3817 3807 3805
f 3818 3806 3808
f 3817 3809 3807
f 3818 3808 3810
f 3817 3811 3809
f 3818 3810 3812
f 3817 3813 3811
f 3818 3812 3814
f 3817 3815 3813
f 3818 3814 3816
f 3817 3801 3815
f 3818 3816 3802
f 3819 3956 3872
f 3956 3856 3958
f 3872 3958 3835
f 3956 3958 3872
f 3856 3957 3973
f 3957 3830 3970
f 3973 3970 3859
f 3957 3970 3973
f 3835 3971 3873
f 3971 3859 3969
f 3873 3969 3824
f 3971 3969 3873
f 3856 3973 3958
f 3973 3859 3971
f 3958 3971 3835
f 3973 3971 3958
f 3819 3872 3861
f 3872 3835 3874
f 3861 3874 3831
f 3872 3874 3861
f 3835 3873 3878
f 3873 3824 3876
f 3878 3876 3836
f 3873 3876 3878
f 3831 3877 3862
f 3877 3836 3875
f 3862 3875 3820
f 3877 3875 3862
f 3835 3878 3874
f 3878 3836 3877
f 3874 3877 3831
f 3878 3877 3874
f 3819 3861 3888
f 3861 3831 3890
f 3888 3890 3840
f 3861 3890 3888
f 3831 3862 3893
f 3862 3820 3891
f 3893 3891 3841
f 3862 3891 3893
f 3840 3894 3889
f 3894 3841 3892
f 3889 3892 3826
f 3894 3892 3889
f 3831 3893 3890
f 3893 3841 3894
f 3890 3894 3840
f 3893 3894 3890
f 3819 3888 3939
f 3888 3840 3941
f 3939 3941 3852
f 3888 3941 3939
f 3840 3889 3952
f 3889 3826 3950
f 3952 3950 3855
f 3889 3950 3952
f 3852 3954 3940
f 3954 3855 3951
f 3940 3951 3829
f 3954 3951 3940
f 3840 3952 3941
f 3952 3855 3954
f 3941 3954 3852
f 3952 3954 3941
f 3819 3939 3956
f 3939 3852 3959
f 3956 3959 3856
f 3939 3959 3956
f 3852 3940 3977
f 3940 3829 3975
f 3977 3975 3860
f 3940 3975 3977
f 3856 3979 3957
f 3979 3860 3976
f 3957 3976 3830
f 3979 3976 3957
f 3852 3977 3959
f 3977 3860 3979
f 3959 3979 3856
f 3977 3979 3959
f 3820 3875 3914
f 3875 3836 3916
f 3914 3916 3847
f 3875 3916 3914
f 3836 3876 3929
f 3876 3824 3927
f 3929 3927 3850
f 3876 3927 3929
f 3847 3931 3915
f 3931 3850 3928
f 3915 3928 3828
f 3931 3928 3915
f 3836 3929 3916
f 3929 3850 3931
f 3916 3931 3847
f 3929 3931 3916
f 3824 3969 3880
f 3969 3859 3972
f 3880 3972 3837
f 3969 3972 3880
f 3859 3970 3974
f 3970 3830 3965
f 3974 3965 3858
f 3970 3965 3974
f 3837 3967 3879
f 3967 3858 3964
f 3879 3964 3823
f 3967 3964 3879
f 3859 3974 3972
f 3974 3858 3967
f 3972 3967 3837
f 3974 3967 3972
f 3830 3976 3961
f 3976 3860 3980
f 3961 3980 3857
f 3976 3980 3961
f 3860 3975 3978
f 3975 3829 3943
f 3978 3943 3853
f 3975 3943 3978
f 3857 3963 3960
f 3963 3853 3942
f 3960 3942 3821
f 3963 3942 3960
f 3860 3978 3980
f 3978 3853 3963
f 3980 3963 3857
f 3978 3963 3980
f 3829 3951 3946
f 3951 3855 3955
f 3946 3955 3854
f 3951 3955 3946
f 3855 3950 3953
f 3950 3826 3896
f 3953 3896 3842
f 3950 3896 3953
f 3854 3948 3945
f 3948 3842 3895
f 3945 3895 3825
f 3948 3895 3945
f 3855 3953 3955
f 3953 3842 3948
f 3955 3948 3854
f 3953 3948 3955
f 3826 3892 3908
f 3892 3841 3910
f 3908 3910 3846
f 3892 3910 3908
f 3841 3891 3899
f 3891 3820 3897
f 3899 3897 3843
f 3891 3897 3899
f 3846 3912 3909
f 3912 3843 3898
f 3909 3898 3827
f 3912 3898 3909
f 3841 3899 3910
f 3899 3843 3912
f 3910 3912 3846
f 3899 3912 3910
f 3822 3918 3868
f 3918 3848 3920
f 3868 3920 3834
f 3918 3920 3868
f 3848 3919 3926
f 3919 3828 3923
f 3926 3923 3849
f 3919 3923 3926
f 3834 3924 3869
f 3924 3849 3922
f 3869 3922 3823
f 3924 3922 3869
f 3848 3926 3920
f 3926 3849 3924
f 3920 3924 3834
f 3926 3924 3920
f 3822 3868 3864
f 3868 3834 3870
f 3864 3870 3832
f 3868 3870 3864
f 3834 3869 3871
f 3869 3823 3866
f 3871 3866 3833
f 3869 3866 3871
f 3832 3867 3863
f 3867 3833 3865
f 3863 3865 3821
f 3867 3865 3863
f 3834 3871 3870
f 3871 3833 3867
f 3870 3867 3832
f 3871 3867 3870
f 3822 3864 3884
f 3864 3832 3886
f 3884 3886 3839
f 3864 3886 3884
f 3832 3863 3883
f 3863 3821 3881
f 3883 3881 3838
f 3863 3881 3883
f 3839 3887 3885
f 3887 3838 3882
f 3885 3882 3825
f 3887 3882 3885
f 3832 3883 3886
f 3883 3838 3887
f 3886 3887 3839
f 3883 3887 3886
f 3822 3884 3900
f 3884 3839 3902
f 3900 3902 3844
f 3884 3902 3900
f 3839 3885 3905
f 3885 3825 3903
f 3905 3903 3845
f 3885 3903 3905
f 3844 3907 3901
f 3907 3845 3904
f 3901 3904 3827
f 3907 3904 3901
f 3839 3905 3902
f 3905 3845 3907
f 3902 3907 3844
f 3905 3907 3902
f 3822 3900 3918
f 3900 3844 3921
f 3918 3921 3848
f 3900 3921 3918
f 3844 3901 3936
f 3901 3827 3933
f 3936 3933 3851
f 3901 3933 3936
f 3848 3938 3919
f 3938 3851 3934
f 3919 3934 3828
f 3938 3934 3919
f 3844 3936 3921
f 3936 3851 3938
f 3921 3938 3848
f 3936 3938 3921
f 3823 3922 3879
f 3922 3849 3925
f 3879 3925 3837
f 3922 3925 3879
f 3849 3923 3932
f 3923 3828 3928
f 3932 3928 3850
f 3923 3928 3932
f 3837 3930 3880
f 3930 3850 3927
f 3880 3927 3824
f 3930 3927 3880
f 3849 3932 3925
f 3932 3850 3930
f 3925 3930 3837
f 3932 3930 3925
f 3821 3865 3960
f 3865 3833 3962
f 3960 3962 3857
f 3865 3962 3960
f 3833 3866 3966
f 3866 3823 3964
f 3966 3964 3858
f 3866 3964 3966
f 3857 3968 3961
f 3968 3858 3965
f 3961 3965 3830
f 3968 3965 3961
f 3833 3966 3962
f 3966 3858 3968
f 3962 3968 3857
f 3966 3968 3962
f 3825 3882 3945
f 3882 3838 3947
f 3945 3947 3854
f 3882 3947 3945
f 3838 3881 3944
f 3881 3821 3942
f 3944 3942 3853
f 3881 3942 3944
f 3854 3949 3946
f 3949 3853 3943
f 3946 3943 3829
f 3949 3943 3946
f 3838 3944 3947
f 3944 3853 3949
f 3947 3949 3854
f 3944 3949 3947
f 3827 3904 3909
f 3904 3845 3913
f 3909 3913 3846
f 3904 3913 3909
f 3845 3903 3906
f 3903 3825 3895
f 3906 3895 3842
f 3903 3895 3906
f 3846 3911 3908
f 3911 3842 3896
f 3908 3896 3826
f 3911 3896 3908
f 3845 3906 3913
f 3906 3842 3911
f 3913 3911 3846
f 3906 3911 3913
f 3828 3934 3915
f 3934 3851 3937
f 3915 3937 3847
f 3934 3937 3915
f 3851 3933 3935
f 3933 3827 3898
f 3935 3898 3843
f 3933 3898 3935
f 3847 3917 3914
f 3917 3843 3897
f 3914 3897 3820
f 3917 3897 3914
f 3851 3935 3937
f 3935 3843 3917
f 3937 3917 3847
f 3935 3917 3937
f 3981 4118 4034
f 4118 4018 4120
f 4034 4120 3997
f 4118 4120 4034
f 4018 4119 4135
f 4119 3992 4132
f 4135 4132 4021
f 4119 4132 4135
f 3997 4133 4035
f 4133 4021 4131
f 4035 4131 3986
f 4133 4131 4035
f 4018 4135 4120
f 4135 4021 4133
f 4120 4133 3997
f 4135 4133 4120
f 3981 4034 4023
f 4034 3997 4036
f 4023 4036 3993
f 4034 4036 4023
f 3997 4035 4040
f 4035 3986 4038
f 4040 4038 3998
f 4035 4038 4040
f 3993 4039 4024
f 4039 3998 4037
f 4024 4037 3982
f 4039 4037 4024
f 3997 4040 4036
f 4040 3998 4039
f 4036 4039 3993
f 4040 4039 4036
f 3981 4023 4050
f 4023 3993 4052
f 4050 4052 4002
f 4023 4052 4050
f 3993 4024 4055
f 4024 3982 4053
f 4055 4053 4003
f 4024 4053 4055
f 4002 4056 4051
f 4056 4003 4054
f 4051 4054 3988
f 4056 4054 4051
f 3993 4055 4052
f 4055 4003 4056
f 4052 4056 4002
f 4055 4056 4052
f 3981 4050 4101
f 4050 4002 4103
f 4101 4103 4014
f 4050 4103 4101
f 4002 4051 4114
f 4051 3988 4112
f 4114 4112 4017
f 4051 4112 4114
f 4014 4116 4102
f 4116 4017 4113
f 4102 4113 3991
f 4116 4113 4102
f 4002 4114 4103
f 4114 4017 4116
f 4103 4116 4014
f 4114 4116 4103
f 3981 4101 4118
f 4101 4014 4121
f 4118 4121 4018
f 4101 4121 4118
f 4014 4102 4139
f 4102 3991 4137
f 4139 4137 4022
f 4102 4137 4139
f 4018 4141 4119
f 4141 4022 4138
f 4119 4138 3992
f 4141 4138 4119
f 4014 4139 4121
f 4139 4022 4141
f 4121 4141 4018
f 4139 4141 4121
f 3982 4037 4076
f 4037 3998 4078
f 4076 4078 4009
f 4037 4078 4076
f 3998 4038 4091
f 4038 3986 4089
f 4091 4089 4012
f 4038 4089 4091
f 4009 4093 4077
f 4093 4012 4090
f 4077 4090 3990
f 4093 4090 4077
f 3998 4091 4078
f 4091 4012 4093
f 4078 4093 4009
f 4091 4093 4078
f 3986 4131 4042
f 4131 4021 4134
f 4042 4134 3999
f 4131 4134 4042
f 4021 4132 4136
f 4132 3992 4127
f 4136 4127 4020
f 4132 4127 4136
f 3999 4129 4041
f 4129 4020 4126
f 4041 4126 3985
f 4129 4126 4041
f 4021 4136 4134
f 4136 4020 4129
f 4134 4129 3999
f 4136 4129 4134
f 3992 4138 4123
f 4138 4022 4142
f 4123 4142 4019
f 4138 4142 4123
f 4022 4137 4140
f 4137 3991 4105
f 4140 4105 4015
f 4137 4105 4140
f 4019 4125 4122
f 4125 4015 4104
f 4122 4104 3983
f 4125 4104 4122
f 4022 4140 4142
f 4140 4015 4125
f 4142 4125 4019
f 4140 4125 4142
f 3991 4113 4108
f 4113 4017 4117
f 4108 4117 4016
f 4113 4117 4108
f 4017 4112 4115
f 4112 3988 4058
f 4115 4058 4004
f 4112 4058 4115
f 4016 4110 4107
f 4110 4004 4057
f 4107 4057 3987
f 4110 4057 4107
f 4017 4115 4117
f 4115 4004 4110
f 4117 4110 4016
f 4115 4110 4117
f 3988 4054 4070
f 4054 4003 4072
f 4070 4072 4008
f 4054 4072 4070
f 4003 4053 4061
f 4053 3982 4059
f 4061 4059 4005
f 4053 4059 4061
f 4008 4074 4071
f 4074 4005 4060
f 4071 4060 3989
f 4074 4060 4071
f 4003 4061 4072
f 4061 4005 4074
f 4072 4074 4008
f 4061 4074 4072
f 3984 4080 4030
f 4080 4010 4082
f 4030 4082 3996
f 4080 4082 4030
f 4010 4081 4088
f 4081 3990 4085
f 4088 4085 4011
f 4081 4085 4088
f 3996 4086 4031
f 4086 4011 4084
f 4031 4084 3985
f 4086 4084 4031
f 4010 4088 4082
f 4088 4011 4086
f 4082 4086 3996
f 4088 4086 4082
f 3984 4030 4026
f 4030 3996 4032
f 4026 4032 3994
f 4030 4032 4026
f 3996 4031 4033
f 4031 3985 4028
f 4033 4028 3995
f 4031 4028 4033
f 3994 4029 4025
f 4029 3995 4027
f 4025 4027 3983
f 4029 4027 4025
f 3996 4033 4032
f 4033 3995 4029
f 4032 4029 3994
f 4033 4029 4032
f 3984 4026 4046
f 4026 3994 4048
f 4046 4048 4001
f 4026 4048 4046
f 3994 4025 4045
f 4025 3983 4043
f 4045 4043 4000
f 4025 4043 4045
f 4001 4049 4047
f 4049 4000 4044
f 4047 4044 3987
f 4049 4044 4047
f 3994 4045 4048
f 4045 4000 4049
f 4048 4049 4001
f 4045 4049 4048
f 3984 4046 4062
f 4046 4001 4064
f 4062 4064 4006
f 4046 4064 4062
f 4001 4047 4067
f 4047 3987 4065
f 4067 4065 4007
f 4047 4065 4067
f 4006 4069 4063
f 4069 4007 4066
f 4063 4066 3989
f 4069 4066 4063
f 4001 4067 4064
f 4067 4007 4069
f 4064 4069 4006
f 4067 4069 4064
f 3984 4062 4080
f 4062 4006 4083
f 4080 4083 4010
f 4062 4083 4080
f 4006 4063 4098
f 4063 3989 4095
f 4098 4095 4013
f 4063 4095 4098
f 4010 4100 4081
f 4100 4013 4096
f 4081 4096 3990
f 4100 4096 4081
f 4006 4098 4083
f 4098 4013 4100
f 4083 4100 4010
f 4098 4100 4083
f 3985 4084 4041
f 4084 4011 4087
f 4041 4087 3999
f 4084 4087 4041
f 4011 4085 4094
f 4085 3990 4090
f 4094 4090 4012
f 4085 4090 4094
f 3999 4092 4042
f 4092 4012 4089
f 4042 4089 3986
f 4092 4089 4042
f 4011 4094 4087
f 4094 4012 4092
f 4087 4092 3999
f 4094 4092 4087
f 3983 4027 4122
f 4027 3995 4124
f 4122 4124 4019
f 4027 4124 4122
f 3995 4028 4128
f 4028 3985 4126
f 4128 4126 4020
f 4028 4126 4128
f 4019 4130 4123
f 4130 4020 4127
f 4123 4127 3992
f 4130 4127 4123
f 3995 4128 4124
f 4128 4020 4130
f 4124 4130 4019
f 4128 4130 4124
f 3987 4044 4107
f 4044 4000 4109
f 4107 4109 4016
f 4044 4109 4107
f 4000 4043 4106
f 4043 3983 4104
f 4106 4104 4015
f 4043 4104 4106
f 4016 4111 4108
f 4111 4015 4105
f 4108 4105 3991
f 4111 4105 4108
f 4000 4106 4109
f 4106 4015 4111
f 4109 4111 4016
f 4106 4111 4109
f 3989 4066 4071
f 4066 4007 4075
f 4071 4075 4008
f 4066 4075 4071
f 4007 4065 4068
f 4065 3987 4057
f 4068 4057 4004
f 4065 4057 4068
f 4008 4073 4070
f 4073 4004 4058
f 4070 4058 3988
f 4073 4058 4070
f 4007 4068 4075
f 4068 4004 4073
f 4075 4073 4008
f 4068 4073 4075
f 3990 4096 4077
f 4096 4013 4099
f 4077 4099 4009
f 4096 4099 4077
f 4013 4095 4097
f 4095 3989 4060
f 4097 4060 4005
f 4095 4060 4097
f 4009 4079 4076
f 4079 4005 4059
f 4076 4059 3982
f 4079 4059 4076
f 4013 4097 4099
f 4097 4005 4079
f 4099 4079 4009
f 4097 4079 4099
f 4143 4144 4146
f 4143 4146 4145
f 4145 4146 4148
f 4145 4148 4147
f 4147 4148 4150
f 4147 4150 4149
f 4149 4150 4152
f 4149 4152 4151
f 4151 4152 4154
f 4151 4154 4153
f 4153 4154 4156
f 4153 4156 4155
f 4155 4156 4158
f 4155 4158 4157
f 4157 4158 4144
f 4157 4144 4143
f 4159 4145 4143
f 4160 4144 4146
f 4159 4147 4145
f 4160 4146 4148
f 4159 4149 4147
f 4160 4148 4150
f 4159 4151 4149
f 4160 4150 4152
f 4159 4153 4151
f 4160 4152 4154
f 4159 4155 4153
f 4160 4154 4156
f 4159 4157 4155
f 4160 4156 4158
f 4159 4143 4157
f 4160 4158 4144
f 4161 4162 4164
f 4161 4164 4163
f 4163 4164 4166
f 4163 4166 4165
f 4165 4166 4168
f 4165 4168 4167
f 4167 4168 4170
f 4167 4170 4169
f 4169 4170 4172
f 4169 4172 4171
f 4171 4172 4174
f 4171 4174 4173
f 4173 4174 4176
f 4173 4176 4175
f 4175 4176 4162
f 4175 4162 4161
f 4177 4163 4161
f 4178 4162 4164
f 4177 4165 4163
f 4178 4164 4166
f 4177 4167 4165
f 4178 4166 4168
f 4177 4169 4167
f 4178 4168 4170
f 4177 4171 4169
f 4178 4170 4172
f 4177 4173 4171
f 4178 4172 4174
f 4177 4175 4173
f 4178 4174 4176
f 4177 4161 4175
f 4178 4176 4162
f 4179 4316 4232
f 4316 4216 4318
f 4232 4318 4195
f 4316 4318 4232
f 4216 4317 4333
f 4317 4190 4330
f 4333 4330 4219
f 4317 4330 4333
f 4195 4331 4233
f 4331 4219 4329
f 4233 4329 4184
f 4331 4329 4233
f 4216 4333 4318
f 4333 4219 4331
f 4318 4331 4195
f 4333 4331 4318
f 4179 4232 4221
f 4232 4195 4234
f 4221 4234 4191
f 4232 4234 4221
f 4195 4233 4238
f 4233 4184 4236
f 4238 4236 4196
f 4233 4236 4238
f 4191 4237 4222
f 4237 4196 4235
f 4222 4235 4180
f 4237 4235 4222
f 4195 4238 4234
f 4238 4196 4237
f 4234 4237 4191
f 4238 4237 4234
f 4179 4221 4248
f 4221 4191 4250
f 4248 4250 4200
f 4221 4250 4248
f 4191 4222 4253
f 4222 4180 4251
f 4253 4251 4201
f 4222 4251 4253
f 4200 4254 4249
f 4254 4201 4252
f 4249 4252 4186
f 4254 4252 4249
f 4191 4253 4250
f 4253 4201 4254
f 4250 4254 4200
f 4253 4254 4250
f 4179 4248 4299
f 4248 4200 4301
f 4299 4301 4212
f 4248 4301 4299
f 4200 4249 4312
f 4249 4186 4310
f 4312 4310 4215
f 4249 4310 4312
f 4212 4314 4300
f 4314 4215 4311
f 4300 4311 4189
f 4314 4311 4300
f 4200 4312 4301
f 4312 4215 4314
f 4301 4314 4212
f 4312 4314 4301
f 4179 4299 4316
f 4299 4212 4319
f 4316 4319 4216
f 4299 4319 4316
f 4212 4300 4337
f 4300 4189 4335
f 4337 4335 4220
f 4300 4335 4337
f 4216 4339 4317
f 4339 4220 4336
f 4317 4336 4190
f 4339 4336 4317
f 4212 4337 4319
f 4337 4220 4339
f 4319 4339 4216
f 4337 4339 4319
f 4180 4235 4274
f 4235 4196 4276
f 4274 4276 4207
f 4235 4276 4274
f 4196 4236 4289
f 4236 4184 4287
f 4289 4287 4210
f 4236 4287 4289
f 4207 4291 4275
f 4291 4210 4288
f 4275 4288 4188
f 4291 4288 4275
f 4196 4289 4276
f 4289 4210 4291
f 4276 4291 4207
f 4289 4291 4276
f 4184 4329 4240
f 4329 4219 4332
f 4240 4332 4197
f 4329 4332 4240
f 4219 4330 4334
f 4330 4190 4325
f 4334 4325 4218
f 4330 4325 4334
f 4197 4327 4239
f 4327 4218 4324
f 4239 4324 4183
f 4327 4324 4239
f 4219 4334 4332
f 4334 4218 4327
f 4332 4327 4197
f 4334 4327 4332
f 4190 4336 4321
f 4336 4220 4340
f 4321 4340 4217
f 4336 4340 4321
f 4220 4335 4338
f 4335 4189 4303
f 4338 4303 4213
f 4335 4303 4338
f 4217 4323 4320
f 4323 4213 4302
f 4320 4302 4181
f 4323 4302 4320
f 4220 4338 4340
f 4338 4213 4323
f 4340 4323 4217
f 4338 4323 4340
f 4189 4311 4306
f 4311 4215 4315
f 4306 4315 4214
f 4311 4315 4306
f 4215 4310 4313
f 4310 4186 4256
f 4313 4256 4202
f 4310 4256 4313
f 4214 4308 4305
f 4308 4202 4255
f 4305 4255 4185
f 4308 4255 4305
f 4215 4313 4315
f 4313 4202 4308
f 4315 4308 4214
f 4313 4308 4315
f 4186 4252 4268
f 4252 4201 4270
f 4268 4270 4206
f 4252 4270 4268
f 4201 4251 4259
f 4251 4180 4257
f 4259 4257 4203
f 4251 4257 4259
f 4206 4272 4269
f 4272 4203 4258
f 4269 4258 4187
f 4272 4258 4269
f 4201 4259 4270
f 4259 4203 4272
f 4270 4272 4206
f 4259 4272 4270
f 4182 4278 4228
f 4278 4208 4280
f 4228 4280 4194
f 4278 4280 4228
f 4208 4279 4286
f 4279 4188 4283
f 4286 4283 4209
f 4279 4283 4286
f 4194 4284 4229
f 4284 4209 4282
f 4229 4282 4183
f 4284 4282 4229
f 4208 4286 4280
f 4286 4209 4284
f 4280 4284 4194
f 4286 4284 4280
f 4182 4228 4224
f 4228 4194 4230
f 4224 4230 4192
f 4228 4230 4224
f 4194 4229 4231
f 4229 4183 4226
f 4231 4226 4193
f 4229 4226 4231
f 4192 4227 4223
f 4227 4193 4225
f 4223 4225 4181
f 4227 4225 4223
f 4194 4231 4230
f 4231 4193 4227
f 4230 4227 4192
f 4231 4227 4230
f 4182 4224 4244
f 4224 4192 4246
f 4244 4246 4199
f 4224 4246 4244
f 4192 4223 4243
f 4223 4181 4241
f 4243 4241 4198
f 4223 4241 4243
f 4199 4247 4245
f 4247 4198 4242
f 4245 4242 4185
f 4247 4242 4245
f 4192 4243 4246
f 4243 4198 4247
f 4246 4247 4199
f 4243 4247 4246
f 4182 4244 4260
f 4244 4199 4262
f 4260 4262 4204
f 4244 4262 4260
f 4199 4245 4265
f 4245 4185 4263
f 4265 4263 4205
f 4245 4263 4265
f 4204 4267 4261
f 4267 4205 4264
f 4261 4264 4187
f 4267 4264 4261
f 4199 4265 4262
f 4265 4205 4267
f 4262 4267 4204
f 4265 4267 4262
f 4182 4260 4278
f 4260 4204 4281
f 4278 4281 4208
f 4260 4281 4278
f 4204 4261 4296
f 4261 4187 4293
f 4296 4293 4211
f 4261 4293 4296
f 4208 4298 4279
f 4298 4211 4294
f 4279 4294 4188
f 4298 4294 4279
f 4204 4296 4281
f 4296 4211 4298
f 4281 4298 4208
f 4296 4298 4281
f 4183 4282 4239
f 4282 4209 4285
f 4239 4285 4197
f 4282 4285 4239
f 4209 4283 4292
f 4283 4188 4288
f 4292 4288 4210
f 4283 4288 4292
f 4197 4290 4240
f 4290 4210 4287
f 4240 4287 4184
f 4290 4287 4240
f 4209 4292 4285
f 4292 4210 4290
f 4285 4290 4197
f 4292 4290 4285
f 4181 4225 4320
f 4225 4193 4322
f 4320 4322 4217
f 4225 4322 4320
f 4193 4226 4326
f 4226 4183 4324
f 4326 4324 4218
f 4226 4324 4326
f 4217 4328 4321
f 4328 4218 4325
f 4321 4325 4190
f 4328 4325 4321
f 4193 4326 4322
f 4326 4218 4328
f 4322 4328 4217
f 4326 4328 4322
f 4185 4242 4305
f 4242 4198 4307
f 4305 4307 4214
f 4242 4307 4305
f 4198 4241 4304
f 4241 4181 4302
f 4304 4302 4213
f 4241 4302 4304
f 4214 4309 4306
f 4309 4213 4303
f 4306 4303 4189
f 4309 4303 4306
f 4198 4304 4307
f 4304 4213 4309
f 4307 4309 4214
f 4304 4309 4307
f 4187 4264 4269
f 4264 4205 4273
f 4269 4273 4206
f 4264 4273 4269
f 4205 4263 4266
f 4263 4185 4255
f 4266 4255 4202
f 4263 4255 4266
f 4206 4271 4268
f 4271 4202 4256
f 4268 4256 4186
f 4271 4256 4268
f 4205 4266 4273
f 4266 4202 4271
f 4273 4271 4206
f 4266 4271 4273
f 4188 4294 4275
f 4294 4211 4297
f 4275 4297 4207
f 4294 4297 4275
f 4211 4293 4295
f 4293 4187 4258
f 4295 4258 4203
f 4293 4258 4295
f 4207 4277 4274
f 4277 4203 4257
f 4274 4257 4180
f 4277 4257 4274
f 4211 4295 4297
f 4295 4203 4277
f 4297 4277 4207
f 4295 4277 4297
f 4341 4478 4394
f 4478 4378 4480
f 4394 4480 4357
f 4478 4480 4394
f 4378 4479 4495
f 4479 4352 4492
f 4495 4492 4381
f 4479 4492 4495
f 4357 4493 4395
f 4493 4381 4491
f 4395 4491 4346
f 4493 4491 4395
f 4378 4495 4480
f 4495 4381 4493
f 4480 4493 4357
f 4495 4493 4480
f 4341 4394 4383
f 4394 4357 4396
f 4383 4396 4353
f 4394 4396 4383
f 4357 4395 4400
f 4395 4346 4398
f 4400 4398 4358
f 4395 4398 4400
f 4353 4399 4384
f 4399 4358 4397
f 4384 4397 4342
f 4399 4397 4384
f 4357 4400 4396
f 4400 4358 4399
f 4396 4399 4353
f 4400 4399 4396
f 4341 4383 4410
f 4383 4353 4412
f 4410 4412 4362
f 4383 4412 4410
f 4353 4384 4415
f 4384 4342 4413
f 4415 4413 4363
f 4384 4413 4415
f 4362 4416 4411
f 4416 4363 4414
f 4411 4414 4348
f 4416 4414 4411
f 4353 4415 4412
f 4415 4363 4416
f 4412 4416 4362
f 4415 4416 4412
f 4341 4410 4461
f 4410 4362 4463
f 4461 4463 4374
f 4410 4463 4461
f 4362 4411 4474
f 4411 4348 4472
f 4474 4472 4377
f 4411 4472 4474
f 4374 4476 4462
f 4476 4377 4473
f 4462 4473 4351
f 4476 4473 4462
f 4362 4474 4463
f 4474 4377 4476
f 4463 4476 4374
f 4474 4476 4463
f 4341 4461 4478
f 4461 4374 4481
f 4478 4481 4378
f 4461 4481 4478
f 4374 4462 4499
f 4462 4351 4497
f 4499 4497 4382
f 4462 4497 4499
f 4378 4501 4479
f 4501 4382 4498
f 4479 4498 4352
f 4501 4498 4479
f 4374 4499 4481
f 4499 4382 4501
f 4481 4501 4378
f 4499 4501 4481
f 4342 4397 4436
f 4397 4358 4438
f 4436 4438 4369
f 4397 4438 4436
f 4358 4398 4451
f 4398 4346 4449
f 4451 4449 4372
f 4398 4449 4451
f 4369 4453 4437
f 4453 4372 4450
f 4437 4450 4350
f 4453 4450 4437
f 4358 4451 4438
f 4451 4372 4453
f 4438 4453 4369
f 4451 4453 4438
f 4346 4491 4402
f 4491 4381 4494
f 4402 4494 4359
f 4491 4494 4402
f 4381 4492 4496
f 4492 4352 4487
f 4496 4487 4380
f 4492 4487 4496
f 4359 4489 4401
f 4489 4380 4486
f 4401 4486 4345
f 4489 4486 4401
f 4381 4496 4494
f 4496 4380 4489
f 4494 4489 4359
f 4496 4489 4494
f 4352 4498 4483
f 4498 4382 4502
f 4483 4502 4379
f 4498 4502 4483
f 4382 4497 4500
f 4497 4351 4465
f 4500 4465 4375
f 4497 4465 4500
f 4379 4485 4482
f 4485 4375 4464
f 4482 4464 4343
f 4485 4464 4482
f 4382 4500 4502
f 4500 4375 4485
f 4502 4485 4379
f 4500 4485 4502
f 4351 4473 4468
f 4473 4377 4477
f 4468 4477 4376
f 4473 4477 4468
f 4377 4472 4475
f 4472 4348 4418
f 4475 4418 4364
f 4472 4418 4475
f 4376 4470 4467
f 4470 4364 4417
f 4467 4417 4347
f 4470 4417 4467
f 4377 4475 4477
f 4475 4364 4470
f 4477 4470 4376
f 4475 4470 4477
f 4348 4414 4430
f 4414 4363 4432
f 4430 4432 4368
f 4414 4432 4430
f 4363 4413 4421
f 4413 4342 4419
f 4421 4419 4365
f 4413 4419 4421
f 4368 4434 4431
f 4434 4365 4420
f 4431 4420 4349
f 4434 4420 4431
f 4363 4421 4432
f 4421 4365 4434
f 4432 4434 4368
f 4421 4434 4432
f 4344 4440 4390
f 4440 4370 4442
f 4390 4442 4356
f 4440 4442 4390
f 4370 4441 4448
f 4441 4350 4445
f 4448 4445 4371
f 4441 4445 4448
f 4356 4446 4391
f 4446 4371 4444
f 4391 4444 4345
f 4446 4444 4391
f 4370 4448 4442
f 4448 4371 4446
f 4442 4446 4356
f 4448 4446 4442
f 4344 4390 4386
f 4390 4356 4392
f 4386 4392 4354
f 4390 4392 4386
f 4356 4391 4393
f 4391 4345 4388
f 4393 4388 4355
f 4391 4388 4393
f 4354 4389 4385
f 4389 4355 4387
f 4385 4387 4343
f 4389 4387 4385
f 4356 4393 4392
f 4393 4355 4389
f 4392 4389 4354
f 4393 4389 4392
f 4344 4386 4406
f 4386 4354 4408
f 4406 4408 4361
f 4386 4408 4406
f 4354 4385 4405
f 4385 4343 4403
f 4405 4403 4360
f 4385 4403 4405
f 4361 4409 4407
f 4409 4360 4404
f 4407 4404 4347
f 4409 4404 4407
f 4354 4405 4408
f 4405 4360 4409
f 4408 4409 4361
f 4405 4409 4408
f 4344 4406 4422
f 4406 4361 4424
f 4422 4424 4366
f 4406 4424 4422
f 4361 4407 4427
f 4407 4347 4425
f 4427 4425 4367
f 4407 4425 4427
f 4366 4429 4423
f 4429 4367 4426
f 4423 4426 4349
f 4429 4426 4423
f 4361 4427 4424
f 4427 4367 4429
f 4424 4429 4366
f 4427 4429 4424
f 4344 4422 4440
f 4422 4366 4443
f 4440 4443 4370
f 4422 4443 4440
f 4366 4423 4458
f 4423 4349 4455
f 4458 4455 4373
f 4423 4455 4458
f 4370 4460 4441
f 4460 4373 4456
f 4441 4456 4350
f 4460 4456 4441
f 4366 4458 4443
f 4458 4373 4460
f 4443 4460 4370
f 4458 4460 4443
f 4345 4444 4401
f 4444 4371 4447
f 4401 4447 4359
f 4444 4447 4401
f 4371 4445 4454
f 4445 4350 4450
f 4454 4450 4372
f 4445 4450 4454
f 4359 4452 4402
f 4452 4372 4449
f 4402 4449 4346
f 4452 4449 4402
f 4371 4454 4447
f 4454 4372 4452
f 4447 4452 4359
f 4454 4452 4447
f 4343 4387 4482
f 4387 4355 4484
f 4482 4484 4379
f 4387 4484 4482
f 4355 4388 4488
f 4388 4345 4486
f 4488 4486 4380
f 4388 4486 4488
f 4379 4490 4483
f 4490 4380 4487
f 4483 4487 4352
f 4490 4487 4483
f 4355 4488 4484
f 4488 4380 4490
f 4484 4490 4379
f 4488 4490 4484
f 4347 4404 4467
f 4404 4360 4469
f 4467 4469 4376
f 4404 4469 4467
f 4360 4403 4466
f 4403 4343 4464
f 4466 4464 4375
f 4403 4464 4466
f 4376 4471 4468
f 4471 4375 4465
f 4468 4465 4351
f 4471 4465 4468
f 4360 4466 4469
f 4466 4375 4471
f 4469 4471 4376
f 4466 4471 4469
f 4349 4426 4431
f 4426 4367 4435
f 4431 4435 4368
f 4426 4435 4431
f 4367 4425 4428
f 4425 4347 4417
f 4428 4417 4364
f 4425 4417 4428
f 4368 4433 4430
f 4433 4364 4418
f 4430 4418 4348
f 4433 4418 4430
f 4367 4428 4435
f 4428 4364 4433
f 4435 4433 4368
f 4428 4433 4435
f 4350 4456 4437
f 4456 4373 4459
f 4437 4459 4369
f 4456 4459 4437
f 4373 4455 4457
f 4455 4349 4420
f 4457 4420 4365
f 4455 4420 4457
f 4369 4439 4436
f 4439 4365 4419
f 4436 4419 4342
f 4439 4419 4436
f 4373 4457 4459
f 4457 4365 4439
f 4459 4439 4369
f 4457 4439 4459
f 4503 4640 4556
f 4640 4540 4642
f 4556 4642 4519
f 4640 4642 4556
f 4540 4641 4657
f 4641 4514 4654
f 4657 4654 4543
f 4641 4654 4657
f 4519 4655 4557
f 4655 4543 4653
f 4557 4653 4508
f 4655 4653 4557
f 4540 4657 4642
f 4657 4543 4655
f 4642 4655 4519
f 4657 4655 4642
f 4503 4556 4545
f 4556 4519 4558
f 4545 4558 4515
f 4556 4558 4545
f 4519 4557 4562
f 4557 4508 4560
f 4562 4560 4520
f 4557 4560 4562
f 4515 4561 4546
f 4561 4520 4559
f 4546 4559 4504
f 4561 4559 4546
f 4519 4562 4558
f 4562 4520 4561
f 4558 4561 4515
f 4562 4561 4558
f 4503 4545 4572
f 4545 4515 4574
f 4572 4574 4524
f 4545 4574 4572
f 4515 4546 4577
f 4546 4504 4575
f 4577 4575 4525
f 4546 4575 4577
f 4524 4578 4573
f 4578 4525 4576
f 4573 4576 4510
f 4578 4576 4573
f 4515 4577 4574
f 4577 4525 4578
f 4574 4578 4524
f 4577 4578 4574
f 4503 4572 4623
f 4572 4524 4625
f 4623 4625 4536
f 4572 4625 4623
f 4524 4573 4636
f 4573 4510 4634
f 4636 4634 4539
f 4573 4634 4636
f 4536 4638 4624
f 4638 4539 4635
f 4624 4635 4513
f 4638 4635 4624
f 4524 4636 4625
f 4636 4539 4638
f 4625 4638 4536
f 4636 4638 4625
f 4503 4623 4640
f 4623 4536 4643
f 4640 4643 4540
f 4623 4643 4640
f 4536 4624 4661
f 4624 4513 4659
f 4661 4659 4544
f 4624 4659 4661
f 4540 4663 4641
f 4663 4544 4660
f 4641 4660 4514
f 4663 4660 4641
f 4536 4661 4643
f 4661 4544 4663
f 4643 4663 4540
f 4661 4663 4643
f 4504 4559 4598
f 4559 4520 4600
f 4598 4600 4531
f 4559 4600 4598
f 4520 4560 4613
f 4560 4508 4611
f 4613 4611 4534
f 4560 4611 4613
f 4531 4615 4599
f 4615 4534 4612
f 4599 4612 4512
f 4615 4612 4599
f 4520 4613 4600
f 4613 4534 4615
f 4600 4615 4531
f 4613 4615 4600
f 4508 4653 4564
f 4653 4543 4656
f 4564 4656 4521
f 4653 4656 4564
f 4543 4654 4658
f 4654 4514 4649
f 4658 4649 4542
f 4654 4649 4658
f 4521 4651 4563
f 4651 4542 4648
f 4563 4648 4507
f 4651 4648 4563
f 4543 4658 4656
f 4658 4542 4651
f 4656 4651 4521
f 4658 4651 4656
f 4514 4660 4645
f 4660 4544 4664
f 4645 4664 4541
f 4660 4664 4645
f 4544 4659 4662
f 4659 4513 4627
f 4662 4627 4537
f 4659 4627 4662
f 4541 4647 4644
f 4647 4537 4626
f 4644 4626 4505
f 4647 4626 4644
f 4544 4662 4664
f 4662 4537 4647
f 4664 4647 4541
f 4662 4647 4664
f 4513 4635 4630
f 4635 4539 4639
f 4630 4639 4538
f 4635 4639 4630
f 4539 4634 4637
f 4634 4510 4580
f 4637 4580 4526
f 4634 4580 4637
f 4538 4632 4629
f 4632 4526 4579
f 4629 4579 4509
f 4632 4579 4629
f 4539 4637 4639
f 4637 4526 4632
f 4639 4632 4538
f 4637 4632 4639
f 4510 4576 4592
f 4576 4525 4594
f 4592 4594 4530
f 4576 4594 4592
f 4525 4575 4583
f 4575 4504 4581
f 4583 4581 4527
f 4575 4581 4583
f 4530 4596 4593
f 4596 4527 4582
f 4593 4582 4511
f 4596 4582 4593
f 4525 4583 4594
f 4583 4527 4596
f 4594 4596 4530
f 4583 4596 4594
f 4506 4602 4552
f 4602 4532 4604
f 4552 4604 4518
f 4602 4604 4552
f 4532 4603 4610
f 4603 4512 4607
f 4610 4607 4533
f 4603 4607 4610
f 4518 4608 4553
f 4608 4533 4606
f 4553 4606 4507
f 4608 4606 4553
f 4532 4610 4604
f 4610 4533 4608
f 4604 4608 4518
f 4610 4608 4604
f 4506 4552 4548
f 4552 4518 4554
f 4548 4554 4516
f 4552 4554 4548
f 4518 4553 4555
f 4553 4507 4550
f 4555 4550 4517
f 4553 4550 4555
f 4516 4551 4547
f 4551 4517 4549
f 4547 4549 4505
f 4551 4549 4547
f 4518 4555 4554
f 4555 4517 4551
f 4554 4551 4516
f 4555 4551 4554
f 4506 4548 4568
f 4548 4516 4570
f 4568 4570 4523
f 4548 4570 4568
f 4516 4547 4567
f 4547 4505 4565
f 4567 4565 4522
f 4547 4565 4567
f 4523 4571 4569
f 4571 4522 4566
f 4569 4566 4509
f 4571 4566 4569
f 4516 4567 4570
f 4567 4522 4571
f 4570 4571 4523
f 4567 4571 4570
f 4506 4568 4584
f 4568 4523 4586
f 4584 4586 4528
f 4568 4586 4584
f 4523 4569 4589
f 4569 4509 4587
f 4589 4587 4529
f 4569 4587 4589
f 4528 4591 4585
f 4591 4529 4588
f 4585 4588 4511
f 4591 4588 4585
f 4523 4589 4586
f 4589 4529 4591
f 4586 4591 4528
f 4589 4591 4586
f 4506 4584 4602
f 4584 4528 4605
f 4602 4605 4532
f 4584 4605 4602
f 4528 4585 4620
f 4585 4511 4617
f 4620 4617 4535
f 4585 4617 4620
f 4532 4622 4603
f 4622 4535 4618
f 4603 4618 4512
f 4622 4618 4603
f 4528 4620 4605
f 4620 4535 4622
f 4605 4622 4532
f 4620 4622 4605
f 4507 4606 4563
f 4606 4533 4609
f 4563 4609 4521
f 4606 4609 4563
f 4533 4607 4616
f 4607 4512 4612
f 4616 4612 4534
f 4607 4612 4616
f 4521 4614 4564
f 4614 4534 4611
f 4564 4611 4508
f 4614 4611 4564
f 4533 4616 4609
f 4616 4534 4614
f 4609 4614 4521
f 4616 4614 4609
f 4505 4549 4644
f 4549 4517 4646
f 4644 4646 4541
f 4549 4646 4644
f 4517 4550 4650
f 4550 4507 4648
f 4650 4648 4542
f 4550 4648 4650
f 4541 4652 4645
f 4652 4542 4649
f 4645 4649 4514
f 4652 4649 4645
f 4517 4650 4646
f 4650 4542 4652
f 4646 4652 4541
f 4650 4652 4646
f 4509 4566 4629
f 4566 4522 4631
f 4629 4631 4538
f 4566 4631 4629
f 4522 4565 4628
f 4565 4505 4626
f 4628 4626 4537
f 4565 4626 4628
f 4538 4633 4630
f 4633 4537 4627
f 4630 4627 4513
f 4633 4627 4630
f 4522 4628 4631
f 4628 4537 4633
f 4631 4633 4538
f 4628 4633 4631
f 4511 4588 4593
f 4588 4529 4597
f 4593 4597 4530
f 4588 4597 4593
f 4529 4587 4590
f 4587 4509 4579
f 4590 4579 4526
f 4587 4579 4590
f 4530 4595 4592
f 4595 4526 4580
f 4592 4580 4510
f 4595 4580 4592
f 4529 4590 4597
f 4590 4526 4595
f 4597 4595 4530
f 4590 4595 4597
f 4512 4618 4599
f 4618 4535 4621
f 4599 4621 4531
f 4618 4621 4599
f 4535 4617 4619
f 4617 4511 4582
f 4619 4582 4527
f 4617 4582 4619
f 4531 4601 4598
f 4601 4527 4581
f 4598 4581 4504
f 4601 4581 4598
f 4535 4619 4621
f 4619 4527 4601
f 4621 4601 4531
f 4619 4601 4621
f 4665 4666 4668
f 4665 4668 4667
f 4667 4668 4670
f 4667 4670 4669
f 4669 4670 4672
f 4669 4672 4671
f 4671 4672 4674
f 4671 4674 4673
f 4673 4674 4676
f 4673 4676 4675
f 4675 4676 4678
f 4675 4678 4677
f 4677 4678 4680
f 4677 4680 4679
f 4679 4680 4666
f 4679 4666 4665
f 4681 4667 4665
f 4682 4666 4668
f 4681 4669 4667
f 4682 4668 4670
f 4681 4671 4669
f 4682 4670 4672
f 4681 4673 4671
f 4682 4672 4674
f 4681 4675 4673
f 4682 4674 4676
f 4681 4677 4675
f 4682 4676 4678
f 4681 4679 4677
f 4682 4678 4680
f 4681 4665 4679
f 4682 4680 4666
f 4683 4684 4686
f 4683 4686 4685
f 4685 4686 4688
f 4685 4688 4687
f 4687 4688 4690
f 4687 4690 4689
f 4689 4690 4692
f 4689 4692 4691
f 4691 4692 4694
f 4691 4694 4693
f 4693 4694 4696
f 4693 4696 4695
f 4695 4696 4698
f 4695 4698 4697
f 4697 4698 4684
f 4697 4684 4683
f 4699 4685 4683
f 4700 4684 4686
f 4699 4687 4685
f 4700 4686 4688
f 4699 4689 4687
f 4700 4688 4690
f 4699 4691 4689
f 4700 4690 4692
f 4699 4693 4691
f 4700 4692 4694
f 4699 4695 4693
f 4700 4694 4696
f 4699 4697 4695
f 4700 4696 4698
f 4699 4683 4697
f 4700 4698 4684
f 4701 4838 4754
f 4838 4738 4840
f 4754 4840 4717
f 4838 4840 4754
f 4738 4839 4855
f 4839 4712 4852
f 4855 4852 4741
f 4839 4852 4855
f 4717 4853 4755
f 4853 4741 4851
f 4755 4851 4706
f 4853 4851 4755
f 4738 4855 4840
f 4855 4741 4853
f 4840 4853 4717
f 4855 4853 4840
f 4701 4754 4743
f 4754 4717 4756
f 4743 4756 4713
f 4754 4756 4743
f 4717 4755 4760
f 4755 4706 4758
f 4760 4758 4718
f 4755 4758 4760
f 4713 4759 4744
f 4759 4718 4757
f 4744 4757 4702
f 4759 4757 4744
f 4717 4760 4756
f 4760 4718 4759
f 4756 4759 4713
f 4760 4759 4756
f 4701 4743 4770
f 4743 4713 4772
f 4770 4772 4722
f 4743 4772 4770
f 4713 4744 4775
f 4744 4702 4773
f 4775 4773 4723
f 4744 4773 4775
f 4722 4776 4771
f 4776 4723 4774
f 4771 4774 4708
f 4776 4774 4771
f 4713 4775 4772
f 4775 4723 4776
f 4772 4776 4722
f 4775 4776 4772
f 4701 4770 4821
f 4770 4722 4823
f 4821 4823 4734
f 4770 4823 4821
f 4722 4771 4834
f 4771 4708 4832
f 4834 4832 4737
f 4771 4832 4834
f 4734 4836 4822
f 4836 4737 4833
f 4822 4833 4711
f 4836 4833 4822
f 4722 4834 4823
f 4834 4737 4836
f 4823 4836 4734
f 4834 4836 4823
f 4701 4821 4838
f 4821 4734 4841
f 4838 4841 4738
f 4821 4841 4838
f 4734 4822 4859
f 4822 4711 4857
f 4859 4857 4742
f 4822 4857 4859
f 4738 4861 4839
f 4861 4742 4858
f 4839 4858 4712
f 4861 4858 4839
f 4734 4859 4841
f 4859 4742 4861
f 4841 4861 4738
f 4859 4861 4841
f 4702 4757 4796
f 4757 4718 4798
f 4796 4798 4729
f 4757 4798 4796
f 4718 4758 4811
f 4758 4706 4809
f 4811 4809 4732
f 4758 4809 4811
f 4729 4813 4797
f 4813 4732 4810
f 4797 4810 4710
f 4813 4810 4797
f 4718 4811 4798
f 4811 4732 4813
f 4798 4813 4729
f 4811 4813 4798
f 4706 4851 4762
f 4851 4741 4854
f 4762 4854 4719
f 4851 4854 4762
f 4741 4852 4856
f 4852 4712 4847
f 4856 4847 4740
f 4852 4847 4856
f 4719 4849 4761
f 4849 4740 4846
f 4761 4846 4705
f 4849 4846 4761
f 4741 4856 4854
f 4856 4740 4849
f 4854 4849 4719
f 4856 4849 4854
f 4712 4858 4843
f 4858 4742 4862
f 4843 4862 4739
f 4858 4862 4843
f 4742 4857 4860
f 4857 4711 4825
f 4860 4825 4735
f 4857 4825 4860
f 4739 4845 4842
f 4845 4735 4824
f 4842 4824 4703
f 4845 4824 4842
f 4742 4860 4862
f 4860 4735 4845
f 4862 4845 4739
f 4860 4845 4862
f 4711 4833 4828
f 4833 4737 4837
f 4828 4837 4736
f 4833 4837 4828
f 4737 4832 4835
f 4832 4708 4778
f 4835 4778 4724
f 4832 4778 4835
f 4736 4830 4827
f 4830 4724 4777
f 4827 4777 4707
f 4830 4777 4827
f 4737 4835 4837
f 4835 4724 4830
f 4837 4830 4736
f 4835 4830 4837
f 4708 4774 4790
f 4774 4723 4792
f 4790 4792 4728
f 4774 4792 4790
f 4723 4773 4781
f 4773 4702 4779
f 4781 4779 4725
f 4773 4779 4781
f 4728 4794 4791
f 4794 4725 4780
f 4791 4780 4709
f 4794 4780 4791
f 4723 4781 4792
f 4781 4725 4794
f 4792 4794 4728
f 4781 4794 4792
f 4704 4800 4750
f 4800 4730 4802
f 4750 4802 4716
f 4800 4802 4750
f 4730 4801 4808
f 4801 4710 4805
f 4808 4805 4731
f 4801 4805 4808
f 4716 4806 4751
f 4806 4731 4804
f 4751 4804 4705
f 4806 4804 4751
f 4730 4808 4802
f 4808 4731 4806
f 4802 4806 4716
f 4808 4806 4802
f 4704 4750 4746
f 4750 4716 4752
f 4746 4752 4714
f 4750 4752 4746
f 4716 4751 4753
f 4751 4705 4748
f 4753 4748 4715
f 4751 4748 4753
f 4714 4749 4745
f 4749 4715 4747
f 4745 4747 4703
f 4749 4747 4745
f 4716 4753 4752
f 4753 4715 4749
f 4752 4749 4714
f 4753 4749 4752
f 4704 4746 4766
f 4746 4714 4768
f 4766 4768 4721
f 4746 4768 4766
f 4714 4745 4765
f 4745 4703 4763
f 4765 4763 4720
f 4745 4763 4765
f 4721 4769 4767
f 4769 4720 4764
f 4767 4764 4707
f 4769 4764 4767
f 4714 4765 4768
f 4765 4720 4769
f 4768 4769 4721
f 4765 4769 4768
f 4704 4766 4782
f 4766 4721 4784
f 4782 4784 4726
f 4766 4784 4782
f 4721 4767 4787
f 4767 4707 4785
f 4787 4785 4727
f 4767 4785 4787
f 4726 4789 4783
f 4789 4727 4786
f 4783 4786 4709
f 4789 4786 4783
f 4721 4787 4784
f 4787 4727 4789
f 4784 4789 4726
f 4787 4789 4784
f 4704 4782 4800
f 4782 4726 4803
f 4800 4803 4730
f 4782 4803 4800
f 4726 4783 4818
f 4783 4709 4815
f 4818 4815 4733
f 4783 4815 4818
f 4730 4820 4801
f 4820 4733 4816
f 4801 4816 4710
f 4820 4816 4801
f 4726 4818 4803
f 4818 4733 4820
f 4803 4820 4730
f 4818 4820 4803
f 4705 4804 4761
f 4804 4731 4807
f 4761 4807 4719
f 4804 4807 4761
f 4731 4805 4814
f 4805 4710 4810
f 4814 4810 4732
f 4805 4810 4814
f 4719 4812 4762
f 4812 4732 4809
f 4762 4809 4706
f 4812 4809 4762
f 4731 4814 4807
f 4814 4732 4812
f 4807 4812 4719
f 4814 4812 4807
f 4703 4747 4842
f 4747 4715 4844
f 4842 4844 4739
f 4747 4844 4842
f 4715 4748 4848
f 4748 4705 4846
f 4848 4846 4740
f 4748 4846 4848
f 4739 4850 4843
f 4850 4740 4847
f 4843 4847 4712
f 4850 4847 4843
f 4715 4848 4844
f 4848 4740 4850
f 4844 4850 4739
f 4848 4850 4844
f 4707 4764 4827
f 4764 4720 4829
f 4827 4829 4736
f 4764 4829 4827
f 4720 4763 4826
f 4763 4703 4824
f 4826 4824 4735
f 4763 4824 4826
f 4736 4831 4828
f 4831 4735 4825
f 4828 4825 4711
f 4831 4825 4828
f 4720 4826 4829
f 4826 4735 4831
f 4829 4831 4736
f 4826 4831 4829
f 4709 4786 4791
f 4786 4727 4795
f 4791 4795 4728
f 4786 4795 4791
f 4727 4785 4788
f 4785 4707 4777
f 4788 4777 4724
f 4785 4777 4788
f 4728 4793 4790
f 4793 4724 4778
f 4790 4778 4708
f 4793 4778 4790
f 4727 4788 4795
f 4788 4724 4793
f 4795 4793 4728
f 4788 4793 4795
f 4710 4816 4797
f 4816 4733 4819
f 4797 4819 4729
f 4816 4819 4797
f 4733 4815 4817
f 4815 4709 4780
f 4817 4780 4725
f 4815 4780 4817
f 4729 4799 4796
f 4799 4725 4779
f 4796 4779 4702
f 4799 4779 4796
f 4733 4817 4819
f 4817 4725 4799
f 4819 4799 4729
f 4817 4799 4819
f 4863 5000 4916
f 5000 4900 5002
f 4916 5002 4879
f 5000 5002 4916
f 4900 5001 5017
f 5001 4874 5014
f 5017 5014 4903
f 5001 5014 5017
f 4879 5015 4917
f 5015 4903 5013
f 4917 5013 4868
f 5015 5013 4917
f 4900 5017 5002
f 5017 4903 5015
f 5002 5015 4879
f 5017 5015 5002
f 4863 4916 4905
f 4916 4879 4918
f 4905 4918 4875
f 4916 4918 4905
f 4879 4917 4922
f 4917 4868 4920
f 4922 4920 4880
f 4917 4920 4922
f 4875 4921 4906
f 4921 4880 4919
f 4906 4919 4864
f 4921 4919 4906
f 4879 4922 4918
f 4922 4880 4921
f 4918 4921 4875
f 4922 4921 4918
f 4863 4905 4932
f 4905 4875 4934
f 4932 4934 4884
f 4905 4934 4932
f 4875 4906 4937
f 4906 4864 4935
f 4937 4935 4885
f 4906 4935 4937
f 4884 4938 4933
f 4938 4885 4936
f 4933 4936 4870
f 4938 4936 4933
f 4875 4937 4934
f 4937 4885 4938
f 4934 4938 4884
f 4937 4938 4934
f 4863 4932 4983
f 4932 4884 4985
f 4983 4985 4896
f 4932 4985 4983
f 4884 4933 4996
f 4933 4870 4994
f 4996 4994 4899
f 4933 4994 4996
f 4896 4998 4984
f 4998 4899 4995
f 4984 4995 4873
f 4998 4995 4984
f 4884 4996 4985
f 4996 4899 4998
f 4985 4998 4896
f 4996 4998 4985
f 4863 4983 5000
f 4983 4896 5003
f 5000 5003 4900
f 4983 5003 5000
f 4896 4984 5021
f 4984 4873 5019
f 5021 5019 4904
f 4984 5019 5021
f 4900 5023 5001
f 5023 4904 5020
f 5001 5020 4874
f 5023 5020 5001
f 4896 5021 5003
f 5021 4904 5023
f 5003 5023 4900
f 5021 5023 5003
f 4864 4919 4958
f 4919 4880 4960
f 4958 4960 4891
f 4919 4960 4958
f 4880 4920 4973
f 4920 4868 4971
f 4973 4971 4894
f 4920 4971 4973
f 4891 4975 4959
f 4975 4894 4972
f 4959 4972 4872
f 4975 4972 4959
f 4880 4973 4960
f 4973 4894 4975
f 4960 4975 4891
f 4973 4975 4960
f 4868 5013 4924
f 5013 4903 5016
f 4924 5016 4881
f 5013 5016 4924
f 4903 5014 5018
f 5014 4874 5009
f 5018 5009 4902
f 5014 5009 5018
f 4881 5011 4923
f 5011 4902 5008
f 4923 5008 4867
f 5011 5008 4923
f 4903 5018 5016
f 5018 4902 5011
f 5016 5011 4881
f 5018 5011 5016
f 4874 5020 5005
f 5020 4904 5024
f 5005 5024 4901
f 5020 5024 5005
f 4904 5019 5022
f 5019 4873 4987
f 5022 4987 4897
f 5019 4987 5022
f 4901 5007 5004
f 5007 4897 4986
f 5004 4986 4865
f 5007 4986 5004
f 4904 5022 5024
f 5022 4897 5007
f 5024 5007 4901
f 5022 5007 5024
f 4873 4995 4990
f 4995 4899 4999
f 4990 4999 4898
f 4995 4999 4990
f 4899 4994 4997
f 4994 4870 4940
f 4997 4940 4886
f 4994 4940 4997
f 4898 4992 4989
f 4992 4886 4939
f 4989 4939 4869
f 4992 4939 4989
f 4899 4997 4999
f 4997 4886 4992
f 4999 4992 4898
f 4997 4992 4999
f 4870 4936 4952
f 4936 4885 4954
f 4952 4954 4890
f 4936 4954 4952
f 4885 4935 4943
f 4935 4864 4941
f 4943 4941 4887
f 4935 4941 4943
f 4890 4956 4953
f 4956 4887 4942
f 4953 4942 4871
f 4956 4942 4953
f 4885 4943 4954
f 4943 4887 4956
f 4954 4956 4890
f 4943 4956 4954
f 4866 4962 4912
f 4962 4892 4964
f 4912 4964 4878
f 4962 4964 4912
f 4892 4963 4970
f 4963 4872 4967
f 4970 4967 4893
f 4963 4967 4970
f 4878 4968 4913
f 4968 4893 4966
f 4913 4966 4867
f 4968 4966 4913
f 4892 4970 4964
f 4970 4893 4968
f 4964 4968 4878
f 4970 4968 4964
f 4866 4912 4908
f 4912 4878 4914
f 4908 4914 4876
f 4912 4914 4908
f 4878 4913 4915
f 4913 4867 4910
f 4915 4910 4877
f 4913 4910 4915
f 4876 4911 4907
f 4911 4877 4909
f 4907 4909 4865
f 4911 4909 4907
f 4878 4915 4914
f 4915 4877 4911
f 4914 4911 4876
f 4915 4911 4914
f 4866 4908 4928
f 4908 4876 4930
f 4928 4930 4883
f 4908 4930 4928
f 4876 4907 4927
f 4907 4865 4925
f 4927 4925 4882
f 4907 4925 4927
f 4883 4931 4929
f 4931 4882 4926
f 4929 4926 4869
f 4931 4926 4929
f 4876 4927 4930
f 4927 4882 4931
f 4930 4931 4883
f 4927 4931 4930
f 4866 4928 4944
f 4928 4883 4946
f 4944 4946 4888
f 4928 4946 4944
f 4883 4929 4949
f 4929 4869 4947
f 4949 4947 4889
f 4929 4947 4949
f 4888 4951 4945
f 4951 4889 4948
f 4945 4948 4871
f 4951 4948 4945
f 4883 4949 4946
f 4949 4889 4951
f 4946 4951 4888
f 4949 4951 4946
f 4866 4944 4962
f 4944 4888 4965
f 4962 4965 4892
f 4944 4965 4962
f 4888 4945 4980
f 4945 4871 4977
f 4980 4977 4895
f 4945 4977 4980
f 4892 4982 4963
f 4982 4895 4978
f 4963 4978 4872
f 4982 4978 4963
f 4888 4980 4965
f 4980 4895 4982
f 4965 4982 4892
f 4980 4982 4965
f 4867 4966 4923
f 4966 4893 4969
f 4923 4969 4881
f 4966 4969 4923
f 4893 4967 4976
f 4967 4872 4972
f 4976 4972 4894
f 4967 4972 4976
f 4881 4974 4924
f 4974 4894 4971
f 4924 4971 4868
f 4974 4971 4924
f 4893 4976 4969
f 4976 4894 4974
f 4969 4974 4881
f 4976 4974 4969
f 4865 4909 5004
f 4909 4877 5006
f 5004 5006 4901
f 4909 5006 5004
f 4877 4910 5010
f 4910 4867 5008
f 5010 5008 4902
f 4910 5008 5010
f 4901 5012 5005
f 5012 4902 5009
f 5005 5009 4874
f 5012 5009 5005
f 4877 5010 5006
f 5010 4902 5012
f 5006 5012 4901
f 5010 5012 5006
f 4869 4926 4989
f 4926 4882 4991
f 4989 4991 4898
f 4926 4991 4989
f 4882 4925 4988
f 4925 4865 4986
f 4988 4986 4897
f 4925 4986 4988
f 4898 4993 4990
f 4993 4897 4987
f 4990 4987 4873
f 4993 4987 4990
f 4882 4988 4991
f 4988 4897 4993
f 4991 4993 4898
f 4988 4993 4991
f 4871 4948 4953
f 4948 4889 4957
f 4953 4957 4890
f 4948 4957 4953
f 4889 4947 4950
f 4947 4869 4939
f 4950 4939 4886
f 4947 4939 4950
f 4890 4955 4952
f 4955 4886 4940
f 4952 4940 4870
f 4955 4940 4952
f 4889 4950 4957
f 4950 4886 4955
f 4957 4955 4890
f 4950 4955 4957
f 4872 4978 4959
f 4978 4895 4981
f 4959 4981 4891
f 4978 4981 4959
f 4895 4977 4979
f 4977 4871 4942
f 4979 4942 4887
f 4977 4942 4979
f 4891 4961 4958
f 4961 4887 4941
f 4958 4941 4864
f 4961 4941 4958
f 4895 4979 4981
f 4979 4887 4961
f 4981 4961 4891
f 4979 4961 4981
f 5025 5162 5078
f 5162 5062 5164
f 5078 5164 5041
f 5162 5164 5078
f 5062 5163 5179
f 5163 5036 5176
f 5179 5176 5065
f 5163 5176 5179
f 5041 5177 5079
f 5177 5065 5175
f 5079 5175 5030
f 5177 5175 5079
f 5062 5179 5164
f 5179 5065 5177
f 5164 5177 5041
f 5179 5177 5164
f 5025 5078 5067
f 5078 5041 5080
f 5067 5080 5037
f 5078 5080 5067
f 5041 5079 5084
f 5079 5030 5082
f 5084 5082 5042
f 5079 5082 5084
f 5037 5083 5068
f 5083 5042 5081
f 5068 5081 5026
f 5083 5081 5068
f 5041 5084 5080
f 5084 5042 5083
f 5080 5083 5037
f 5084 5083 5080
f 5025 5067 5094
f 5067 5037 5096
f 5094 5096 5046
f 5067 5096 5094
f 5037 5068 5099
f 5068 5026 5097
f 5099 5097 5047
f 5068 5097 5099
f 5046 5100 5095
f 5100 5047 5098
f 5095 5098 5032
f 5100 5098 5095
f 5037 5099 5096
f 5099 5047 5100
f 5096 5100 5046
f 5099 5100 5096
f 5025 5094 5145
f 5094 5046 5147
f 5145 5147 5058
f 5094 5147 5145
f 5046 5095 5158
f 5095 5032 5156
f 5158 5156 5061
f 5095 5156 5158
f 5058 5160 5146
f 5160 5061 5157
f 5146 5157 5035
f 5160 5157 5146
f 5046 5158 5147
f 5158 5061 5160
f 5147 5160 5058
f 5158 5160 5147
f 5025 5145 5162
f 5145 5058 5165
f 5162 5165 5062
f 5145 5165 5162
f 5058 5146 5183
f 5146 5035 5181
f 5183 5181 5066
f 5146 5181 5183
f 5062 5185 5163
f 5185 5066 5182
f 5163 5182 5036
f 5185 5182 5163
f 5058 5183 5165
f 5183 5066 5185
f 5165 5185 5062
f 5183 5185 5165
f 5026 5081 5120
f 5081 5042 5122
f 5120 5122 5053
f 5081 5122 5120
f 5042 5082 5135
f 5082 5030 5133
f 5135 5133 5056
f 5082 5133 5135
f 5053 5137 5121
f 5137 5056 5134
f 5121 5134 5034
f 5137 5134 5121
f 5042 5135 5122
f 5135 5056 5137
f 5122 5137 5053
f 5135 5137 5122
f 5030 5175 5086
f 5175 5065 5178
f 5086 5178 5043
f 5175 5178 5086
f 5065 5176 5180
f 5176 5036 5171
f 5180 5171 5064
f 5176 5171 5180
f 5043 5173 5085
f 5173 5064 5170
f 5085 5170 5029
f 5173 5170 5085
f 5065 5180 5178
f 5180 5064 5173
f 5178 5173 5043
f 5180 5173 5178
f 5036 5182 5167
f 5182 5066 5186
f 5167 5186 5063
f 5182 5186 5167
f 5066 5181 5184
f 5181 5035 5149
f 5184 5149 5059
f 5181 5149 5184
f 5063 5169 5166
f 5169 5059 5148
f 5166 5148 5027
f 5169 5148 5166
f 5066 5184 5186
f 5184 5059 5169
f 5186 5169 5063
f 5184 5169 5186
f 5035 5157 5152
f 5157 5061 5161
f 5152 5161 5060
f 5157 5161 5152
f 5061 5156 5159
f 5156 5032 5102
f 5159 5102 5048
f 5156 5102 5159
f 5060 5154 5151
f 5154 5048 5101
f 5151 5101 5031
f 5154 5101 5151
f 5061 5159 5161
f 5159 5048 5154
f 5161 5154 5060
f 5159 5154 5161
f 5032 5098 5114
f 5098 5047 5116
f 5114 5116 5052
f 5098 5116 5114
f 5047 5097 5105
f 5097 5026 5103
f 5105 5103 5049
f 5097 5103 5105
f 5052 5118 5115
f 5118 5049 5104
f 5115 5104 5033
f 5118 5104 5115
f 5047 5105 5116
f 5105 5049 5118
f 5116 5118 5052
f 5105 5118 5116
f 5028 5124 5074
f 5124 5054 5126
f 5074 5126 5040
f 5124 5126 5074
f 5054 5125 5132
f 5125 5034 5129
f 5132 5129 5055
f 5125 5129 5132
f 5040 5130 5075
f 5130 5055 5128
f 5075 5128 5029
f 5130 5128 5075
f 5054 5132 5126
f 5132 5055 5130
f 5126 5130 5040
f 5132 5130 5126
f 5028 5074 5070
f 5074 5040 5076
f 5070 5076 5038
f 5074 5076 5070
f 5040 5075 5077
f 5075 5029 5072
f 5077 5072 5039
f 5075 5072 5077
f 5038 5073 5069
f 5073 5039 5071
f 5069 5071 5027
f 5073 5071 5069
f 5040 5077 5076
f 5077 5039 5073
f 5076 5073 5038
f 5077 5073 5076
f 5028 5070 5090
f 5070 5038 5092
f 5090 5092 5045
f 5070 5092 5090
f 5038 5069 5089
f 5069 5027 5087
f 5089 5087 5044
f 5069 5087 5089
f 5045 5093 5091
f 5093 5044 5088
f 5091 5088 5031
f 5093 5088 5091
f 5038 5089 5092
f 5089 5044 5093
f 5092 5093 5045
f 5089 5093 5092
f 5028 5090 5106
f 5090 5045 5108
f 5106 5108 5050
f 5090 5108 5106
f 5045 5091 5111
f 5091 5031 5109
f 5111 5109 5051
f 5091 5109 5111
f 5050 5113 5107
f 5113 5051 5110
f 5107 5110 5033
f 5113 5110 5107
f 5045 5111 5108
f 5111 5051 5113
f 5108 5113 5050
f 5111 5113 5108
f 5028 5106 5124
f 5106 5050 5127
f 5124 5127 5054
f 5106 5127 5124
f 5050 5107 5142
f 5107 5033 5139
f 5142 5139 5057
f 5107 5139 5142
f 5054 5144 5125
f 5144 5057 5140
f 5125 5140 5034
f 5144 5140 5125
f 5050 5142 5127
f 5142 5057 5144
f 5127 5144 5054
f 5142 5144 5127
f 5029 5128 5085
f 5128 5055 5131
f 5085 5131 5043
f 5128 5131 5085
f 5055 5129 5138
f 5129 5034 5134
f 5138 5134 5056
f 5129 5134 5138
f 5043 5136 5086
f 5136 5056 5133
f 5086 5133 5030
f 5136 5133 5086
f 5055 5138 5131
f 5138 5056 5136
f 5131 5136 5043
f 5138 5136 5131
f 5027 5071 5166
f 5071 5039 5168
f 5166 5168 5063
f 5071 5168 5166
f 5039 5072 5172
f 5072 5029 5170
f 5172 5170 5064
f 5072 5170 5172
f 5063 5174 5167
f 5174 5064 5171
f 5167 5171 5036
f 5174 5171 5167
f 5039 5172 5168
f 5172 5064 5174
f 5168 5174 5063
f 5172 5174 5168
f 5031 5088 5151
f 5088 5044 5153
f 5151 5153 5060
f 5088 5153 5151
f 5044 5087 5150
f 5087 5027 5148
f 5150 5148 5059
f 5087 5148 5150
f 5060 5155 5152
f 5155 5059 5149
f 5152 5149 5035
f 5155 5149 5152
f 5044 5150 5153
f 5150 5059 5155
f 5153 5155 5060
f 5150 5155 5153
f 5033 5110 5115
f 5110 5051 5119
f 5115 5119 5052
f 5110 5119 5115
f 5051 5109 5112
f 5109 5031 5101
f 5112 5101 5048
f 5109 5101 5112
f 5052 5117 5114
f 5117 5048 5102
f 5114 5102 5032
f 5117 5102 5114
f 5051 5112 5119
f 5112 5048 5117
f 5119 5117 5052
f 5112 5117 5119
f 5034 5140 5121
f 5140 5057 5143
f 5121 5143 5053
f 5140 5143 5121
f 5057 5139 5141
f 5139 5033 5104
f 5141 5104 5049
f 5139 5104 5141
f 5053 5123 5120
f 5123 5049 5103
f 5120 5103 5026
f 5123 5103 5120
f 5057 5141 5143
f 5141 5049 5123
f 5143 5123 5053
f 5141 5123 5143

